   3.732513e-04   2.053700e+04   0.000000e+00   0.000000e+00  -6.048883e-06  -1.161313e-05  -1.636218e-05  -2.022442e-05  -2.340939e-05  -2.634187e-05  -2.952683e-05  -3.338906e-05  -3.813811e-05  -4.370236e-05  -4.975124e-05   0.000000e+00   1.046038e-04   2.007314e-04   2.805944e-04   3.377243e-04   3.674945e-04   3.674944e-04   3.377243e-04   2.805944e-04   2.007314e-04   1.046038e-04   0.000000e+00
   7.508845e-04   4.080200e+04   1.000000e+00   0.000000e+00  -1.213437e-05  -2.328784e-05  -3.279138e-05  -4.050000e-05  -4.683784e-05  -5.266466e-05  -5.900249e-05  -6.671111e-05  -7.621465e-05  -8.736812e-05  -9.950249e-05   0.000000e+00   2.104345e-04   4.038170e-04   5.644801e-04   6.794102e-04   7.393001e-04   7.393000e-04   6.794103e-04   5.644801e-04   4.038170e-04   2.104345e-04   0.000000e+00
   1.132822e-03   6.079100e+04   2.000000e+00   0.000000e+00  -1.825678e-05  -3.502468e-05  -4.928817e-05  -6.082719e-05  -7.028554e-05  -7.896822e-05  -8.842654e-05  -9.996556e-05  -1.142291e-04  -1.309969e-04  -1.492537e-04   0.000000e+00   3.174700e-04   6.092150e-04   8.515985e-04   1.024987e-03   1.115340e-03   1.115340e-03   1.024987e-03   8.515985e-04   6.092150e-04   3.174700e-04   0.000000e+00
   1.518980e-03   8.050200e+04   3.000000e+00   0.000000e+00  -2.441642e-05  -4.682415e-05  -6.585312e-05  -8.120642e-05  -9.375264e-05  -1.052524e-04  -1.177986e-04  -1.331519e-04  -1.521808e-04  -1.745886e-04  -1.990050e-04   0.000000e+00   4.256871e-04   8.168806e-04   1.141887e-03   1.374380e-03   1.495533e-03   1.495532e-03   1.374380e-03   1.141887e-03   8.168806e-04   4.256871e-04   0.000000e+00
   1.909270e-03   9.993300e+04   4.000000e+00   0.000000e+00  -3.061355e-05  -5.868669e-05  -8.248669e-05  -1.016380e-04  -1.172393e-04  -1.315170e-04  -1.471182e-04  -1.662695e-04  -1.900695e-04  -2.181427e-04  -2.487562e-04   0.000000e+00   5.350607e-04   1.026766e-03   1.435278e-03   1.727508e-03   1.879789e-03   1.879789e-03   1.727508e-03   1.435278e-03   1.026766e-03   5.350607e-04   0.000000e+00
   2.303597e-03   1.190800e+05   5.000000e+00   0.000000e+00  -3.684838e-05  -7.061267e-05  -9.918928e-05  -1.221224e-04  -1.407455e-04  -1.577620e-04  -1.763851e-04  -1.993182e-04  -2.278948e-04  -2.616591e-04  -2.985075e-04   0.000000e+00   6.455640e-04   1.238819e-03   1.731700e-03   2.084285e-03   2.268016e-03   2.268016e-03   2.084285e-03   1.731700e-03   1.238819e-03   6.455640e-04   0.000000e+00
   2.701860e-03   1.379500e+05   6.000000e+00   0.000000e+00  -4.312111e-05  -8.260240e-05  -1.159613e-04  -1.426597e-04  -1.642716e-04  -1.839872e-04  -2.055990e-04  -2.322975e-04  -2.656563e-04  -3.051376e-04  -3.482587e-04   0.000000e+00   7.571690e-04   1.452986e-03   2.031079e-03   2.444619e-03   2.660116e-03   2.660115e-03   2.444619e-03   2.031079e-03   1.452986e-03   7.571690e-04   0.000000e+00
   3.103954e-03   1.565300e+05   7.000000e+00   0.000000e+00  -4.943188e-05  -9.465614e-05  -1.328029e-04  -1.632501e-04  -1.878174e-04  -2.101926e-04  -2.347598e-04  -2.652071e-04  -3.033538e-04  -3.485781e-04  -3.980100e-04   0.000000e+00   8.698462e-04   1.669211e-03   2.333333e-03   2.808416e-03   3.055983e-03   3.055983e-03   2.808416e-03   2.333333e-03   1.669211e-03   8.698462e-04   0.000000e+00
   3.509769e-03   1.748300e+05   8.000000e+00   0.000000e+00  -5.578080e-05  -1.067741e-04  -1.497143e-04  -1.838939e-04  -2.113831e-04  -2.363781e-04  -2.638673e-04  -2.980469e-04  -3.409871e-04  -3.919804e-04  -4.477612e-04   0.000000e+00   9.835644e-04   1.887434e-03   2.638381e-03   3.175576e-03   3.455510e-03   3.455509e-03   3.175576e-03   2.638381e-03   1.887434e-03   9.835644e-04   0.000000e+00
   3.919191e-03   1.928400e+05   9.000000e+00   0.000000e+00  -6.216795e-05  -1.189563e-04  -1.666958e-04  -2.045912e-04  -2.349688e-04  -2.625438e-04  -2.929213e-04  -3.308167e-04  -3.785561e-04  -4.353445e-04  -4.975124e-04   0.000000e+00   1.098292e-03   2.107594e-03   2.946137e-03   3.545995e-03   3.858583e-03   3.858582e-03   3.545995e-03   2.946137e-03   2.107594e-03   1.098292e-03   0.000000e+00
   4.332100e-03   2.105600e+05   1.000000e+01   0.000000e+00  -6.859335e-05  -1.312029e-04  -1.837473e-04  -2.253419e-04  -2.585744e-04  -2.886894e-04  -3.219218e-04  -3.635164e-04  -4.160608e-04  -4.786703e-04  -5.472637e-04   0.000000e+00   1.213994e-03   2.329626e-03   3.256510e-03   3.919565e-03   4.265085e-03   4.265084e-03   3.919565e-03   3.256510e-03   2.329626e-03   1.213994e-03   0.000000e+00
   4.748374e-03   2.279900e+05   1.100000e+01   0.000000e+00  -7.505702e-05  -1.435139e-04  -2.008688e-04  -2.461461e-04  -2.821999e-04  -3.148152e-04  -3.508689e-04  -3.961461e-04  -4.535010e-04  -5.219579e-04  -5.970149e-04   0.000000e+00   1.330638e-03   2.553464e-03   3.569409e-03   4.296175e-03   4.674896e-03   4.674895e-03   4.296175e-03   3.569409e-03   2.553464e-03   1.330639e-03   0.000000e+00
   5.167887e-03   2.451400e+05   1.200000e+01   0.000000e+00  -8.155889e-05  -1.558892e-04  -2.180603e-04  -2.670037e-04  -3.058453e-04  -3.409210e-04  -3.797625e-04  -4.287059e-04  -4.908770e-04  -5.652073e-04  -6.467662e-04   0.000000e+00   1.448189e-03   2.779041e-03   3.884739e-03   4.675712e-03   5.087892e-03   5.087891e-03   4.675712e-03   3.884739e-03   2.779041e-03   1.448189e-03   0.000000e+00
   5.590512e-03   2.620100e+05   1.300000e+01   0.000000e+00  -8.809890e-05  -1.683286e-04  -2.353216e-04  -2.879146e-04  -3.295106e-04  -3.670070e-04  -4.086028e-04  -4.611959e-04  -5.281888e-04  -6.084185e-04  -6.965174e-04   0.000000e+00   1.566609e-03   3.006288e-03   4.202403e-03   5.058059e-03   5.503946e-03   5.503945e-03   5.058059e-03   4.202403e-03   3.006288e-03   1.566609e-03   0.000000e+00
   6.016115e-03   2.785800e+05   1.400000e+01   0.000000e+00  -9.467692e-05  -1.808320e-04  -2.526524e-04  -3.088786e-04  -3.531957e-04  -3.930731e-04  -4.373901e-04  -4.936162e-04  -5.654367e-04  -6.515917e-04  -7.462687e-04   0.000000e+00   1.685861e-03   3.235134e-03   4.522302e-03   5.443097e-03   5.922929e-03   5.922928e-03   5.443097e-03   4.522302e-03   3.235134e-03   1.685862e-03   0.000000e+00
   6.444565e-03   2.948800e+05   1.500000e+01   0.000000e+00  -1.012928e-04  -1.933990e-04  -2.700526e-04  -3.298956e-04  -3.769005e-04  -4.191195e-04  -4.661243e-04  -5.259673e-04  -6.026209e-04  -6.947271e-04  -7.960199e-04   0.000000e+00   1.805910e-03   3.465506e-03   4.844337e-03   5.830705e-03   6.344709e-03   6.344708e-03   5.830705e-03   4.844337e-03   3.465506e-03   1.805910e-03   0.000000e+00
   6.875726e-03   3.108900e+05   1.600000e+01   0.000000e+00  -1.079464e-04  -2.060295e-04  -2.875218e-04  -3.509652e-04  -4.006250e-04  -4.451463e-04  -4.948060e-04  -5.582493e-04  -6.397416e-04  -7.378248e-04  -8.457711e-04   0.000000e+00   1.926716e-03   3.697333e-03   5.168405e-03   6.220761e-03   6.769153e-03   6.769152e-03   6.220761e-03   5.168405e-03   3.697333e-03   1.926716e-03   0.000000e+00
   7.309462e-03   3.266200e+05   1.700000e+01   0.000000e+00  -1.146374e-04  -2.187230e-04  -3.050595e-04  -3.720871e-04  -4.243689e-04  -4.711536e-04  -5.234352e-04  -5.904629e-04  -6.767994e-04  -7.808850e-04  -8.955224e-04   0.000000e+00   2.048242e-03   3.930541e-03   5.494404e-03   6.613143e-03   7.196127e-03   7.196126e-03   6.613143e-03   5.494404e-03   3.930541e-03   2.048242e-03   0.000000e+00
   7.745636e-03   3.420600e+05   1.800000e+01   0.000000e+00  -1.213656e-04  -2.314790e-04  -3.226654e-04  -3.932611e-04  -4.481323e-04  -4.971415e-04  -5.520125e-04  -6.226083e-04  -7.137946e-04  -8.239081e-04  -9.452736e-04   0.000000e+00   2.170449e-03   4.165057e-03   5.822232e-03   7.007725e-03   7.625497e-03   7.625496e-03   7.007725e-03   5.822232e-03   4.165057e-03   2.170449e-03   0.000000e+00
   8.184111e-03   3.572400e+05   1.900000e+01   0.000000e+00  -1.281307e-04  -2.442972e-04  -3.403387e-04  -4.144866e-04  -4.719149e-04  -5.231101e-04  -5.805382e-04  -6.546861e-04  -7.507277e-04  -8.668942e-04  -9.950249e-04   0.000000e+00   2.293299e-03   4.400805e-03   6.151783e-03   7.404383e-03   8.057126e-03   8.057125e-03   7.404383e-03   6.151784e-03   4.400805e-03   2.293299e-03   0.000000e+00
   8.624748e-03   3.721300e+05   2.000000e+01   0.000000e+00  -1.349324e-04  -2.571769e-04  -3.580791e-04  -4.357633e-04  -4.957166e-04  -5.490597e-04  -6.090128e-04  -6.866970e-04  -7.875993e-04  -9.098438e-04  -1.044776e-03   0.000000e+00   2.416752e-03   4.637713e-03   6.482956e-03   7.802993e-03   8.490879e-03   8.490878e-03   7.802993e-03   6.482956e-03   4.637713e-03   2.416752e-03   0.000000e+00
   9.067411e-03   3.867500e+05   2.100000e+01   0.000000e+00  -1.417703e-04  -2.701176e-04  -3.758859e-04  -4.570907e-04  -5.195371e-04  -5.749904e-04  -6.374366e-04  -7.186415e-04  -8.244098e-04  -9.527571e-04  -1.094527e-03   0.000000e+00   2.540771e-03   4.875707e-03   6.815647e-03   8.203431e-03   8.926622e-03   8.926621e-03   8.203431e-03   6.815647e-03   4.875707e-03   2.540771e-03   0.000000e+00
   9.511964e-03   4.011000e+05   2.200000e+01   0.000000e+00  -1.486441e-04  -2.831186e-04  -3.937583e-04  -4.784682e-04  -5.433763e-04  -6.009025e-04  -6.658104e-04  -7.505203e-04  -8.611600e-04  -9.956345e-04  -1.144279e-03   0.000000e+00   2.665317e-03   5.114712e-03   7.149753e-03   8.605572e-03   9.364218e-03   9.364217e-03   8.605572e-03   7.149753e-03   5.114712e-03   2.665317e-03   0.000000e+00
   9.958270e-03   4.151900e+05   2.300000e+01   0.000000e+00  -1.555534e-04  -2.961794e-04  -4.116957e-04  -4.998953e-04  -5.672341e-04  -6.267960e-04  -6.941345e-04  -7.823342e-04  -8.978505e-04  -1.038476e-03  -1.194030e-03   0.000000e+00   2.790353e-03   5.354656e-03   7.485171e-03   9.009294e-03   9.803536e-03   9.803535e-03   9.009294e-03   7.485171e-03   5.354656e-03   2.790353e-03   0.000000e+00
   1.040620e-02   4.290100e+05   2.400000e+01   0.000000e+00  -1.624978e-04  -3.092991e-04  -4.296972e-04  -5.213715e-04  -5.911101e-04  -6.526712e-04  -7.224096e-04  -8.140839e-04  -9.344820e-04  -1.081283e-03  -1.243781e-03   0.000000e+00   2.915839e-03   5.595467e-03   7.821802e-03   9.414476e-03   1.024444e-02   1.024444e-02   9.414476e-03   7.821802e-03   5.595467e-03   2.915839e-03   0.000000e+00
   1.085561e-02   4.425600e+05   2.500000e+01   0.000000e+00  -1.694767e-04  -3.224771e-04  -4.477622e-04  -5.428960e-04  -6.150041e-04  -6.785284e-04  -7.506364e-04  -8.457702e-04  -9.710553e-04  -1.124056e-03  -1.293532e-03   0.000000e+00   3.041740e-03   5.837073e-03   8.159546e-03   9.820998e-03   1.068681e-02   1.068681e-02   9.820998e-03   8.159546e-03   5.837073e-03   3.041740e-03   0.000000e+00
   1.130638e-02   4.558600e+05   2.600000e+01   0.000000e+00  -1.764899e-04  -3.357125e-04  -4.658897e-04  -5.644682e-04  -6.389159e-04  -7.043679e-04  -7.788154e-04  -8.773939e-04  -1.007571e-03  -1.166794e-03  -1.343284e-03   0.000000e+00   3.168019e-03   6.079405e-03   8.498304e-03   1.022874e-02   1.113050e-02   1.113050e-02   1.022874e-02   8.498304e-03   6.079405e-03   3.168019e-03   0.000000e+00
   1.175838e-02   4.689100e+05   2.700000e+01   0.000000e+00  -1.835367e-04  -3.490046e-04  -4.840788e-04  -5.860876e-04  -6.628453e-04  -7.301897e-04  -8.069473e-04  -9.089560e-04  -1.044030e-03  -1.209498e-03  -1.393035e-03   0.000000e+00   3.294640e-03   6.322393e-03   8.837980e-03   1.063759e-02   1.157540e-02   1.157540e-02   1.063759e-02   8.837980e-03   6.322393e-03   3.294640e-03   0.000000e+00
   1.221148e-02   4.817000e+05   2.800000e+01   0.000000e+00  -1.906167e-04  -3.623525e-04  -5.023287e-04  -6.077533e-04  -6.867920e-04  -7.559943e-04  -8.350328e-04  -9.404574e-04  -1.080434e-03  -1.252169e-03  -1.442786e-03   0.000000e+00   3.421567e-03   6.565970e-03   9.178480e-03   1.104743e-02   1.202138e-02   1.202138e-02   1.104743e-02   9.178480e-03   6.565970e-03   3.421567e-03   0.000000e+00
   1.266556e-02   4.942500e+05   2.900000e+01   0.000000e+00  -1.977293e-04  -3.757555e-04  -5.206384e-04  -6.294647e-04  -7.107557e-04  -7.817818e-04  -8.630726e-04  -9.718989e-04  -1.116782e-03  -1.294808e-03  -1.492537e-03   0.000000e+00   3.548766e-03   6.810068e-03   9.519711e-03   1.145815e-02   1.246832e-02   1.246831e-02   1.145815e-02   9.519711e-03   6.810068e-03   3.548766e-03   0.000000e+00
   1.312050e-02   5.065500e+05   3.000000e+01   0.000000e+00  -2.048741e-04  -3.892125e-04  -5.390070e-04  -6.512211e-04  -7.347362e-04  -8.075526e-04  -8.910675e-04  -1.003282e-03  -1.153076e-03  -1.337414e-03  -1.542289e-03   0.000000e+00   3.676204e-03   7.054625e-03   9.861581e-03   1.186965e-02   1.291609e-02   1.291609e-02   1.186965e-02   9.861581e-03   7.054625e-03   3.676204e-03   0.000000e+00
   1.357618e-02   5.186100e+05   3.100000e+01   0.000000e+00  -2.120506e-04  -4.027227e-04  -5.574335e-04  -6.730216e-04  -7.587332e-04  -8.333069e-04  -9.190182e-04  -1.034606e-03  -1.189317e-03  -1.379989e-03  -1.592040e-03   0.000000e+00   3.803847e-03   7.299576e-03   1.020400e-02   1.228181e-02   1.336459e-02   1.336459e-02   1.228181e-02   1.020400e-02   7.299576e-03   3.803847e-03   0.000000e+00
   1.403249e-02   5.304400e+05   3.200000e+01   0.000000e+00  -2.192581e-04  -4.162852e-04  -5.759169e-04  -6.948656e-04  -7.827463e-04  -8.590450e-04  -9.469254e-04  -1.065874e-03  -1.225506e-03  -1.422533e-03  -1.641791e-03   0.000000e+00   3.931663e-03   7.544860e-03   1.054689e-02   1.269453e-02   1.381371e-02   1.381370e-02   1.269453e-02   1.054689e-02   7.544860e-03   3.931663e-03   0.000000e+00
   1.448931e-02   5.420300e+05   3.300000e+01   0.000000e+00  -2.264961e-04  -4.298991e-04  -5.944562e-04  -7.167523e-04  -8.067754e-04  -8.847672e-04  -9.747899e-04  -1.097086e-03  -1.261643e-03  -1.465046e-03  -1.691542e-03   0.000000e+00   4.059621e-03   7.790418e-03   1.089017e-02   1.310771e-02   1.426332e-02   1.426332e-02   1.310771e-02   1.089017e-02   7.790418e-03   4.059621e-03   0.000000e+00
   1.494655e-02   5.534000e+05   3.400000e+01   0.000000e+00  -2.337642e-04  -4.435634e-04  -6.130504e-04  -7.386810e-04  -8.308200e-04  -9.104738e-04  -1.002613e-03  -1.128243e-03  -1.297730e-03  -1.507529e-03  -1.741294e-03   0.000000e+00   4.187692e-03   8.036191e-03   1.123374e-02   1.352126e-02   1.471333e-02   1.471333e-02   1.352126e-02   1.123374e-02   8.036191e-03   4.187692e-03   0.000000e+00
   1.540409e-02   5.645500e+05   3.500000e+01   0.000000e+00  -2.410616e-04  -4.572772e-04  -6.316984e-04  -7.606507e-04  -8.548801e-04  -9.361650e-04  -1.030394e-03  -1.159346e-03  -1.333768e-03  -1.549983e-03  -1.791045e-03   0.000000e+00   4.315846e-03   8.282125e-03   1.157754e-02   1.393507e-02   1.516364e-02   1.516364e-02   1.393507e-02   1.157754e-02   8.282125e-03   4.315846e-03   0.000000e+00
   1.586184e-02   5.754700e+05   3.600000e+01   0.000000e+00  -2.483879e-04  -4.710396e-04  -6.503993e-04  -7.826608e-04  -8.789551e-04  -9.618412e-04  -1.058135e-03  -1.190397e-03  -1.369756e-03  -1.592408e-03  -1.840796e-03   0.000000e+00   4.444055e-03   8.528164e-03   1.192149e-02   1.434907e-02   1.561415e-02   1.561415e-02   1.434907e-02   1.192149e-02   8.528164e-03   4.444055e-03   0.000000e+00
   1.631970e-02   5.861800e+05   3.700000e+01   0.000000e+00  -2.557425e-04  -4.848496e-04  -6.691520e-04  -8.047104e-04  -9.030449e-04  -9.875026e-04  -1.085837e-03  -1.221395e-03  -1.405698e-03  -1.634805e-03  -1.890547e-03   0.000000e+00   4.572292e-03   8.774257e-03   1.226551e-02   1.476316e-02   1.606475e-02   1.606475e-02   1.476316e-02   1.226551e-02   8.774257e-03   4.572292e-03   0.000000e+00
   1.677757e-02   5.966800e+05   3.800000e+01   0.000000e+00  -2.631248e-04  -4.987062e-04  -6.879554e-04  -8.267988e-04  -9.271492e-04  -1.013150e-03  -1.113500e-03  -1.252343e-03  -1.441592e-03  -1.677174e-03  -1.940299e-03   0.000000e+00   4.700531e-03   9.020354e-03   1.260954e-02   1.517726e-02   1.651537e-02   1.651536e-02   1.517726e-02   1.260954e-02   9.020354e-03   4.700531e-03   0.000000e+00
   1.723537e-02   6.069700e+05   3.900000e+01   0.000000e+00  -2.705343e-04  -5.126085e-04  -7.068086e-04  -8.489252e-04  -9.512676e-04  -1.038782e-03  -1.141125e-03  -1.283241e-03  -1.477441e-03  -1.719515e-03  -1.990050e-03   0.000000e+00   4.828746e-03   9.266406e-03   1.295351e-02   1.559128e-02   1.696590e-02   1.696590e-02   1.559128e-02   1.295351e-02   9.266406e-03   4.828746e-03   0.000000e+00
   1.769301e-02   6.170600e+05   4.000000e+01   0.000000e+00  -2.779703e-04  -5.265555e-04  -7.257104e-04  -8.710887e-04  -9.753998e-04  -1.064401e-03  -1.168712e-03  -1.314091e-03  -1.513245e-03  -1.761831e-03  -2.039801e-03   0.000000e+00   4.956914e-03   9.512368e-03   1.329735e-02   1.600515e-02   1.741627e-02   1.741627e-02   1.600515e-02   1.329735e-02   9.512368e-03   4.956914e-03   0.000000e+00
   1.815041e-02   6.269600e+05   4.100000e+01   0.000000e+00  -2.854324e-04  -5.405464e-04  -7.446600e-04  -8.932887e-04  -9.995457e-04  -1.090007e-03  -1.196264e-03  -1.344892e-03  -1.549006e-03  -1.804120e-03  -2.089552e-03   0.000000e+00   5.085011e-03   9.758194e-03   1.364100e-02   1.641880e-02   1.786640e-02   1.786640e-02   1.641880e-02   1.364100e-02   9.758194e-03   5.085011e-03   0.000000e+00
   1.860748e-02   6.366500e+05   4.200000e+01   0.000000e+00  -2.929200e-04  -5.545801e-04  -7.636562e-04  -9.155242e-04  -1.023705e-03  -1.115599e-03  -1.223779e-03  -1.375647e-03  -1.584723e-03  -1.846384e-03  -2.139303e-03   0.000000e+00   5.213015e-03   1.000384e-02   1.398441e-02   1.683215e-02   1.831620e-02   1.831620e-02   1.683215e-02   1.398441e-02   1.000384e-02   5.213015e-03   0.000000e+00
   1.906416e-02   6.461600e+05   4.300000e+01   0.000000e+00  -3.004325e-04  -5.686558e-04  -7.826980e-04  -9.377946e-04  -1.047877e-03  -1.141178e-03  -1.251260e-03  -1.406357e-03  -1.620399e-03  -1.888622e-03  -2.189055e-03   0.000000e+00   5.340906e-03   1.024927e-02   1.432751e-02   1.724514e-02   1.876561e-02   1.876561e-02   1.724514e-02   1.432751e-02   1.024927e-02   5.340906e-03   0.000000e+00
   1.952037e-02   6.554800e+05   4.400000e+01   0.000000e+00  -3.079693e-04  -5.827724e-04  -8.017844e-04  -9.600991e-04  -1.072062e-03  -1.166745e-03  -1.278707e-03  -1.437022e-03  -1.656034e-03  -1.930837e-03  -2.238806e-03   0.000000e+00   5.468662e-03   1.049445e-02   1.467026e-02   1.765769e-02   1.921455e-02   1.921455e-02   1.765769e-02   1.467026e-02   1.049445e-02   5.468662e-03   0.000000e+00
   1.997605e-02   6.646200e+05   4.500000e+01   0.000000e+00  -3.155300e-04  -5.969292e-04  -8.209145e-04  -9.824370e-04  -1.096259e-03  -1.192299e-03  -1.306120e-03  -1.467643e-03  -1.691628e-03  -1.973027e-03  -2.288557e-03   0.000000e+00   5.596266e-03   1.073933e-02   1.501259e-02   1.806976e-02   1.966295e-02   1.966295e-02   1.806976e-02   1.501259e-02   1.073933e-02   5.596266e-03   0.000000e+00
   2.043112e-02   6.735800e+05   4.600000e+01   0.000000e+00  -3.231140e-04  -6.111252e-04  -8.400873e-04  -1.004807e-03  -1.120468e-03  -1.217840e-03  -1.333501e-03  -1.498221e-03  -1.727183e-03  -2.015194e-03  -2.338308e-03   0.000000e+00   5.723698e-03   1.098388e-02   1.535447e-02   1.848127e-02   2.011076e-02   2.011076e-02   1.848127e-02   1.535447e-02   1.098388e-02   5.723698e-03   0.000000e+00
   2.088553e-02   6.823700e+05   4.700000e+01   0.000000e+00  -3.307208e-04  -6.253594e-04  -8.593017e-04  -1.027210e-03  -1.144690e-03  -1.243370e-03  -1.360850e-03  -1.528758e-03  -1.762700e-03  -2.057339e-03  -2.388060e-03   0.000000e+00   5.850942e-03   1.122807e-02   1.569584e-02   1.889218e-02   2.055791e-02   2.055790e-02   1.889218e-02   1.569584e-02   1.122807e-02   5.850942e-03   0.000000e+00
   2.133922e-02   6.909800e+05   4.800000e+01   0.000000e+00  -3.383497e-04  -6.396311e-04  -8.785568e-04  -1.049643e-03  -1.168922e-03  -1.268889e-03  -1.388168e-03  -1.559254e-03  -1.798180e-03  -2.099461e-03  -2.437811e-03   0.000000e+00   5.977981e-03   1.147187e-02   1.603666e-02   1.930242e-02   2.100434e-02   2.100433e-02   1.930242e-02   1.603666e-02   1.147187e-02   5.977981e-03   0.000000e+00
   2.179213e-02   6.994300e+05   4.900000e+01   0.000000e+00  -3.460004e-04  -6.539394e-04  -8.978518e-04  -1.072107e-03  -1.193167e-03  -1.294396e-03  -1.415456e-03  -1.589710e-03  -1.833623e-03  -2.141562e-03  -2.487562e-03   0.000000e+00   6.104799e-03   1.171525e-02   1.637690e-02   1.971196e-02   2.144999e-02   2.144999e-02   1.971196e-02   1.637690e-02   1.171525e-02   6.104799e-03   0.000000e+00
   2.224421e-02   7.077200e+05   5.000000e+01   0.000000e+00  -3.536724e-04  -6.682833e-04  -9.171856e-04  -1.094600e-03  -1.217422e-03  -1.319892e-03  -1.442713e-03  -1.620128e-03  -1.869030e-03  -2.183641e-03  -2.537313e-03   0.000000e+00   6.231381e-03   1.195817e-02   1.671650e-02   2.012074e-02   2.189483e-02   2.189483e-02   2.012074e-02   1.671650e-02   1.195817e-02   6.231381e-03   0.000000e+00
   2.269541e-02   7.158500e+05   5.100000e+01   0.000000e+00  -3.613650e-04  -6.826621e-04  -9.365573e-04  -1.117122e-03  -1.241688e-03  -1.345377e-03  -1.469942e-03  -1.650507e-03  -1.904403e-03  -2.225700e-03  -2.587065e-03   0.000000e+00   6.357715e-03   1.220062e-02   1.705544e-02   2.052872e-02   2.233879e-02   2.233879e-02   2.052872e-02   1.705544e-02   1.220062e-02   6.357715e-03   0.000000e+00
   2.314568e-02   7.238300e+05   5.200000e+01   0.000000e+00  -3.690779e-04  -6.970750e-04  -9.559661e-04  -1.139673e-03  -1.265964e-03  -1.370852e-03  -1.497143e-03  -1.680850e-03  -1.939741e-03  -2.267738e-03  -2.636816e-03   0.000000e+00   6.483786e-03   1.244256e-02   1.739367e-02   2.093585e-02   2.278183e-02   2.278183e-02   2.093585e-02   1.739367e-02   1.244256e-02   6.483786e-03   0.000000e+00
   2.359498e-02   7.316500e+05   5.300000e+01   0.000000e+00  -3.768105e-04  -7.115211e-04  -9.754111e-04  -1.162251e-03  -1.290251e-03  -1.396316e-03  -1.524316e-03  -1.711156e-03  -1.975046e-03  -2.309757e-03  -2.686567e-03   0.000000e+00   6.609583e-03   1.268398e-02   1.773117e-02   2.134210e-02   2.322392e-02   2.322391e-02   2.134210e-02   1.773117e-02   1.268398e-02   6.609583e-03   0.000000e+00
   2.404328e-02   7.393200e+05   5.400000e+01   0.000000e+00  -3.845624e-04  -7.259996e-04  -9.948913e-04  -1.184856e-03  -1.314548e-03  -1.421771e-03  -1.551462e-03  -1.741427e-03  -2.010319e-03  -2.351756e-03  -2.736318e-03   0.000000e+00   6.735094e-03   1.292485e-02   1.806790e-02   2.174743e-02   2.366500e-02   2.366499e-02   2.174743e-02   1.806790e-02   1.292485e-02   6.735094e-03   0.000000e+00
   2.449052e-02   7.468500e+05   5.500000e+01   0.000000e+00  -3.923332e-04  -7.405098e-04  -1.014406e-03  -1.207488e-03  -1.338855e-03  -1.447215e-03  -1.578582e-03  -1.771664e-03  -2.045560e-03  -2.393736e-03  -2.786070e-03   0.000000e+00   6.860308e-03   1.316515e-02   1.840384e-02   2.215180e-02   2.410504e-02   2.410503e-02   2.215180e-02   1.840384e-02   1.316515e-02   6.860308e-03   0.000000e+00
   2.493668e-02   7.542400e+05   5.600000e+01   0.000000e+00  -4.001222e-04  -7.550509e-04  -1.033954e-03  -1.230145e-03  -1.363171e-03  -1.472650e-03  -1.605676e-03  -1.801866e-03  -2.080770e-03  -2.435699e-03  -2.835821e-03   0.000000e+00   6.985215e-03   1.340486e-02   1.873896e-02   2.255518e-02   2.454400e-02   2.454400e-02   2.255518e-02   1.873896e-02   1.340486e-02   6.985215e-03   0.000000e+00
   2.538171e-02   7.614900e+05   5.700000e+01   0.000000e+00  -4.079292e-04  -7.696221e-04  -1.053536e-03  -1.252827e-03  -1.387497e-03  -1.498076e-03  -1.632745e-03  -1.832037e-03  -2.115950e-03  -2.477643e-03  -2.885572e-03   0.000000e+00   7.109805e-03   1.364396e-02   1.907322e-02   2.295754e-02   2.498186e-02   2.498185e-02   2.295754e-02   1.907322e-02   1.364396e-02   7.109805e-03   0.000000e+00
   2.582560e-02   7.686100e+05   5.800000e+01   0.000000e+00  -4.157537e-04  -7.842228e-04  -1.073149e-03  -1.275534e-03  -1.411832e-03  -1.523492e-03  -1.659789e-03  -1.862175e-03  -2.151101e-03  -2.519570e-03  -2.935323e-03   0.000000e+00   7.234070e-03   1.388244e-02   1.940662e-02   2.335886e-02   2.541857e-02   2.541857e-02   2.335886e-02   1.940662e-02   1.388244e-02   7.234070e-03   0.000000e+00
   2.626830e-02   7.755900e+05   5.900000e+01   0.000000e+00  -4.235953e-04  -7.988522e-04  -1.092793e-03  -1.298265e-03  -1.436175e-03  -1.548900e-03  -1.686810e-03  -1.892281e-03  -2.186222e-03  -2.561479e-03  -2.985075e-03   0.000000e+00   7.358001e-03   1.412028e-02   1.973912e-02   2.375910e-02   2.585412e-02   2.585411e-02   2.375910e-02   1.973912e-02   1.412028e-02   7.358001e-03   0.000000e+00
   2.670980e-02   7.824500e+05   6.000000e+01   0.000000e+00  -4.314535e-04  -8.135096e-04  -1.112468e-03  -1.321019e-03  -1.460528e-03  -1.574298e-03  -1.713807e-03  -1.922358e-03  -2.221316e-03  -2.603372e-03  -3.034826e-03   0.000000e+00   7.481591e-03   1.435746e-02   2.007071e-02   2.415824e-02   2.628847e-02   2.628846e-02   2.415824e-02   2.007071e-02   1.435746e-02   7.481591e-03   0.000000e+00
   2.715006e-02   7.891800e+05   6.100000e+01   0.000000e+00  -4.393279e-04  -8.281943e-04  -1.132173e-03  -1.343795e-03  -1.484889e-03  -1.599689e-03  -1.740782e-03  -1.952404e-03  -2.256383e-03  -2.645249e-03  -3.084577e-03   0.000000e+00   7.604832e-03   1.459398e-02   2.040136e-02   2.455625e-02   2.672159e-02   2.672159e-02   2.455625e-02   2.040136e-02   1.459398e-02   7.604832e-03   0.000000e+00
   2.758906e-02   7.957900e+05   6.200000e+01   0.000000e+00  -4.472182e-04  -8.429057e-04  -1.151907e-03  -1.366594e-03  -1.509258e-03  -1.625071e-03  -1.767734e-03  -1.982422e-03  -2.291423e-03  -2.687110e-03  -3.134328e-03   0.000000e+00   7.727718e-03   1.482982e-02   2.073107e-02   2.495313e-02   2.715348e-02   2.715347e-02   2.495313e-02   2.073107e-02   1.482982e-02   7.727718e-03   0.000000e+00
   2.803216e-02   7.915900e+05   6.300000e+01   0.000000e+00  -4.537953e-04  -8.553988e-04  -1.169074e-03  -1.386775e-03  -1.530609e-03  -1.653471e-03  -1.797304e-03  -2.015005e-03  -2.328681e-03  -2.730284e-03  -3.184080e-03   0.000000e+00   7.853738e-03   1.508029e-02   2.110264e-02   2.544027e-02   2.774796e-02   2.774795e-02   2.544027e-02   2.110264e-02   1.508029e-02   7.853738e-03   0.000000e+00
   2.847141e-02   7.834200e+05   6.400000e+01   0.000000e+00  -4.598413e-04  -8.669982e-04  -1.185220e-03  -1.405948e-03  -1.550858e-03  -1.682974e-03  -1.827883e-03  -2.048611e-03  -2.366833e-03  -2.773990e-03  -3.233831e-03   0.000000e+00   7.979417e-03   1.533331e-02   2.148575e-02   2.595617e-02   2.839779e-02   2.839779e-02   2.595617e-02   2.148575e-02   1.533331e-02   7.979417e-03   0.000000e+00
   2.890406e-02   7.755200e+05   6.500000e+01   0.000000e+00  -4.658720e-04  -8.785746e-04  -1.201352e-03  -1.425139e-03  -1.571191e-03  -1.712391e-03  -1.858443e-03  -2.082230e-03  -2.405007e-03  -2.817710e-03  -3.283582e-03   0.000000e+00   8.103199e-03   1.558250e-02   2.186300e-02   2.646413e-02   2.903760e-02   2.903759e-02   2.646413e-02   2.186300e-02   1.558250e-02   8.103199e-03   0.000000e+00
   2.933045e-02   7.678800e+05   6.600000e+01   0.000000e+00  -4.718881e-04  -8.901289e-04  -1.217470e-03  -1.444349e-03  -1.591605e-03  -1.741728e-03  -1.888984e-03  -2.115864e-03  -2.443204e-03  -2.861445e-03  -3.333333e-03   0.000000e+00   8.225177e-03   1.582803e-02   2.223468e-02   2.696452e-02   2.966785e-02   2.966785e-02   2.696453e-02   2.223468e-02   1.582803e-02   8.225178e-03   0.000000e+00
   2.975085e-02   7.604900e+05   6.700000e+01   0.000000e+00  -4.778902e-04  -9.016622e-04  -1.233574e-03  -1.463576e-03  -1.612095e-03  -1.770990e-03  -1.919509e-03  -2.149511e-03  -2.481422e-03  -2.905194e-03  -3.383085e-03   0.000000e+00   8.345438e-03   1.607008e-02   2.260105e-02   2.745773e-02   3.028902e-02   3.028902e-02   2.745773e-02   2.260105e-02   1.607008e-02   8.345439e-03   0.000000e+00
   3.016556e-02   7.533200e+05   6.800000e+01   0.000000e+00  -4.838788e-04  -9.131750e-04  -1.249664e-03  -1.482817e-03  -1.632656e-03  -1.800180e-03  -1.950018e-03  -2.183171e-03  -2.519661e-03  -2.948957e-03  -3.432836e-03   0.000000e+00   8.464061e-03   1.630881e-02   2.296235e-02   2.794406e-02   3.090151e-02   3.090151e-02   2.794406e-02   2.296235e-02   1.630881e-02   8.464062e-03   0.000000e+00
   3.057483e-02   7.463800e+05   6.900000e+01   0.000000e+00  -4.898545e-04  -9.246682e-04  -1.265742e-03  -1.502073e-03  -1.653285e-03  -1.829303e-03  -1.980513e-03  -2.216845e-03  -2.557919e-03  -2.992732e-03  -3.482587e-03   0.000000e+00   8.581119e-03   1.654437e-02   2.331882e-02   2.842384e-02   3.150572e-02   3.150571e-02   2.842384e-02   2.331882e-02   1.654438e-02   8.581119e-03   0.000000e+00
   3.097888e-02   7.396300e+05   7.000000e+01   0.000000e+00  -4.958178e-04  -9.361425e-04  -1.281807e-03  -1.521343e-03  -1.673978e-03  -1.858361e-03  -2.010995e-03  -2.250531e-03  -2.596196e-03  -3.036521e-03  -3.532338e-03   0.000000e+00   8.696679e-03   1.677691e-02   2.367066e-02   2.889734e-02   3.210199e-02   3.210199e-02   2.889734e-02   2.367066e-02   1.677691e-02   8.696679e-03   0.000000e+00
   3.137795e-02   7.330900e+05   7.100000e+01   0.000000e+00  -5.017690e-04  -9.475985e-04  -1.297859e-03  -1.540624e-03  -1.694732e-03  -1.887358e-03  -2.041465e-03  -2.284230e-03  -2.634491e-03  -3.080321e-03  -3.582090e-03   0.000000e+00   8.810803e-03   1.700653e-02   2.401807e-02   2.936482e-02   3.269067e-02   3.269066e-02   2.936483e-02   2.401807e-02   1.700653e-02   8.810804e-03   0.000000e+00
   3.177222e-02   7.267300e+05   7.200000e+01   0.000000e+00  -5.077086e-04  -9.590368e-04  -1.313900e-03  -1.559917e-03  -1.715544e-03  -1.916297e-03  -2.071924e-03  -2.317941e-03  -2.672804e-03  -3.124132e-03  -3.631841e-03   0.000000e+00   8.923551e-03   1.723337e-02   2.436122e-02   2.982654e-02   3.327205e-02   3.327205e-02   2.982655e-02   2.436122e-02   1.723337e-02   8.923552e-03   0.000000e+00
   3.216190e-02   7.205400e+05   7.300000e+01   0.000000e+00  -5.136371e-04  -9.704579e-04  -1.329928e-03  -1.579220e-03  -1.736411e-03  -1.945181e-03  -2.102371e-03  -2.351664e-03  -2.711134e-03  -3.167955e-03  -3.681592e-03   0.000000e+00   9.034977e-03   1.745753e-02   2.470029e-02   3.028272e-02   3.384643e-02   3.384643e-02   3.028273e-02   2.470029e-02   1.745753e-02   9.034978e-03   0.000000e+00
   3.254715e-02   7.145300e+05   7.400000e+01   0.000000e+00  -5.195547e-04  -9.818624e-04  -1.345944e-03  -1.598534e-03  -1.757331e-03  -1.974012e-03  -2.132809e-03  -2.385399e-03  -2.749481e-03  -3.211789e-03  -3.731343e-03   0.000000e+00   9.145131e-03   1.767911e-02   2.503543e-02   3.073358e-02   3.441408e-02   3.441408e-02   3.073358e-02   2.503543e-02   1.767911e-02   9.145132e-03   0.000000e+00
   3.292815e-02   7.086700e+05   7.500000e+01   0.000000e+00  -5.254618e-04  -9.932508e-04  -1.361950e-03  -1.617856e-03  -1.778302e-03  -2.002793e-03  -2.163238e-03  -2.419145e-03  -2.787844e-03  -3.255633e-03  -3.781095e-03   0.000000e+00   9.254062e-03   1.789822e-02   2.536679e-02   3.117931e-02   3.497525e-02   3.497525e-02   3.117931e-02   2.536679e-02   1.789822e-02   9.254063e-03   0.000000e+00
   3.330504e-02   7.029600e+05   7.600000e+01   0.000000e+00  -5.313588e-04  -1.004623e-03  -1.377943e-03  -1.637187e-03  -1.799320e-03  -2.031526e-03  -2.193658e-03  -2.452902e-03  -2.826222e-03  -3.299487e-03  -3.830846e-03   0.000000e+00   9.361813e-03   1.811494e-02   2.569451e-02   3.162010e-02   3.553017e-02   3.553017e-02   3.162010e-02   2.569451e-02   1.811494e-02   9.361814e-03   0.000000e+00
   3.367798e-02   6.974000e+05   7.700000e+01   0.000000e+00  -5.372459e-04  -1.015981e-03  -1.393926e-03  -1.656526e-03  -1.820384e-03  -2.060213e-03  -2.224071e-03  -2.486671e-03  -2.864616e-03  -3.343351e-03  -3.880597e-03   0.000000e+00   9.468426e-03   1.832936e-02   2.601872e-02   3.205613e-02   3.607908e-02   3.607907e-02   3.205613e-02   2.601872e-02   1.832936e-02   9.468427e-03   0.000000e+00
   3.404710e-02   6.919800e+05   7.800000e+01   0.000000e+00  -5.431234e-04  -1.027324e-03  -1.409898e-03  -1.675872e-03  -1.841492e-03  -2.088856e-03  -2.254476e-03  -2.520450e-03  -2.903024e-03  -3.387225e-03  -3.930348e-03   0.000000e+00   9.573941e-03   1.854155e-02   2.633953e-02   3.248756e-02   3.662216e-02   3.662216e-02   3.248756e-02   2.633954e-02   1.854155e-02   9.573942e-03   0.000000e+00
   3.441252e-02   6.866900e+05   7.900000e+01   0.000000e+00  -5.489917e-04  -1.038652e-03  -1.425859e-03  -1.695225e-03  -1.862643e-03  -2.117457e-03  -2.284874e-03  -2.554240e-03  -2.941447e-03  -3.431108e-03  -3.980099e-03   0.000000e+00   9.678395e-03   1.875160e-02   2.665707e-02   3.291455e-02   3.715963e-02   3.715963e-02   3.291455e-02   2.665708e-02   1.875160e-02   9.678396e-03   0.000000e+00
   3.477438e-02   6.815300e+05   8.000000e+01   0.000000e+00  -5.548509e-04  -1.049966e-03  -1.441810e-03  -1.714585e-03  -1.883834e-03  -2.146017e-03  -2.315265e-03  -2.588041e-03  -2.979884e-03  -3.475000e-03  -4.029851e-03   0.000000e+00   9.781822e-03   1.895957e-02   2.697145e-02   3.333724e-02   3.769167e-02   3.769166e-02   3.333725e-02   2.697145e-02   1.895957e-02   9.781824e-03   0.000000e+00
   3.513278e-02   6.764900e+05   8.100000e+01   0.000000e+00  -5.607014e-04  -1.061267e-03  -1.457750e-03  -1.733951e-03  -1.905063e-03  -2.174539e-03  -2.345651e-03  -2.621852e-03  -3.018335e-03  -3.518901e-03  -4.079602e-03   0.000000e+00   9.884257e-03   1.916553e-02   2.728276e-02   3.375578e-02   3.821845e-02   3.821845e-02   3.375579e-02   2.728276e-02   1.916553e-02   9.884258e-03   0.000000e+00
   3.548783e-02   6.715700e+05   8.200000e+01   0.000000e+00  -5.665432e-04  -1.072554e-03  -1.473680e-03  -1.753322e-03  -1.926330e-03  -2.203023e-03  -2.376031e-03  -2.655672e-03  -3.056799e-03  -3.562810e-03  -4.129353e-03   0.000000e+00   9.985729e-03   1.936954e-02   2.759110e-02   3.417029e-02   3.874014e-02   3.874014e-02   3.417030e-02   2.759110e-02   1.936954e-02   9.985730e-03   0.000000e+00
   3.583964e-02   6.667600e+05   8.300000e+01   0.000000e+00  -5.723768e-04  -1.083828e-03  -1.489601e-03  -1.772698e-03  -1.947633e-03  -2.231472e-03  -2.406406e-03  -2.689503e-03  -3.095276e-03  -3.606728e-03  -4.179104e-03   0.000000e+00   1.008627e-02   1.957166e-02   2.789656e-02   3.458091e-02   3.925690e-02   3.925689e-02   3.458092e-02   2.789656e-02   1.957167e-02   1.008627e-02   0.000000e+00
   3.618830e-02   6.620600e+05   8.400000e+01   0.000000e+00  -5.782022e-04  -1.095090e-03  -1.505511e-03  -1.792079e-03  -1.968970e-03  -2.259886e-03  -2.436776e-03  -2.723344e-03  -3.133766e-03  -3.650653e-03  -4.228856e-03   0.000000e+00   1.018590e-02   1.977196e-02   2.819923e-02   3.498774e-02   3.976887e-02   3.976887e-02   3.498775e-02   2.819924e-02   1.977196e-02   1.018590e-02   0.000000e+00
   3.653390e-02   6.574600e+05   8.500000e+01   0.000000e+00  -5.840197e-04  -1.106339e-03  -1.521412e-03  -1.811464e-03  -1.990340e-03  -2.288267e-03  -2.467142e-03  -2.757194e-03  -3.172268e-03  -3.694587e-03  -4.278607e-03   0.000000e+00   1.028466e-02   1.997048e-02   2.849920e-02   3.539090e-02   4.027620e-02   4.027620e-02   3.539091e-02   2.849920e-02   1.997048e-02   1.028466e-02   0.000000e+00
   3.687654e-02   6.529700e+05   8.600000e+01   0.000000e+00  -5.898294e-04  -1.117576e-03  -1.537304e-03  -1.830854e-03  -2.011742e-03  -2.316616e-03  -2.497504e-03  -2.791054e-03  -3.210782e-03  -3.738529e-03  -4.328358e-03   0.000000e+00   1.038256e-02   2.016727e-02   2.879653e-02   3.579050e-02   4.077902e-02   4.077902e-02   3.579051e-02   2.879654e-02   2.016727e-02   1.038257e-02   0.000000e+00
   3.721630e-02   6.485600e+05   8.700000e+01   0.000000e+00  -5.956316e-04  -1.128801e-03  -1.553186e-03  -1.850248e-03  -2.033175e-03  -2.344934e-03  -2.527861e-03  -2.824923e-03  -3.249308e-03  -3.782478e-03  -4.378109e-03   0.000000e+00   1.047964e-02   2.036239e-02   2.909131e-02   3.618664e-02   4.127746e-02   4.127746e-02   3.618664e-02   2.909132e-02   2.036239e-02   1.047964e-02   0.000000e+00
   3.755325e-02   6.442500e+05   8.800000e+01   0.000000e+00  -6.014264e-04  -1.140014e-03  -1.569059e-03  -1.869645e-03  -2.054638e-03  -2.373223e-03  -2.558216e-03  -2.858802e-03  -3.287846e-03  -3.826434e-03  -4.427861e-03   0.000000e+00   1.057591e-02   2.055587e-02   2.938361e-02   3.657940e-02   4.177164e-02   4.177164e-02   3.657941e-02   2.938362e-02   2.055588e-02   1.057591e-02   0.000000e+00
   3.788747e-02   6.400300e+05   8.900000e+01   0.000000e+00  -6.072140e-04  -1.151216e-03  -1.584922e-03  -1.889045e-03  -2.076129e-03  -2.401482e-03  -2.588566e-03  -2.892689e-03  -3.326395e-03  -3.870398e-03  -4.477612e-03   0.000000e+00   1.067139e-02   2.074777e-02   2.967349e-02   3.696890e-02   4.226168e-02   4.226168e-02   3.696891e-02   2.967350e-02   2.074778e-02   1.067140e-02   0.000000e+00
   3.821904e-02   6.359000e+05   9.000000e+01   0.000000e+00  -6.129945e-04  -1.162407e-03  -1.600777e-03  -1.908448e-03  -2.097648e-03  -2.429715e-03  -2.618914e-03  -2.926585e-03  -3.364956e-03  -3.914369e-03  -4.527363e-03   0.000000e+00   1.076611e-02   2.093813e-02   2.996102e-02   3.735520e-02   4.274769e-02   4.274768e-02   3.735521e-02   2.996102e-02   2.093813e-02   1.076612e-02   0.000000e+00
   3.854802e-02   6.318500e+05   9.100000e+01   0.000000e+00  -6.187681e-04  -1.173587e-03  -1.616623e-03  -1.927855e-03  -2.119194e-03  -2.457920e-03  -2.649259e-03  -2.960491e-03  -3.403527e-03  -3.958346e-03  -4.577114e-03   0.000000e+00   1.086009e-02   2.112698e-02   3.024625e-02   3.773841e-02   4.322977e-02   4.322976e-02   3.773841e-02   3.024626e-02   2.112699e-02   1.086010e-02   0.000000e+00
   3.887448e-02   6.278800e+05   9.200000e+01   0.000000e+00  -6.245350e-04  -1.184757e-03  -1.632461e-03  -1.947264e-03  -2.140766e-03  -2.486100e-03  -2.679601e-03  -2.994404e-03  -3.442109e-03  -4.002331e-03  -4.626866e-03   0.000000e+00   1.095335e-02   2.131437e-02   3.052926e-02   3.811858e-02   4.370802e-02   4.370801e-02   3.811859e-02   3.052927e-02   2.131438e-02   1.095335e-02   0.000000e+00
   3.919848e-02   6.239800e+05   9.300000e+01   0.000000e+00  -6.302952e-04  -1.195916e-03  -1.648290e-03  -1.966675e-03  -2.162363e-03  -2.514254e-03  -2.709941e-03  -3.028327e-03  -3.480701e-03  -4.046322e-03  -4.676617e-03   0.000000e+00   1.104589e-02   2.150033e-02   3.081009e-02   3.849581e-02   4.418254e-02   4.418254e-02   3.849582e-02   3.081010e-02   2.150033e-02   1.104590e-02   0.000000e+00
   3.952009e-02   6.201600e+05   9.400000e+01   0.000000e+00  -6.360490e-04  -1.207064e-03  -1.664110e-03  -1.986089e-03  -2.183984e-03  -2.542384e-03  -2.740279e-03  -3.062257e-03  -3.519304e-03  -4.090319e-03  -4.726368e-03   0.000000e+00   1.113775e-02   2.168490e-02   3.108880e-02   3.887017e-02   4.465343e-02   4.465343e-02   3.887018e-02   3.108880e-02   2.168490e-02   1.113776e-02   0.000000e+00
   3.983935e-02   6.164200e+05   9.500000e+01   0.000000e+00  -6.417964e-04  -1.218203e-03  -1.679922e-03  -2.005504e-03  -2.205628e-03  -2.570491e-03  -2.770615e-03  -3.096197e-03  -3.557916e-03  -4.134323e-03  -4.776119e-03   0.000000e+00   1.122894e-02   2.186810e-02   3.136543e-02   3.924172e-02   4.512077e-02   4.512077e-02   3.924173e-02   3.136544e-02   2.186811e-02   1.122894e-02   0.000000e+00
   4.015633e-02   6.127400e+05   9.600000e+01   0.000000e+00  -6.475376e-04  -1.229331e-03  -1.695726e-03  -2.024922e-03  -2.227295e-03  -2.598575e-03  -2.800949e-03  -3.130144e-03  -3.596539e-03  -4.178333e-03  -4.825871e-03   0.000000e+00   1.131947e-02   2.204998e-02   3.164005e-02   3.961054e-02   4.558465e-02   4.558464e-02   3.961055e-02   3.164006e-02   2.204999e-02   1.131947e-02   0.000000e+00
   4.047108e-02   6.091300e+05   9.700000e+01   0.000000e+00  -6.532727e-04  -1.240450e-03  -1.711522e-03  -2.044341e-03  -2.248984e-03  -2.626637e-03  -2.831281e-03  -3.164099e-03  -3.635171e-03  -4.222349e-03  -4.875622e-03   0.000000e+00   1.140936e-02   2.223057e-02   3.191269e-02   3.997668e-02   4.604514e-02   4.604514e-02   3.997669e-02   3.191270e-02   2.223057e-02   1.140936e-02   0.000000e+00
   4.078365e-02   6.055900e+05   9.800000e+01   0.000000e+00  -6.590018e-04  -1.251560e-03  -1.727310e-03  -2.063761e-03  -2.270695e-03  -2.654678e-03  -2.861611e-03  -3.198063e-03  -3.673813e-03  -4.266371e-03  -4.925373e-03   0.000000e+00   1.149862e-02   2.240989e-02   3.218341e-02   4.034021e-02   4.650234e-02   4.650233e-02   4.034022e-02   3.218342e-02   2.240989e-02   1.149862e-02   0.000000e+00
   4.109409e-02   6.021100e+05   9.900000e+01   0.000000e+00  -6.647250e-04  -1.262659e-03  -1.743090e-03  -2.083183e-03  -2.292426e-03  -2.682698e-03  -2.891940e-03  -3.232034e-03  -3.712464e-03  -4.310399e-03  -4.975124e-03   0.000000e+00   1.158727e-02   2.258797e-02   3.245224e-02   4.070119e-02   4.695630e-02   4.695630e-02   4.070120e-02   3.245225e-02   2.258797e-02   1.158727e-02   0.000000e+00
   4.140245e-02   5.986900e+05   1.000000e+02   0.000000e+00  -6.704425e-04  -1.273750e-03  -1.758862e-03  -2.102607e-03  -2.314177e-03  -2.710698e-03  -2.922268e-03  -3.266013e-03  -3.751125e-03  -4.354433e-03  -5.024876e-03   0.000000e+00   1.167532e-02   2.276484e-02   3.271923e-02   4.105967e-02   4.740711e-02   4.740711e-02   4.105968e-02   3.271924e-02   2.276484e-02   1.167532e-02   0.000000e+00
   4.170877e-02   5.953300e+05   1.010000e+02   0.000000e+00  -6.761542e-04  -1.284832e-03  -1.774627e-03  -2.122031e-03  -2.335948e-03  -2.738678e-03  -2.952595e-03  -3.299999e-03  -3.789795e-03  -4.398472e-03  -5.074627e-03   0.000000e+00   1.176278e-02   2.294052e-02   3.298441e-02   4.141571e-02   4.785484e-02   4.785483e-02   4.141573e-02   3.298442e-02   2.294053e-02   1.176279e-02   0.000000e+00
   4.201309e-02   5.920300e+05   1.020000e+02   0.000000e+00  -6.818604e-04  -1.295905e-03  -1.790384e-03  -2.141456e-03  -2.357738e-03  -2.766640e-03  -2.982921e-03  -3.333994e-03  -3.828473e-03  -4.442517e-03  -5.124378e-03   0.000000e+00   1.184968e-02   2.311505e-02   3.324784e-02   4.176937e-02   4.829954e-02   4.829954e-02   4.176938e-02   3.324785e-02   2.311506e-02   1.184968e-02   0.000000e+00
   4.231546e-02   5.887900e+05   1.030000e+02   0.000000e+00  -6.875612e-04  -1.306969e-03  -1.806133e-03  -2.160883e-03  -2.379546e-03  -2.794583e-03  -3.013246e-03  -3.367995e-03  -3.867160e-03  -4.486568e-03  -5.174129e-03   0.000000e+00   1.193601e-02   2.328845e-02   3.350954e-02   4.212070e-02   4.874129e-02   4.874129e-02   4.212071e-02   3.350955e-02   2.328845e-02   1.193601e-02   0.000000e+00
   4.261592e-02   5.856000e+05   1.040000e+02   0.000000e+00  -6.932565e-04  -1.318024e-03  -1.821875e-03  -2.180310e-03  -2.401372e-03  -2.822508e-03  -3.043570e-03  -3.402005e-03  -3.905856e-03  -4.530624e-03  -5.223881e-03   0.000000e+00   1.202179e-02   2.346073e-02   3.376955e-02   4.246973e-02   4.918015e-02   4.918015e-02   4.246974e-02   3.376956e-02   2.346074e-02   1.202179e-02   0.000000e+00
   4.291451e-02   5.824600e+05   1.050000e+02   0.000000e+00  -6.989466e-04  -1.329071e-03  -1.837610e-03  -2.199737e-03  -2.423216e-03  -2.850416e-03  -3.073894e-03  -3.436021e-03  -3.944560e-03  -4.574685e-03  -5.273632e-03   0.000000e+00   1.210703e-02   2.363193e-02   3.402791e-02   4.281653e-02   4.961618e-02   4.961618e-02   4.281654e-02   3.402791e-02   2.363194e-02   1.210704e-02   0.000000e+00
   4.321126e-02   5.793800e+05   1.060000e+02   0.000000e+00  -7.046315e-04  -1.340110e-03  -1.853338e-03  -2.219166e-03  -2.445076e-03  -2.878307e-03  -3.104217e-03  -3.470045e-03  -3.983273e-03  -4.618751e-03  -5.323383e-03   0.000000e+00   1.219175e-02   2.380206e-02   3.428464e-02   4.316113e-02   5.004943e-02   5.004943e-02   4.316114e-02   3.428465e-02   2.380207e-02   1.219175e-02   0.000000e+00
   4.350622e-02   5.763400e+05   1.070000e+02   0.000000e+00  -7.103113e-04  -1.351140e-03  -1.869058e-03  -2.238594e-03  -2.466953e-03  -2.906181e-03  -3.134539e-03  -3.504075e-03  -4.021994e-03  -4.662823e-03  -5.373134e-03   0.000000e+00   1.227595e-02   2.397115e-02   3.453979e-02   4.350359e-02   5.047997e-02   5.047996e-02   4.350360e-02   3.453980e-02   2.397116e-02   1.227595e-02   0.000000e+00
   4.379941e-02   5.733600e+05   1.080000e+02   0.000000e+00  -7.159860e-04  -1.362162e-03  -1.884772e-03  -2.258023e-03  -2.488846e-03  -2.934039e-03  -3.164862e-03  -3.538113e-03  -4.060723e-03  -4.706899e-03  -5.422886e-03   0.000000e+00   1.235964e-02   2.413922e-02   3.479338e-02   4.384393e-02   5.090784e-02   5.090783e-02   4.384395e-02   3.479339e-02   2.413923e-02   1.235965e-02   0.000000e+00
   4.409087e-02   5.704200e+05   1.090000e+02   0.000000e+00  -7.216558e-04  -1.373177e-03  -1.900478e-03  -2.277453e-03  -2.510754e-03  -2.961882e-03  -3.195183e-03  -3.572158e-03  -4.099460e-03  -4.750981e-03  -5.472637e-03   0.000000e+00   1.244284e-02   2.430628e-02   3.504544e-02   4.418222e-02   5.133310e-02   5.133309e-02   4.418223e-02   3.504545e-02   2.430629e-02   1.244284e-02   0.000000e+00
   4.438064e-02   5.675200e+05   1.100000e+02   0.000000e+00  -7.273208e-04  -1.384183e-03  -1.916178e-03  -2.296882e-03  -2.532678e-03  -2.989710e-03  -3.225505e-03  -3.606210e-03  -4.138205e-03  -4.795067e-03  -5.522388e-03   0.000000e+00   1.252555e-02   2.447236e-02   3.529601e-02   4.451847e-02   5.175579e-02   5.175579e-02   4.451848e-02   3.529602e-02   2.447237e-02   1.252555e-02   0.000000e+00
   4.466874e-02   5.646800e+05   1.110000e+02   0.000000e+00  -7.329809e-04  -1.395182e-03  -1.931870e-03  -2.316312e-03  -2.554617e-03  -3.017522e-03  -3.255827e-03  -3.640268e-03  -4.176957e-03  -4.839158e-03  -5.572139e-03   0.000000e+00   1.260778e-02   2.463747e-02   3.554511e-02   4.485274e-02   5.217598e-02   5.217597e-02   4.485275e-02   3.554512e-02   2.463748e-02   1.260778e-02   0.000000e+00
   4.495521e-02   5.618700e+05   1.120000e+02   0.000000e+00  -7.386363e-04  -1.406173e-03  -1.947556e-03  -2.335741e-03  -2.576570e-03  -3.045320e-03  -3.286148e-03  -3.674333e-03  -4.215717e-03  -4.883254e-03  -5.621891e-03   0.000000e+00   1.268954e-02   2.480164e-02   3.579277e-02   4.518506e-02   5.259369e-02   5.259369e-02   4.518507e-02   3.579278e-02   2.480164e-02   1.268954e-02   0.000000e+00
   4.524007e-02   5.591100e+05   1.130000e+02   0.000000e+00  -7.442871e-04  -1.417156e-03  -1.963236e-03  -2.355171e-03  -2.598537e-03  -3.073105e-03  -3.316470e-03  -3.708405e-03  -4.254485e-03  -4.927354e-03  -5.671642e-03   0.000000e+00   1.277084e-02   2.496487e-02   3.603901e-02   4.551546e-02   5.300899e-02   5.300898e-02   4.551548e-02   3.603902e-02   2.496488e-02   1.277085e-02   0.000000e+00
   4.552336e-02   5.563900e+05   1.140000e+02   0.000000e+00  -7.499333e-04  -1.428133e-03  -1.978909e-03  -2.374601e-03  -2.620517e-03  -3.100875e-03  -3.346792e-03  -3.742484e-03  -4.293260e-03  -4.971459e-03  -5.721393e-03   0.000000e+00   1.285169e-02   2.512719e-02   3.628386e-02   4.584399e-02   5.342191e-02   5.342190e-02   4.584400e-02   3.628387e-02   2.512720e-02   1.285169e-02   0.000000e+00
   4.580511e-02   5.537100e+05   1.150000e+02   0.000000e+00  -7.555749e-04  -1.439101e-03  -1.994575e-03  -2.394030e-03  -2.642512e-03  -3.128632e-03  -3.377113e-03  -3.776569e-03  -4.332042e-03  -5.015569e-03  -5.771144e-03   0.000000e+00   1.293209e-02   2.528861e-02   3.652735e-02   4.617067e-02   5.383250e-02   5.383249e-02   4.617068e-02   3.652736e-02   2.528862e-02   1.293210e-02   0.000000e+00
   4.608533e-02   5.510700e+05   1.160000e+02   0.000000e+00  -7.612122e-04  -1.450063e-03  -2.010235e-03  -2.413459e-03  -2.664519e-03  -3.156376e-03  -3.407435e-03  -3.810660e-03  -4.370832e-03  -5.059683e-03  -5.820896e-03   0.000000e+00   1.301206e-02   2.544916e-02   3.676950e-02   4.649553e-02   5.424079e-02   5.424079e-02   4.649555e-02   3.676951e-02   2.544916e-02   1.301206e-02   0.000000e+00
   4.636406e-02   5.484700e+05   1.170000e+02   0.000000e+00  -7.668450e-04  -1.461018e-03  -2.025888e-03  -2.432888e-03  -2.686539e-03  -3.184107e-03  -3.437758e-03  -3.844758e-03  -4.409629e-03  -5.103801e-03  -5.870647e-03   0.000000e+00   1.309160e-02   2.560883e-02   3.701033e-02   4.681862e-02   5.464684e-02   5.464683e-02   4.681864e-02   3.701035e-02   2.560884e-02   1.309160e-02   0.000000e+00
   4.664133e-02   5.459100e+05   1.180000e+02   0.000000e+00  -7.724735e-04  -1.471965e-03  -2.041535e-03  -2.452317e-03  -2.708571e-03  -3.211826e-03  -3.468080e-03  -3.878862e-03  -4.448432e-03  -5.147924e-03  -5.920398e-03   0.000000e+00   1.317072e-02   2.576766e-02   3.724987e-02   4.713996e-02   5.505067e-02   5.505066e-02   4.713997e-02   3.724988e-02   2.576766e-02   1.317072e-02   0.000000e+00
   4.691715e-02   5.433800e+05   1.190000e+02   0.000000e+00  -7.780978e-04  -1.482906e-03  -2.057176e-03  -2.471745e-03  -2.730616e-03  -3.239533e-03  -3.498404e-03  -3.912972e-03  -4.487243e-03  -5.192051e-03  -5.970149e-03   0.000000e+00   1.324942e-02   2.592564e-02   3.748814e-02   4.745957e-02   5.545233e-02   5.545232e-02   4.745959e-02   3.748815e-02   2.592565e-02   1.324942e-02   0.000000e+00
   4.719155e-02   5.408900e+05   1.200000e+02   0.000000e+00  -7.837179e-04  -1.493840e-03  -2.072811e-03  -2.491172e-03  -2.752672e-03  -3.267228e-03  -3.528727e-03  -3.947088e-03  -4.526060e-03  -5.236182e-03  -6.019900e-03   0.000000e+00   1.332771e-02   2.608281e-02   3.772515e-02   4.777750e-02   5.585185e-02   5.585184e-02   4.777751e-02   3.772517e-02   2.608282e-02   1.332772e-02   0.000000e+00
   4.746455e-02   5.384300e+05   1.210000e+02   0.000000e+00  -7.893338e-04  -1.504767e-03  -2.088440e-03  -2.510600e-03  -2.774740e-03  -3.294911e-03  -3.559051e-03  -3.981211e-03  -4.564884e-03  -5.280318e-03  -6.069652e-03   0.000000e+00   1.340561e-02   2.623916e-02   3.796094e-02   4.809376e-02   5.624926e-02   5.624926e-02   4.809378e-02   3.796095e-02   2.623917e-02   1.340561e-02   0.000000e+00
   4.773619e-02   5.360100e+05   1.220000e+02   0.000000e+00  -7.949456e-04  -1.515687e-03  -2.104063e-03  -2.530026e-03  -2.796820e-03  -3.322583e-03  -3.589376e-03  -4.015340e-03  -4.603715e-03  -5.324457e-03  -6.119403e-03   0.000000e+00   1.348310e-02   2.639472e-02   3.819552e-02   4.840839e-02   5.664461e-02   5.664461e-02   4.840841e-02   3.819553e-02   2.639473e-02   1.348311e-02   0.000000e+00
   4.800647e-02   5.336200e+05   1.230000e+02   0.000000e+00  -8.005534e-04  -1.526601e-03  -2.119679e-03  -2.549452e-03  -2.818910e-03  -3.350244e-03  -3.619701e-03  -4.049474e-03  -4.642553e-03  -5.368600e-03  -6.169154e-03   0.000000e+00   1.356022e-02   2.654950e-02   3.842890e-02   4.872141e-02   5.703793e-02   5.703793e-02   4.872142e-02   3.842892e-02   2.654951e-02   1.356022e-02   0.000000e+00
   4.827542e-02   5.312600e+05   1.240000e+02   0.000000e+00  -8.061572e-04  -1.537508e-03  -2.135290e-03  -2.568878e-03  -2.841011e-03  -3.377894e-03  -3.650027e-03  -4.083615e-03  -4.681397e-03  -5.412748e-03  -6.218905e-03   0.000000e+00   1.363695e-02   2.670351e-02   3.866112e-02   4.903284e-02   5.742925e-02   5.742924e-02   4.903286e-02   3.866113e-02   2.670352e-02   1.363695e-02   0.000000e+00
   4.854307e-02   5.289400e+05   1.250000e+02   0.000000e+00  -8.117571e-04  -1.548409e-03  -2.150895e-03  -2.588303e-03  -2.863123e-03  -3.405533e-03  -3.680353e-03  -4.117761e-03  -4.720247e-03  -5.456899e-03  -6.268657e-03   0.000000e+00   1.371330e-02   2.685675e-02   3.889218e-02   4.934272e-02   5.781860e-02   5.781859e-02   4.934274e-02   3.889220e-02   2.685676e-02   1.371330e-02   0.000000e+00
   4.880942e-02   5.266400e+05   1.260000e+02   0.000000e+00  -8.173531e-04  -1.559304e-03  -2.166494e-03  -2.607727e-03  -2.885245e-03  -3.433162e-03  -3.710680e-03  -4.151913e-03  -4.759103e-03  -5.501055e-03  -6.318408e-03   0.000000e+00   1.378928e-02   2.700925e-02   3.912211e-02   4.965107e-02   5.820601e-02   5.820600e-02   4.965109e-02   3.912213e-02   2.700926e-02   1.378929e-02   0.000000e+00
   4.907451e-02   5.243800e+05   1.270000e+02   0.000000e+00  -8.229453e-04  -1.570192e-03  -2.182087e-03  -2.627150e-03  -2.907378e-03  -3.460781e-03  -3.741008e-03  -4.186071e-03  -4.797966e-03  -5.545214e-03  -6.368159e-03   0.000000e+00   1.386490e-02   2.716102e-02   3.935093e-02   4.995790e-02   5.859151e-02   5.859150e-02   4.995792e-02   3.935094e-02   2.716103e-02   1.386491e-02   0.000000e+00
   4.933835e-02   5.221400e+05   1.280000e+02   0.000000e+00  -8.285337e-04  -1.581074e-03  -2.197675e-03  -2.646573e-03  -2.929520e-03  -3.488390e-03  -3.771337e-03  -4.220235e-03  -4.836835e-03  -5.589376e-03  -6.417910e-03   0.000000e+00   1.394016e-02   2.731206e-02   3.957864e-02   5.026326e-02   5.897513e-02   5.897513e-02   5.026327e-02   3.957865e-02   2.731207e-02   1.394017e-02   0.000000e+00
   4.960096e-02   5.199400e+05   1.290000e+02   0.000000e+00  -8.341183e-04  -1.591950e-03  -2.213257e-03  -2.665994e-03  -2.951672e-03  -3.515989e-03  -3.801666e-03  -4.254404e-03  -4.875711e-03  -5.633543e-03  -6.467662e-03   0.000000e+00   1.401507e-02   2.746239e-02   3.980527e-02   5.056714e-02   5.935691e-02   5.935691e-02   5.056716e-02   3.980528e-02   2.746240e-02   1.401507e-02   0.000000e+00
   4.986236e-02   5.177600e+05   1.300000e+02   0.000000e+00  -8.396993e-04  -1.602821e-03  -2.228833e-03  -2.685415e-03  -2.973833e-03  -3.543579e-03  -3.831996e-03  -4.288579e-03  -4.914592e-03  -5.677713e-03  -6.517413e-03   0.000000e+00   1.408963e-02   2.761202e-02   4.003083e-02   5.086959e-02   5.973687e-02   5.973686e-02   5.086961e-02   4.003085e-02   2.761203e-02   1.408963e-02   0.000000e+00
   5.012256e-02   5.156100e+05   1.310000e+02   0.000000e+00  -8.452766e-04  -1.613685e-03  -2.244404e-03  -2.704835e-03  -2.996004e-03  -3.571160e-03  -3.862328e-03  -4.322759e-03  -4.953479e-03  -5.721887e-03  -6.567164e-03   0.000000e+00   1.416384e-02   2.776095e-02   4.025535e-02   5.117061e-02   6.011503e-02   6.011502e-02   5.117063e-02   4.025536e-02   2.776096e-02   1.416385e-02   0.000000e+00
   5.038159e-02   5.134900e+05   1.320000e+02   0.000000e+00  -8.508503e-04  -1.624543e-03  -2.259970e-03  -2.724254e-03  -3.018183e-03  -3.598731e-03  -3.892660e-03  -4.356945e-03  -4.992372e-03  -5.766065e-03  -6.616915e-03   0.000000e+00   1.423772e-02   2.790920e-02   4.047882e-02   5.147024e-02   6.049142e-02   6.049141e-02   5.147026e-02   4.047884e-02   2.790921e-02   1.423772e-02   0.000000e+00
   5.063946e-02   5.113900e+05   1.330000e+02   0.000000e+00  -8.564205e-04  -1.635395e-03  -2.275530e-03  -2.743673e-03  -3.040372e-03  -3.626294e-03  -3.922993e-03  -4.391136e-03  -5.031271e-03  -5.810246e-03  -6.666667e-03   0.000000e+00   1.431126e-02   2.805679e-02   4.070128e-02   5.176849e-02   6.086607e-02   6.086606e-02   5.176851e-02   4.070129e-02   2.805680e-02   1.431127e-02   0.000000e+00
   5.089618e-02   5.093200e+05   1.340000e+02   0.000000e+00  -8.619872e-04  -1.646242e-03  -2.291084e-03  -2.763090e-03  -3.062569e-03  -3.653848e-03  -3.953327e-03  -4.425333e-03  -5.070175e-03  -5.854430e-03  -6.716418e-03   0.000000e+00   1.438448e-02   2.820370e-02   4.092273e-02   5.206538e-02   6.123900e-02   6.123900e-02   5.206540e-02   4.092275e-02   2.820371e-02   1.438449e-02   0.000000e+00
   5.115178e-02   5.072700e+05   1.350000e+02   0.000000e+00  -8.675503e-04  -1.657083e-03  -2.306634e-03  -2.782506e-03  -3.084775e-03  -3.681393e-03  -3.983661e-03  -4.459534e-03  -5.109086e-03  -5.898618e-03  -6.766169e-03   0.000000e+00   1.445737e-02   2.834997e-02   4.114319e-02   5.236093e-02   6.161025e-02   6.161024e-02   5.236095e-02   4.114321e-02   2.834998e-02   1.445738e-02   0.000000e+00
   5.140627e-02   5.052500e+05   1.360000e+02   0.000000e+00  -8.731101e-04  -1.667918e-03  -2.322178e-03  -2.801922e-03  -3.106989e-03  -3.708930e-03  -4.013997e-03  -4.493742e-03  -5.148002e-03  -5.942810e-03  -6.815920e-03   0.000000e+00   1.452995e-02   2.849559e-02   4.136267e-02   5.265516e-02   6.197982e-02   6.197982e-02   5.265518e-02   4.136269e-02   2.849560e-02   1.452995e-02   0.000000e+00
   5.165966e-02   5.032600e+05   1.370000e+02   0.000000e+00  -8.786664e-04  -1.678748e-03  -2.337716e-03  -2.821336e-03  -3.129212e-03  -3.736459e-03  -4.044334e-03  -4.527954e-03  -5.186923e-03  -5.987005e-03  -6.865672e-03   0.000000e+00   1.460220e-02   2.864058e-02   4.158119e-02   5.294809e-02   6.234775e-02   6.234775e-02   5.294811e-02   4.158121e-02   2.864059e-02   1.460221e-02   0.000000e+00
   5.191196e-02   5.012900e+05   1.380000e+02   0.000000e+00  -8.842195e-04  -1.689572e-03  -2.353250e-03  -2.840749e-03  -3.151443e-03  -3.763979e-03  -4.074672e-03  -4.562172e-03  -5.225850e-03  -6.031203e-03  -6.915423e-03   0.000000e+00   1.467415e-02   2.878494e-02   4.179876e-02   5.323973e-02   6.271406e-02   6.271405e-02   5.323975e-02   4.179877e-02   2.878495e-02   1.467416e-02   0.000000e+00
   5.216321e-02   4.993400e+05   1.390000e+02   0.000000e+00  -8.897691e-04  -1.700391e-03  -2.368779e-03  -2.860161e-03  -3.173681e-03  -3.791492e-03  -4.105011e-03  -4.596394e-03  -5.264782e-03  -6.075405e-03  -6.965174e-03   0.000000e+00   1.474579e-02   2.892868e-02   4.201539e-02   5.353011e-02   6.307877e-02   6.307876e-02   5.353013e-02   4.201540e-02   2.892869e-02   1.474580e-02   0.000000e+00
   5.241340e-02   4.974100e+05   1.400000e+02   0.000000e+00  -8.953155e-04  -1.711204e-03  -2.384302e-03  -2.879572e-03  -3.195927e-03  -3.818997e-03  -4.135351e-03  -4.630622e-03  -5.303720e-03  -6.119609e-03  -7.014925e-03   0.000000e+00   1.481713e-02   2.907181e-02   4.223109e-02   5.381924e-02   6.344190e-02   6.344189e-02   5.381926e-02   4.223111e-02   2.907182e-02   1.481714e-02   0.000000e+00
   5.266255e-02   4.955100e+05   1.410000e+02   0.000000e+00  -9.008587e-04  -1.722012e-03  -2.399820e-03  -2.898982e-03  -3.218181e-03  -3.846495e-03  -4.165693e-03  -4.664855e-03  -5.342664e-03  -6.163817e-03  -7.064677e-03   0.000000e+00   1.488817e-02   2.921434e-02   4.244589e-02   5.410714e-02   6.380347e-02   6.380346e-02   5.410716e-02   4.244590e-02   2.921435e-02   1.488818e-02   0.000000e+00
   5.291067e-02   4.936300e+05   1.420000e+02   0.000000e+00  -9.063987e-04  -1.732815e-03  -2.415334e-03  -2.918391e-03  -3.240442e-03  -3.873985e-03  -4.196035e-03  -4.699093e-03  -5.381612e-03  -6.208029e-03  -7.114428e-03   0.000000e+00   1.495892e-02   2.935628e-02   4.265978e-02   5.439382e-02   6.416351e-02   6.416350e-02   5.439384e-02   4.265979e-02   2.935629e-02   1.495892e-02   0.000000e+00
   5.315779e-02   4.917700e+05   1.430000e+02   0.000000e+00  -9.119354e-04  -1.743613e-03  -2.430842e-03  -2.937799e-03  -3.262710e-03  -3.901468e-03  -4.226379e-03  -4.733336e-03  -5.420566e-03  -6.252243e-03  -7.164179e-03   0.000000e+00   1.502937e-02   2.949763e-02   4.287278e-02   5.467930e-02   6.452203e-02   6.452203e-02   5.467932e-02   4.287280e-02   2.949764e-02   1.502938e-02   0.000000e+00
   5.340391e-02   4.899300e+05   1.440000e+02   0.000000e+00  -9.174691e-04  -1.754405e-03  -2.446345e-03  -2.957206e-03  -3.284986e-03  -3.928943e-03  -4.256723e-03  -4.767584e-03  -5.459525e-03  -6.296461e-03  -7.213930e-03   0.000000e+00   1.509954e-02   2.963841e-02   4.308491e-02   5.496360e-02   6.487906e-02   6.487905e-02   5.496362e-02   4.308492e-02   2.963842e-02   1.509955e-02   0.000000e+00
   5.364904e-02   4.881100e+05   1.450000e+02   0.000000e+00  -9.229996e-04  -1.765192e-03  -2.461844e-03  -2.976611e-03  -3.307269e-03  -3.956412e-03  -4.287069e-03  -4.801836e-03  -5.498489e-03  -6.340682e-03  -7.263682e-03   0.000000e+00   1.516943e-02   2.977861e-02   4.329617e-02   5.524673e-02   6.523461e-02   6.523460e-02   5.524675e-02   4.329619e-02   2.977862e-02   1.516943e-02   0.000000e+00
   5.389320e-02   4.863200e+05   1.460000e+02   0.000000e+00  -9.285271e-04  -1.775974e-03  -2.477338e-03  -2.996015e-03  -3.329558e-03  -3.983874e-03  -4.317416e-03  -4.836094e-03  -5.537458e-03  -6.384905e-03  -7.313433e-03   0.000000e+00   1.523904e-02   2.991825e-02   4.350657e-02   5.552870e-02   6.558870e-02   6.558870e-02   5.552872e-02   4.350659e-02   2.991826e-02   1.523904e-02   0.000000e+00
   5.413640e-02   4.845400e+05   1.470000e+02   0.000000e+00  -9.340515e-04  -1.786752e-03  -2.492827e-03  -3.015418e-03  -3.351854e-03  -4.011329e-03  -4.347764e-03  -4.870356e-03  -5.576432e-03  -6.429132e-03  -7.363184e-03   0.000000e+00   1.530837e-02   3.005733e-02   4.371614e-02   5.580954e-02   6.594136e-02   6.594135e-02   5.580956e-02   4.371615e-02   3.005734e-02   1.530837e-02   0.000000e+00
   5.437865e-02   4.827800e+05   1.480000e+02   0.000000e+00  -9.395729e-04  -1.797524e-03  -2.508311e-03  -3.034820e-03  -3.374157e-03  -4.038777e-03  -4.378114e-03  -4.904623e-03  -5.615411e-03  -6.473362e-03  -7.412935e-03   0.000000e+00   1.537742e-02   3.019587e-02   4.392486e-02   5.608925e-02   6.629259e-02   6.629259e-02   5.608927e-02   4.392488e-02   3.019588e-02   1.537743e-02   0.000000e+00
   5.461996e-02   4.810500e+05   1.490000e+02   0.000000e+00  -9.450913e-04  -1.808291e-03  -2.523791e-03  -3.054221e-03  -3.396467e-03  -4.066219e-03  -4.408464e-03  -4.938895e-03  -5.654395e-03  -6.517595e-03  -7.462687e-03   0.000000e+00   1.544621e-02   3.033386e-02   4.413277e-02   5.636785e-02   6.664242e-02   6.664242e-02   5.636787e-02   4.413279e-02   3.033387e-02   1.544622e-02   0.000000e+00
   5.486034e-02   4.793300e+05   1.500000e+02   0.000000e+00  -9.506068e-04  -1.819053e-03  -2.539265e-03  -3.073620e-03  -3.418783e-03  -4.093654e-03  -4.438816e-03  -4.973171e-03  -5.693383e-03  -6.561831e-03  -7.512438e-03   0.000000e+00   1.551474e-02   3.047132e-02   4.433986e-02   5.664535e-02   6.699087e-02   6.699086e-02   5.664537e-02   4.433988e-02   3.047133e-02   1.551474e-02   0.000000e+00
   5.509982e-02   4.776300e+05   1.510000e+02   0.000000e+00  -9.561194e-04  -1.829811e-03  -2.554736e-03  -3.093018e-03  -3.441105e-03  -4.121083e-03  -4.469169e-03  -5.007452e-03  -5.732377e-03  -6.606069e-03  -7.562189e-03   0.000000e+00   1.558300e-02   3.060824e-02   4.454615e-02   5.692177e-02   6.733795e-02   6.733794e-02   5.692179e-02   4.454617e-02   3.060825e-02   1.558300e-02   0.000000e+00
   5.533838e-02   4.759400e+05   1.520000e+02   0.000000e+00  -9.616291e-04  -1.840564e-03  -2.570201e-03  -3.112415e-03  -3.463433e-03  -4.148506e-03  -4.499524e-03  -5.041738e-03  -5.771375e-03  -6.650311e-03  -7.611940e-03   0.000000e+00   1.565100e-02   3.074464e-02   4.475165e-02   5.719712e-02   6.768367e-02   6.768367e-02   5.719714e-02   4.475166e-02   3.074466e-02   1.565100e-02   0.000000e+00
   5.557606e-02   4.742800e+05   1.530000e+02   0.000000e+00  -9.671359e-04  -1.851312e-03  -2.585662e-03  -3.131811e-03  -3.485768e-03  -4.175923e-03  -4.529879e-03  -5.076028e-03  -5.810379e-03  -6.694555e-03  -7.661692e-03   0.000000e+00   1.571874e-02   3.088053e-02   4.495636e-02   5.747141e-02   6.802806e-02   6.802806e-02   5.747143e-02   4.495638e-02   3.088054e-02   1.571875e-02   0.000000e+00
   5.581285e-02   4.726300e+05   1.540000e+02   0.000000e+00  -9.726399e-04  -1.862055e-03  -2.601119e-03  -3.151205e-03  -3.508108e-03  -4.203334e-03  -4.560236e-03  -5.110322e-03  -5.849386e-03  -6.738802e-03  -7.711443e-03   0.000000e+00   1.578623e-02   3.101591e-02   4.516030e-02   5.774465e-02   6.837114e-02   6.837113e-02   5.774467e-02   4.516031e-02   3.101592e-02   1.578624e-02   0.000000e+00
   5.604877e-02   4.710000e+05   1.550000e+02   0.000000e+00  -9.781410e-04  -1.872794e-03  -2.616571e-03  -3.170598e-03  -3.530454e-03  -4.230739e-03  -4.590594e-03  -5.144622e-03  -5.888399e-03  -6.783052e-03  -7.761194e-03   0.000000e+00   1.585347e-02   3.115078e-02   4.536347e-02   5.801686e-02   6.871290e-02   6.871290e-02   5.801689e-02   4.536349e-02   3.115079e-02   1.585348e-02   0.000000e+00
   5.628383e-02   4.693900e+05   1.560000e+02   0.000000e+00  -9.836394e-04  -1.883528e-03  -2.632019e-03  -3.189990e-03  -3.552806e-03  -4.258138e-03  -4.620954e-03  -5.178925e-03  -5.927416e-03  -6.827305e-03  -7.810945e-03   0.000000e+00   1.592046e-02   3.128515e-02   4.556588e-02   5.828806e-02   6.905338e-02   6.905338e-02   5.828808e-02   4.556590e-02   3.128516e-02   1.592047e-02   0.000000e+00
   5.651804e-02   4.678000e+05   1.570000e+02   0.000000e+00  -9.891351e-04  -1.894258e-03  -2.647462e-03  -3.209380e-03  -3.575164e-03  -4.285532e-03  -4.651315e-03  -5.213233e-03  -5.966438e-03  -6.871561e-03  -7.860697e-03   0.000000e+00   1.598721e-02   3.141903e-02   4.576755e-02   5.855824e-02   6.939259e-02   6.939258e-02   5.855826e-02   4.576757e-02   3.141904e-02   1.598722e-02   0.000000e+00
   5.675140e-02   4.662200e+05   1.580000e+02   0.000000e+00  -9.946280e-04  -1.904983e-03  -2.662901e-03  -3.228769e-03  -3.597527e-03  -4.312920e-03  -4.681677e-03  -5.247546e-03  -6.005464e-03  -6.915819e-03  -7.910448e-03   0.000000e+00   1.605372e-02   3.155242e-02   4.596848e-02   5.882743e-02   6.973054e-02   6.973053e-02   5.882745e-02   4.596850e-02   3.155243e-02   1.605372e-02   0.000000e+00
   5.698394e-02   4.646500e+05   1.590000e+02   0.000000e+00  -1.000118e-03  -1.915704e-03  -2.678335e-03  -3.248157e-03  -3.619896e-03  -4.340302e-03  -4.712040e-03  -5.281862e-03  -6.044494e-03  -6.960080e-03  -7.960199e-03   0.000000e+00   1.611998e-02   3.168533e-02   4.616868e-02   5.909563e-02   7.006724e-02   7.006724e-02   5.909565e-02   4.616870e-02   3.168534e-02   1.611999e-02   0.000000e+00
   5.721564e-02   4.631100e+05   1.600000e+02   0.000000e+00  -1.005606e-03  -1.926420e-03  -2.693765e-03  -3.267543e-03  -3.642270e-03  -4.367679e-03  -4.742405e-03  -5.316183e-03  -6.083529e-03  -7.004344e-03  -8.009950e-03   0.000000e+00   1.618601e-02   3.181776e-02   4.636816e-02   5.936286e-02   7.040272e-02   7.040271e-02   5.936288e-02   4.636817e-02   3.181777e-02   1.618602e-02   0.000000e+00
   5.744654e-02   4.615700e+05   1.610000e+02   0.000000e+00  -1.011091e-03  -1.937132e-03  -2.709191e-03  -3.286928e-03  -3.664649e-03  -4.395051e-03  -4.772771e-03  -5.350509e-03  -6.122569e-03  -7.048610e-03  -8.059701e-03   0.000000e+00   1.625181e-02   3.194972e-02   4.656692e-02   5.962912e-02   7.073697e-02   7.073697e-02   5.962914e-02   4.656694e-02   3.194974e-02   1.625182e-02   0.000000e+00
   5.767663e-02   4.600600e+05   1.620000e+02   0.000000e+00  -1.016573e-03  -1.947839e-03  -2.724613e-03  -3.306312e-03  -3.687034e-03  -4.422418e-03  -4.803139e-03  -5.384838e-03  -6.161612e-03  -7.092879e-03  -8.109453e-03   0.000000e+00   1.631737e-02   3.208122e-02   4.676497e-02   5.989443e-02   7.107003e-02   7.107002e-02   5.989445e-02   4.676499e-02   3.208123e-02   1.631738e-02   0.000000e+00
   5.790592e-02   4.585500e+05   1.630000e+02   0.000000e+00  -1.022053e-03  -1.958542e-03  -2.740030e-03  -3.325694e-03  -3.709423e-03  -4.449779e-03  -4.833508e-03  -5.419172e-03  -6.200661e-03  -7.137151e-03  -8.159204e-03   0.000000e+00   1.638271e-02   3.221225e-02   4.696233e-02   6.015880e-02   7.140190e-02   7.140189e-02   6.015882e-02   4.696235e-02   3.221227e-02   1.638272e-02   0.000000e+00
   5.813442e-02   4.570700e+05   1.640000e+02   0.000000e+00  -1.027530e-03  -1.969241e-03  -2.755444e-03  -3.345075e-03  -3.731818e-03  -4.477136e-03  -4.863878e-03  -5.453510e-03  -6.239713e-03  -7.181425e-03  -8.208955e-03   0.000000e+00   1.644782e-02   3.234283e-02   4.715899e-02   6.042223e-02   7.173259e-02   7.173258e-02   6.042226e-02   4.715901e-02   3.234284e-02   1.644783e-02   0.000000e+00
   5.836215e-02   4.556000e+05   1.650000e+02   0.000000e+00  -1.033004e-03  -1.979936e-03  -2.770853e-03  -3.364455e-03  -3.754217e-03  -4.504488e-03  -4.894249e-03  -5.487852e-03  -6.278770e-03  -7.225702e-03  -8.258706e-03   0.000000e+00   1.651271e-02   3.247296e-02   4.735498e-02   6.068475e-02   7.206211e-02   7.206211e-02   6.068477e-02   4.735500e-02   3.247297e-02   1.651271e-02   0.000000e+00
   5.858910e-02   4.541400e+05   1.660000e+02   0.000000e+00  -1.038476e-03  -1.990626e-03  -2.786258e-03  -3.383833e-03  -3.776622e-03  -4.531834e-03  -4.924622e-03  -5.522199e-03  -6.317830e-03  -7.269981e-03  -8.308458e-03   0.000000e+00   1.657737e-02   3.260264e-02   4.755028e-02   6.094635e-02   7.239049e-02   7.239049e-02   6.094638e-02   4.755030e-02   3.260265e-02   1.657738e-02   0.000000e+00
   5.881529e-02   4.526900e+05   1.670000e+02   0.000000e+00  -1.043946e-03  -2.001312e-03  -2.801658e-03  -3.403210e-03  -3.799031e-03  -4.559176e-03  -4.954997e-03  -5.556549e-03  -6.356895e-03  -7.314262e-03  -8.358209e-03   0.000000e+00   1.664182e-02   3.273188e-02   4.774492e-02   6.120706e-02   7.271773e-02   7.271772e-02   6.120708e-02   4.774494e-02   3.273189e-02   1.664182e-02   0.000000e+00
   5.904073e-02   4.512600e+05   1.680000e+02   0.000000e+00  -1.049413e-03  -2.011995e-03  -2.817055e-03  -3.422586e-03  -3.821445e-03  -4.586514e-03  -4.985372e-03  -5.590903e-03  -6.395964e-03  -7.358547e-03  -8.407960e-03   0.000000e+00   1.670604e-02   3.286069e-02   4.793890e-02   6.146687e-02   7.304384e-02   7.304384e-02   6.146689e-02   4.793892e-02   3.286070e-02   1.670605e-02   0.000000e+00
   5.926542e-02   4.498500e+05   1.690000e+02   0.000000e+00  -1.054878e-03  -2.022673e-03  -2.832448e-03  -3.441960e-03  -3.843864e-03  -4.613846e-03  -5.015749e-03  -5.625262e-03  -6.435038e-03  -7.402833e-03  -8.457711e-03   0.000000e+00   1.677006e-02   3.298906e-02   4.813222e-02   6.172579e-02   7.336884e-02   7.336884e-02   6.172582e-02   4.813224e-02   3.298907e-02   1.677006e-02   0.000000e+00
   5.948937e-02   4.484400e+05   1.700000e+02   0.000000e+00  -1.060340e-03  -2.033347e-03  -2.847837e-03  -3.461333e-03  -3.866287e-03  -4.641174e-03  -5.046128e-03  -5.659624e-03  -6.474115e-03  -7.447122e-03  -8.507463e-03   0.000000e+00   1.683386e-02   3.311700e-02   4.832489e-02   6.198385e-02   7.369274e-02   7.369273e-02   6.198387e-02   4.832491e-02   3.311701e-02   1.683387e-02   0.000000e+00
   5.971259e-02   4.470500e+05   1.710000e+02   0.000000e+00  -1.065799e-03  -2.044017e-03  -2.863222e-03  -3.480705e-03  -3.888715e-03  -4.668498e-03  -5.076507e-03  -5.693991e-03  -6.513196e-03  -7.491414e-03  -8.557214e-03   0.000000e+00   1.689745e-02   3.324452e-02   4.851692e-02   6.224104e-02   7.401555e-02   7.401554e-02   6.224106e-02   4.851694e-02   3.324453e-02   1.689746e-02   0.000000e+00
   5.993508e-02   4.456800e+05   1.720000e+02   0.000000e+00  -1.071257e-03  -2.054683e-03  -2.878603e-03  -3.500075e-03  -3.911147e-03  -4.695817e-03  -5.106889e-03  -5.728361e-03  -6.552281e-03  -7.535708e-03  -8.606965e-03   0.000000e+00   1.696083e-02   3.337162e-02   4.870832e-02   6.249737e-02   7.433727e-02   7.433727e-02   6.249739e-02   4.870834e-02   3.337164e-02   1.696084e-02   0.000000e+00
   6.015686e-02   4.443100e+05   1.730000e+02   0.000000e+00  -1.076712e-03  -2.065344e-03  -2.893980e-03  -3.519443e-03  -3.933583e-03  -4.723132e-03  -5.137271e-03  -5.762735e-03  -6.591371e-03  -7.580004e-03  -8.656716e-03   0.000000e+00   1.702401e-02   3.349831e-02   4.889909e-02   6.275286e-02   7.465793e-02   7.465793e-02   6.275288e-02   4.889911e-02   3.349832e-02   1.702402e-02   0.000000e+00
   6.037793e-02   4.429600e+05   1.740000e+02   0.000000e+00  -1.082164e-03  -2.076003e-03  -2.909353e-03  -3.538811e-03  -3.956024e-03  -4.750442e-03  -5.167655e-03  -5.797113e-03  -6.630464e-03  -7.624303e-03  -8.706468e-03   0.000000e+00   1.708698e-02   3.362459e-02   4.908923e-02   6.300750e-02   7.497754e-02   7.497753e-02   6.300753e-02   4.908925e-02   3.362460e-02   1.708699e-02   0.000000e+00
   6.059829e-02   4.416200e+05   1.750000e+02   0.000000e+00  -1.087614e-03  -2.086657e-03  -2.924722e-03  -3.558176e-03  -3.978469e-03  -4.777749e-03  -5.198040e-03  -5.831495e-03  -6.669561e-03  -7.668604e-03  -8.756219e-03   0.000000e+00   1.714976e-02   3.375046e-02   4.927877e-02   6.326132e-02   7.529609e-02   7.529608e-02   6.326135e-02   4.927879e-02   3.375047e-02   1.714976e-02   0.000000e+00
   6.081796e-02   4.402900e+05   1.760000e+02   0.000000e+00  -1.093062e-03  -2.097307e-03  -2.940087e-03  -3.577541e-03  -4.000918e-03  -4.805051e-03  -5.228427e-03  -5.865881e-03  -6.708662e-03  -7.712907e-03  -8.805970e-03   0.000000e+00   1.721233e-02   3.387592e-02   4.946769e-02   6.351432e-02   7.561361e-02   7.561360e-02   6.351435e-02   4.946771e-02   3.387594e-02   1.721234e-02   0.000000e+00
   6.103694e-02   4.389800e+05   1.770000e+02   0.000000e+00  -1.098508e-03  -2.107953e-03  -2.955449e-03  -3.596904e-03  -4.023371e-03  -4.832349e-03  -5.258815e-03  -5.900271e-03  -6.747767e-03  -7.757213e-03  -8.855721e-03   0.000000e+00   1.727470e-02   3.400099e-02   4.965601e-02   6.376651e-02   7.593010e-02   7.593010e-02   6.376653e-02   4.965603e-02   3.400101e-02   1.727471e-02   0.000000e+00
   6.125524e-02   4.376800e+05   1.780000e+02   0.000000e+00  -1.103951e-03  -2.118596e-03  -2.970807e-03  -3.616266e-03  -4.045828e-03  -4.859643e-03  -5.289205e-03  -5.934664e-03  -6.786875e-03  -7.801521e-03  -8.905473e-03   0.000000e+00   1.733688e-02   3.412567e-02   4.984373e-02   6.401789e-02   7.624558e-02   7.624558e-02   6.401791e-02   4.984375e-02   3.412568e-02   1.733689e-02   0.000000e+00
   6.147286e-02   4.363800e+05   1.790000e+02   0.000000e+00  -1.109392e-03  -2.129235e-03  -2.986161e-03  -3.635626e-03  -4.068290e-03  -4.886933e-03  -5.319596e-03  -5.969061e-03  -6.825988e-03  -7.845831e-03  -8.955224e-03   0.000000e+00   1.739887e-02   3.424995e-02   5.003086e-02   6.426847e-02   7.656006e-02   7.656005e-02   6.426850e-02   5.003088e-02   3.424997e-02   1.739887e-02   0.000000e+00
   6.168982e-02   4.351000e+05   1.800000e+02   0.000000e+00  -1.114831e-03  -2.139870e-03  -3.001511e-03  -3.654985e-03  -4.090755e-03  -4.914219e-03  -5.349988e-03  -6.003462e-03  -6.865104e-03  -7.890143e-03  -9.004975e-03   0.000000e+00   1.746066e-02   3.437385e-02   5.021740e-02   6.451826e-02   7.687353e-02   7.687353e-02   6.451829e-02   5.021743e-02   3.437387e-02   1.746066e-02   0.000000e+00
   6.190611e-02   4.338400e+05   1.810000e+02   0.000000e+00  -1.120268e-03  -2.150502e-03  -3.016858e-03  -3.674343e-03  -4.113224e-03  -4.941501e-03  -5.380382e-03  -6.037867e-03  -6.904224e-03  -7.934458e-03  -9.054726e-03   0.000000e+00   1.752226e-02   3.449737e-02   5.040337e-02   6.476728e-02   7.718602e-02   7.718602e-02   6.476730e-02   5.040339e-02   3.449738e-02   1.752227e-02   0.000000e+00
   6.212175e-02   4.325800e+05   1.820000e+02   0.000000e+00  -1.125702e-03  -2.161129e-03  -3.032201e-03  -3.693699e-03  -4.135697e-03  -4.968780e-03  -5.410777e-03  -6.072275e-03  -6.943347e-03  -7.978775e-03  -9.104478e-03   0.000000e+00   1.758367e-02   3.462050e-02   5.058876e-02   6.501551e-02   7.749754e-02   7.749753e-02   6.501554e-02   5.058878e-02   3.462052e-02   1.758368e-02   0.000000e+00
   6.233673e-02   4.313300e+05   1.830000e+02   0.000000e+00  -1.131134e-03  -2.171753e-03  -3.047540e-03  -3.713053e-03  -4.158173e-03  -4.996054e-03  -5.441173e-03  -6.106687e-03  -6.982474e-03  -8.023094e-03  -9.154229e-03   0.000000e+00   1.764490e-02   3.474326e-02   5.077358e-02   6.526298e-02   7.780809e-02   7.780808e-02   6.526301e-02   5.077360e-02   3.474328e-02   1.764491e-02   0.000000e+00
   6.255108e-02   4.301000e+05   1.840000e+02   0.000000e+00  -1.136564e-03  -2.182374e-03  -3.062876e-03  -3.732407e-03  -4.180653e-03  -5.023325e-03  -5.471571e-03  -6.141103e-03  -7.021605e-03  -8.067415e-03  -9.203980e-03   0.000000e+00   1.770594e-02   3.486565e-02   5.095784e-02   6.550970e-02   7.811768e-02   7.811767e-02   6.550972e-02   5.095786e-02   3.486566e-02   1.770595e-02   0.000000e+00
   6.276478e-02   4.288700e+05   1.850000e+02   0.000000e+00  -1.141992e-03  -2.192991e-03  -3.078208e-03  -3.751758e-03  -4.203137e-03  -5.050593e-03  -5.501971e-03  -6.175522e-03  -7.060739e-03  -8.111738e-03  -9.253731e-03   0.000000e+00   1.776680e-02   3.498767e-02   5.114153e-02   6.575566e-02   7.842632e-02   7.842631e-02   6.575568e-02   5.114156e-02   3.498768e-02   1.776681e-02   0.000000e+00
   6.297785e-02   4.276600e+05   1.860000e+02   0.000000e+00  -1.147418e-03  -2.203604e-03  -3.093536e-03  -3.771109e-03  -4.225624e-03  -5.077857e-03  -5.532371e-03  -6.209944e-03  -7.099877e-03  -8.156064e-03  -9.303483e-03   0.000000e+00   1.782748e-02   3.510932e-02   5.132468e-02   6.600087e-02   7.873402e-02   7.873401e-02   6.600090e-02   5.132470e-02   3.510934e-02   1.782748e-02   0.000000e+00
   6.319030e-02   4.264500e+05   1.870000e+02   0.000000e+00  -1.152842e-03  -2.214214e-03  -3.108861e-03  -3.790458e-03  -4.248115e-03  -5.105117e-03  -5.562774e-03  -6.244371e-03  -7.139019e-03  -8.200391e-03  -9.353234e-03   0.000000e+00   1.788797e-02   3.523061e-02   5.150728e-02   6.624535e-02   7.904079e-02   7.904078e-02   6.624537e-02   5.150730e-02   3.523063e-02   1.788798e-02   0.000000e+00
   6.340213e-02   4.252600e+05   1.880000e+02   0.000000e+00  -1.158263e-03  -2.224820e-03  -3.124183e-03  -3.809806e-03  -4.270610e-03  -5.132374e-03  -5.593177e-03  -6.278801e-03  -7.178164e-03  -8.244721e-03  -9.402985e-03   0.000000e+00   1.794829e-02   3.535154e-02   5.168933e-02   6.648909e-02   7.934664e-02   7.934663e-02   6.648912e-02   5.168935e-02   3.535156e-02   1.794830e-02   0.000000e+00
   6.361334e-02   4.240700e+05   1.890000e+02   0.000000e+00  -1.163683e-03  -2.235423e-03  -3.139501e-03  -3.829152e-03  -4.293108e-03  -5.159627e-03  -5.623582e-03  -6.313234e-03  -7.217312e-03  -8.289053e-03  -9.452736e-03   0.000000e+00   1.800844e-02   3.547212e-02   5.187085e-02   6.673211e-02   7.965157e-02   7.965157e-02   6.673214e-02   5.187087e-02   3.547214e-02   1.800844e-02   0.000000e+00
   6.382394e-02   4.229000e+05   1.900000e+02   0.000000e+00  -1.169100e-03  -2.246022e-03  -3.154815e-03  -3.848497e-03  -4.315609e-03  -5.186877e-03  -5.653988e-03  -6.347671e-03  -7.256464e-03  -8.333387e-03  -9.502488e-03   0.000000e+00   1.806840e-02   3.559235e-02   5.205183e-02   6.697441e-02   7.995560e-02   7.995560e-02   6.697444e-02   5.205185e-02   3.559236e-02   1.806841e-02   0.000000e+00
   6.403394e-02   4.217300e+05   1.910000e+02   0.000000e+00  -1.174515e-03  -2.256618e-03  -3.170126e-03  -3.867840e-03  -4.338114e-03  -5.214124e-03  -5.684396e-03  -6.382111e-03  -7.295620e-03  -8.377723e-03  -9.552239e-03   0.000000e+00   1.812820e-02   3.571222e-02   5.223229e-02   6.721600e-02   8.025873e-02   8.025873e-02   6.721603e-02   5.223231e-02   3.571224e-02   1.812821e-02   0.000000e+00
   6.424334e-02   4.205800e+05   1.920000e+02   0.000000e+00  -1.179928e-03  -2.267210e-03  -3.185434e-03  -3.887182e-03  -4.360621e-03  -5.241367e-03  -5.714805e-03  -6.416555e-03  -7.334779e-03  -8.422061e-03  -9.601990e-03   0.000000e+00   1.818782e-02   3.583175e-02   5.241222e-02   6.745689e-02   8.056098e-02   8.056097e-02   6.745692e-02   5.241224e-02   3.583177e-02   1.818783e-02   0.000000e+00
   6.445215e-02   4.194300e+05   1.930000e+02   0.000000e+00  -1.185340e-03  -2.277799e-03  -3.200738e-03  -3.906523e-03  -4.383132e-03  -5.268607e-03  -5.745216e-03  -6.451002e-03  -7.373941e-03  -8.466401e-03  -9.651741e-03   0.000000e+00   1.824727e-02   3.595094e-02   5.259163e-02   6.769707e-02   8.086234e-02   8.086233e-02   6.769710e-02   5.259165e-02   3.595095e-02   1.824728e-02   0.000000e+00
   6.466037e-02   4.183000e+05   1.940000e+02   0.000000e+00  -1.190749e-03  -2.288385e-03  -3.216038e-03  -3.925862e-03  -4.405647e-03  -5.295844e-03  -5.775628e-03  -6.485452e-03  -7.413107e-03  -8.510743e-03  -9.701493e-03   0.000000e+00   1.830655e-02   3.606979e-02   5.277053e-02   6.793657e-02   8.116283e-02   8.116282e-02   6.793660e-02   5.277055e-02   3.606980e-02   1.830656e-02   0.000000e+00
   6.486801e-02   4.171700e+05   1.950000e+02   0.000000e+00  -1.196156e-03  -2.298967e-03  -3.231336e-03  -3.945200e-03  -4.428164e-03  -5.323078e-03  -5.806041e-03  -6.519906e-03  -7.452276e-03  -8.555087e-03  -9.751244e-03   0.000000e+00   1.836567e-02   3.618830e-02   5.294892e-02   6.817537e-02   8.146245e-02   8.146244e-02   6.817540e-02   5.294894e-02   3.618831e-02   1.836568e-02   0.000000e+00
   6.507506e-02   4.160500e+05   1.960000e+02   0.000000e+00  -1.201561e-03  -2.309546e-03  -3.246630e-03  -3.964536e-03  -4.450685e-03  -5.350308e-03  -5.836456e-03  -6.554363e-03  -7.491448e-03  -8.599433e-03  -9.800995e-03   0.000000e+00   1.842462e-02   3.630647e-02   5.312680e-02   6.841350e-02   8.176121e-02   8.176121e-02   6.841353e-02   5.312682e-02   3.630649e-02   1.842463e-02   0.000000e+00
   6.528155e-02   4.149500e+05   1.970000e+02   0.000000e+00  -1.206965e-03  -2.320121e-03  -3.261920e-03  -3.983871e-03  -4.473208e-03  -5.377536e-03  -5.866872e-03  -6.588824e-03  -7.530623e-03  -8.643781e-03  -9.850746e-03   0.000000e+00   1.848341e-02   3.642432e-02   5.330418e-02   6.865095e-02   8.205913e-02   8.205912e-02   6.865098e-02   5.330420e-02   3.642433e-02   1.848341e-02   0.000000e+00
   6.548747e-02   4.138500e+05   1.980000e+02   0.000000e+00  -1.212366e-03  -2.330694e-03  -3.277208e-03  -4.003205e-03  -4.495735e-03  -5.404761e-03  -5.897290e-03  -6.623288e-03  -7.569802e-03  -8.688131e-03  -9.900498e-03   0.000000e+00   1.854203e-02   3.654184e-02   5.348107e-02   6.888774e-02   8.235620e-02   8.235619e-02   6.888777e-02   5.348109e-02   3.654185e-02   1.854203e-02   0.000000e+00
   6.569283e-02   4.127600e+05   1.990000e+02   0.000000e+00  -1.217765e-03  -2.341263e-03  -3.292492e-03  -4.022537e-03  -4.518265e-03  -5.431982e-03  -5.927709e-03  -6.657755e-03  -7.608984e-03  -8.732483e-03  -9.950249e-03   0.000000e+00   1.860049e-02   3.665903e-02   5.365746e-02   6.912386e-02   8.265244e-02   8.265243e-02   6.912389e-02   5.365748e-02   3.665904e-02   1.860050e-02   0.000000e+00
   6.589762e-02   4.116700e+05   2.000000e+02   0.000000e+00  -1.223163e-03  -2.351829e-03  -3.307773e-03  -4.041868e-03  -4.540797e-03  -5.459201e-03  -5.958130e-03  -6.692225e-03  -7.648170e-03  -8.776836e-03  -1.000000e-02   0.000000e+00   1.865879e-02   3.677590e-02   5.383336e-02   6.935932e-02   8.294784e-02   8.294784e-02   6.935935e-02   5.383339e-02   3.677591e-02   1.865880e-02   0.000000e+00
   7.553454e-02   3.664300e+05   2.010000e+02   0.000000e+00  -1.491434e-03  -2.877592e-03  -4.069714e-03  -5.008799e-03  -5.672970e-03  -6.814527e-03  -7.478698e-03  -8.417783e-03  -9.609906e-03  -1.099606e-02  -1.248750e-02   0.000000e+00   2.140050e-02   4.227079e-02   6.210135e-02   8.042290e-02   9.682401e-02   9.682401e-02   8.042294e-02   6.210138e-02   4.227081e-02   2.140051e-02   0.000000e+00
   8.418999e-02   3.335000e+05   2.020000e+02   0.000000e+00  -1.755967e-03  -3.396974e-03  -4.824843e-03  -5.971799e-03  -6.808377e-03  -8.166620e-03  -9.003196e-03  -1.015015e-02  -1.157802e-02  -1.321903e-02  -1.497500e-02   0.000000e+00   2.386020e-02   4.719886e-02   6.951291e-02   9.033530e-02   1.092509e-01   1.092509e-01   9.033534e-02   6.951294e-02   4.719889e-02   2.386021e-02   0.000000e+00
   9.211976e-02   3.081200e+05   2.030000e+02   0.000000e+00  -2.017668e-03  -3.911504e-03  -5.574729e-03  -6.931594e-03  -7.945745e-03  -9.516751e-03  -1.053090e-02  -1.188777e-02  -1.355099e-02  -1.544483e-02  -1.746250e-02   0.000000e+00   2.611130e-02   5.170798e-02   7.629218e-02   9.939881e-02   1.206100e-01   1.206100e-01   9.939886e-02   7.629222e-02   5.170800e-02   2.611131e-02   0.000000e+00
   9.948348e-02   2.877900e+05   2.040000e+02   0.000000e+00  -2.277115e-03  -4.422159e-03  -6.320390e-03  -7.888696e-03  -9.084372e-03  -1.086562e-02  -1.206130e-02  -1.362960e-02  -1.552784e-02  -1.767288e-02  -1.995000e-02   0.000000e+00   2.819957e-02   5.589028e-02   8.257865e-02   1.078013e-01   1.311384e-01   1.311384e-01   1.078013e-01   8.257869e-02   5.589031e-02   2.819959e-02   0.000000e+00
   1.063891e-01   2.710200e+05   2.050000e+02   0.000000e+00  -2.534705e-03  -4.929616e-03  -7.062538e-03  -8.843487e-03  -1.022384e-02  -1.221366e-02  -1.359401e-02  -1.537496e-02  -1.750788e-02  -1.990279e-02  -2.243750e-02   0.000000e+00   3.015600e-02   5.980804e-02   8.846644e-02   1.156694e-01   1.409956e-01   1.409955e-01   1.156694e-01   8.846649e-02   5.980807e-02   3.015601e-02   0.000000e+00
   1.129137e-01   2.568900e+05   2.060000e+02   0.000000e+00  -2.790728e-03  -5.434369e-03  -7.801697e-03  -9.796262e-03  -1.136387e-02  -1.356113e-02  -1.512873e-02  -1.712330e-02  -1.949063e-02  -2.213427e-02  -2.492500e-02   0.000000e+00   3.200270e-02   6.350576e-02   9.402279e-02   1.230935e-01   1.502953e-01   1.502953e-01   1.230935e-01   9.402284e-02   6.350579e-02   3.200272e-02   0.000000e+00
   1.191149e-01   2.447700e+05   2.070000e+02   0.000000e+00  -3.045405e-03  -5.936792e-03  -8.538268e-03  -1.074726e-02  -1.250428e-02  -1.490821e-02  -1.666523e-02  -1.887422e-02  -2.147570e-02  -2.436709e-02  -2.741250e-02   0.000000e+00   3.375620e-02   6.701658e-02   9.929774e-02   1.301407e-01   1.591221e-01   1.591221e-01   1.301408e-01   9.929779e-02   6.701661e-02   3.375622e-02   0.000000e+00
   1.250370e-01   2.342100e+05   2.080000e+02   0.000000e+00  -3.298905e-03  -6.437180e-03  -9.272569e-03  -1.169666e-02  -1.364497e-02  -1.625502e-02  -1.820333e-02  -2.062742e-02  -2.346281e-02  -2.660109e-02  -2.990000e-02   0.000000e+00   3.542919e-02   7.036602e-02   1.043298e-01   1.368628e-01   1.675410e-01   1.675410e-01   1.368629e-01   1.043299e-01   7.036606e-02   3.542921e-02   0.000000e+00
   1.307149e-01   2.249200e+05   2.090000e+02   0.000000e+00  -3.551368e-03  -6.935767e-03  -1.000485e-02  -1.264464e-02  -1.478583e-02  -1.760166e-02  -1.974285e-02  -2.238264e-02  -2.545173e-02  -2.883613e-02  -3.238750e-02   0.000000e+00   3.703172e-02   7.357422e-02   1.091493e-01   1.433006e-01   1.756033e-01   1.756032e-01   1.433006e-01   1.091494e-01   7.357426e-02   3.703174e-02   0.000000e+00
   1.361769e-01   2.166600e+05   2.100000e+02   0.000000e+00  -3.802903e-03  -7.432744e-03  -1.073533e-02  -1.359131e-02  -1.592680e-02  -1.894819e-02  -2.128367e-02  -2.413966e-02  -2.744225e-02  -3.107209e-02  -3.487500e-02   0.000000e+00   3.857187e-02   7.665743e-02   1.137808e-01   1.494867e-01   1.833501e-01   1.833501e-01   1.494868e-01   1.137809e-01   7.665747e-02   3.857189e-02   0.000000e+00
   1.414460e-01   2.092500e+05   2.110000e+02   0.000000e+00  -4.053603e-03  -7.928272e-03  -1.146417e-02  -1.453680e-02  -1.706785e-02  -2.029464e-02  -2.282568e-02  -2.589832e-02  -2.943422e-02  -3.330889e-02  -3.736250e-02   0.000000e+00   4.005629e-02   7.962897e-02   1.182444e-01   1.554483e-01   1.908153e-01   1.908153e-01   1.554483e-01   1.182444e-01   7.962902e-02   4.005631e-02   0.000000e+00
   1.465416e-01   2.025600e+05   2.120000e+02   0.000000e+00  -4.303548e-03  -8.422483e-03  -1.219153e-02  -1.548121e-02  -1.820892e-02  -2.164107e-02  -2.436878e-02  -2.765846e-02  -3.142751e-02  -3.554645e-02  -3.985000e-02   0.000000e+00   4.149050e-02   8.249994e-02   1.225566e-01   1.612076e-01   1.980270e-01   1.980270e-01   1.612076e-01   1.225567e-01   8.249999e-02   4.149053e-02   0.000000e+00
   1.514799e-01   1.964700e+05   2.130000e+02   0.000000e+00  -4.552802e-03  -8.915494e-03  -1.291753e-02  -1.642461e-02  -1.935001e-02  -2.298748e-02  -2.591288e-02  -2.941996e-02  -3.342200e-02  -3.778469e-02  -4.233750e-02   0.000000e+00   4.287919e-02   8.527970e-02   1.267318e-01   1.667835e-01   2.050089e-01   2.050089e-01   1.667836e-01   1.267319e-01   8.527975e-02   4.287921e-02   0.000000e+00
   1.562747e-01   1.909000e+05   2.140000e+02   0.000000e+00  -4.801422e-03  -9.407401e-03  -1.364227e-02  -1.736708e-02  -2.049108e-02  -2.433391e-02  -2.745791e-02  -3.118271e-02  -3.541759e-02  -4.002357e-02  -4.482500e-02   0.000000e+00   4.422632e-02   8.797623e-02   1.307818e-01   1.721922e-01   2.117813e-01   2.117813e-01   1.721923e-01   1.307819e-01   8.797628e-02   4.422635e-02   0.000000e+00
   1.609381e-01   1.857900e+05   2.150000e+02   0.000000e+00  -5.049459e-03  -9.898289e-03  -1.436586e-02  -1.830868e-02  -2.163212e-02  -2.568037e-02  -2.900380e-02  -3.294662e-02  -3.741420e-02  -4.226304e-02  -4.731250e-02   0.000000e+00   4.553533e-02   9.059640e-02   1.347171e-01   1.774474e-01   2.183614e-01   2.183614e-01   1.774475e-01   1.347172e-01   9.059646e-02   4.553536e-02   0.000000e+00
   1.654804e-01   1.810600e+05   2.160000e+02   0.000000e+00  -5.296955e-03  -1.038823e-02  -1.508838e-02  -1.924948e-02  -2.277313e-02  -2.702686e-02  -3.055050e-02  -3.471161e-02  -3.941176e-02  -4.450304e-02  -4.980000e-02   0.000000e+00   4.680920e-02   9.314620e-02   1.385466e-01   1.825613e-01   2.247645e-01   2.247645e-01   1.825614e-01   1.385466e-01   9.314625e-02   4.680923e-02   0.000000e+00
   1.699105e-01   1.766900e+05   2.170000e+02   0.000000e+00  -5.543948e-03  -1.087730e-02  -1.580989e-02  -2.018952e-02  -2.391408e-02  -2.837340e-02  -3.209796e-02  -3.647759e-02  -4.141019e-02  -4.674355e-02  -5.228750e-02   0.000000e+00   4.805053e-02   9.563083e-02   1.422781e-01   1.875444e-01   2.310037e-01   2.310037e-01   1.875445e-01   1.422782e-01   9.563089e-02   4.805056e-02   0.000000e+00
   1.742367e-01   1.726200e+05   2.180000e+02   0.000000e+00  -5.790471e-03  -1.136555e-02  -1.653047e-02  -2.112884e-02  -2.505499e-02  -2.972000e-02  -3.364613e-02  -3.824451e-02  -4.340944e-02  -4.898452e-02  -5.477500e-02   0.000000e+00   4.926162e-02   9.805491e-02   1.459187e-01   1.924058e-01   2.370906e-01   2.370905e-01   1.924060e-01   1.459188e-01   9.805497e-02   4.926164e-02   0.000000e+00
   1.784658e-01   1.688200e+05   2.190000e+02   0.000000e+00  -6.036556e-03  -1.185303e-02  -1.725017e-02  -2.206750e-02  -2.619583e-02  -3.106666e-02  -3.519498e-02  -4.001231e-02  -4.540946e-02  -5.122594e-02  -5.726250e-02   0.000000e+00   5.044450e-02   1.004225e-01   1.494744e-01   1.971540e-01   2.430355e-01   2.430355e-01   1.971541e-01   1.494745e-01   1.004226e-01   5.044453e-02   0.000000e+00
   1.826043e-01   1.652600e+05   2.200000e+02   0.000000e+00  -6.282227e-03  -1.233979e-02  -1.796905e-02  -2.300553e-02  -2.733661e-02  -3.241338e-02  -3.674445e-02  -4.178094e-02  -4.741020e-02  -5.346777e-02  -5.975000e-02   0.000000e+00   5.160100e-02   1.027373e-01   1.529507e-01   2.017960e-01   2.488476e-01   2.488476e-01   2.017961e-01   1.529508e-01   1.027374e-01   5.160103e-02   0.000000e+00
   1.866578e-01   1.619200e+05   2.210000e+02   0.000000e+00  -6.527511e-03  -1.282587e-02  -1.868714e-02  -2.394295e-02  -2.847732e-02  -3.376016e-02  -3.829452e-02  -4.355034e-02  -4.941162e-02  -5.570998e-02  -6.223750e-02   0.000000e+00   5.273275e-02   1.050025e-01   1.563526e-01   2.063386e-01   2.545352e-01   2.545352e-01   2.063387e-01   1.563527e-01   1.050026e-01   5.273278e-02   0.000000e+00
   1.906314e-01   1.587700e+05   2.220000e+02   0.000000e+00  -6.772428e-03  -1.331131e-02  -1.940451e-02  -2.487981e-02  -2.961796e-02  -3.510702e-02  -3.984516e-02  -4.532047e-02  -5.141368e-02  -5.795256e-02  -6.472500e-02   0.000000e+00   5.384120e-02   1.072211e-01   1.596844e-01   2.107876e-01   2.601056e-01   2.601056e-01   2.107877e-01   1.596845e-01   1.072212e-01   5.384123e-02   0.000000e+00
   1.945297e-01   1.558100e+05   2.230000e+02   0.000000e+00  -7.016999e-03  -1.379614e-02  -2.012117e-02  -2.581613e-02  -3.075854e-02  -3.645394e-02  -4.139634e-02  -4.709130e-02  -5.341634e-02  -6.019549e-02  -6.721250e-02   0.000000e+00   5.492768e-02   1.093957e-01   1.629501e-01   2.151484e-01   2.655656e-01   2.655655e-01   2.151485e-01   1.629502e-01   1.093958e-01   5.492771e-02   0.000000e+00
   1.983569e-01   1.530100e+05   2.240000e+02   0.000000e+00  -7.261241e-03  -1.428040e-02  -2.083718e-02  -2.675194e-02  -3.189904e-02  -3.780094e-02  -4.294803e-02  -4.886280e-02  -5.541958e-02  -6.243875e-02  -6.970000e-02   0.000000e+00   5.599340e-02   1.115287e-01   1.661534e-01   2.194258e-01   2.709211e-01   2.709211e-01   2.194259e-01   1.661535e-01   1.115288e-01   5.599343e-02   0.000000e+00
   2.021167e-01   1.503500e+05   2.250000e+02   0.000000e+00  -7.505172e-03  -1.476411e-02  -2.155256e-02  -2.768725e-02  -3.303947e-02  -3.914801e-02  -4.450022e-02  -5.063492e-02  -5.742337e-02  -6.468232e-02  -7.218750e-02   0.000000e+00   5.703946e-02   1.136224e-01   1.692976e-01   2.236242e-01   2.761778e-01   2.761778e-01   2.236244e-01   1.692977e-01   1.136225e-01   5.703949e-02   0.000000e+00
   2.058128e-01   1.478300e+05   2.260000e+02   0.000000e+00  -7.748806e-03  -1.524731e-02  -2.226734e-02  -2.862210e-02  -3.417983e-02  -4.049515e-02  -4.605287e-02  -5.240764e-02  -5.942768e-02  -6.692619e-02  -7.467500e-02   0.000000e+00   5.806685e-02   1.156787e-01   1.723856e-01   2.277477e-01   2.813407e-01   2.813407e-01   2.277479e-01   1.723857e-01   1.156788e-01   5.806688e-02   0.000000e+00
   2.094482e-01   1.454400e+05   2.270000e+02   0.000000e+00  -7.992157e-03  -1.573000e-02  -2.298155e-02  -2.955650e-02  -3.532012e-02  -4.184236e-02  -4.760596e-02  -5.418093e-02  -6.143248e-02  -6.917033e-02  -7.716250e-02   0.000000e+00   5.907649e-02   1.176995e-01   1.754203e-01   2.318000e-01   2.864145e-01   2.864144e-01   2.318001e-01   1.754204e-01   1.176996e-01   5.907653e-02   0.000000e+00
   2.130259e-01   1.431600e+05   2.280000e+02   0.000000e+00  -8.235238e-03  -1.621223e-02  -2.369521e-02  -3.049048e-02  -3.646034e-02  -4.318964e-02  -4.915949e-02  -5.595477e-02  -6.343775e-02  -7.141475e-02  -7.965000e-02   0.000000e+00   6.006924e-02   1.196865e-01   1.784042e-01   2.357844e-01   2.914033e-01   2.914033e-01   2.357846e-01   1.784043e-01   1.196865e-01   6.006927e-02   0.000000e+00
   2.165487e-01   1.409800e+05   2.290000e+02   0.000000e+00  -8.478061e-03  -1.669400e-02  -2.440835e-02  -3.142404e-02  -3.760048e-02  -4.453700e-02  -5.071343e-02  -5.772912e-02  -6.544348e-02  -7.365943e-02  -8.213750e-02   0.000000e+00   6.104586e-02   1.216412e-01   1.813397e-01   2.397042e-01   2.963111e-01   2.963111e-01   2.397043e-01   1.813398e-01   1.216412e-01   6.104590e-02   0.000000e+00
   2.200189e-01   1.389000e+05   2.300000e+02   0.000000e+00  -8.720638e-03  -1.717534e-02  -2.512099e-02  -3.235721e-02  -3.874056e-02  -4.588442e-02  -5.226776e-02  -5.950398e-02  -6.744964e-02  -7.590435e-02  -8.462500e-02   0.000000e+00   6.200709e-02   1.235650e-01   1.842288e-01   2.435621e-01   3.011416e-01   3.011416e-01   2.435622e-01   1.842290e-01   1.235651e-01   6.200712e-02   0.000000e+00
   2.234390e-01   1.369200e+05   2.310000e+02   0.000000e+00  -8.962977e-03  -1.765626e-02  -2.583315e-02  -3.328999e-02  -3.988056e-02  -4.723191e-02  -5.382247e-02  -6.127932e-02  -6.945622e-02  -7.814951e-02  -8.711250e-02   0.000000e+00   6.295358e-02   1.254594e-01   1.870737e-01   2.473609e-01   3.058982e-01   3.058981e-01   2.473611e-01   1.870738e-01   1.254595e-01   6.295362e-02   0.000000e+00
   2.268110e-01   1.350100e+05   2.320000e+02   0.000000e+00  -9.205090e-03  -1.813679e-02  -2.654485e-02  -3.422242e-02  -4.102050e-02  -4.857948e-02  -5.537755e-02  -6.305512e-02  -7.146319e-02  -8.039490e-02  -8.960000e-02   0.000000e+00   6.388597e-02   1.273256e-01   1.898762e-01   2.511031e-01   3.105838e-01   3.105838e-01   2.511033e-01   1.898763e-01   1.273256e-01   6.388600e-02   0.000000e+00
   2.301371e-01   1.331900e+05   2.330000e+02   0.000000e+00  -9.446984e-03  -1.861693e-02  -2.725611e-02  -3.515449e-02  -4.216037e-02  -4.992711e-02  -5.693297e-02  -6.483136e-02  -7.347055e-02  -8.264051e-02  -9.208750e-02   0.000000e+00   6.480482e-02   1.291646e-01   1.926380e-01   2.547910e-01   3.152016e-01   3.152016e-01   2.547912e-01   1.926381e-01   1.291647e-01   6.480486e-02   0.000000e+00
   2.334189e-01   1.314400e+05   2.340000e+02   0.000000e+00  -9.688669e-03  -1.909670e-02  -2.796694e-02  -3.608622e-02  -4.330017e-02  -5.127481e-02  -5.848874e-02  -6.660803e-02  -7.547828e-02  -8.488632e-02  -9.457500e-02   0.000000e+00   6.571068e-02   1.309777e-01   1.953608e-01   2.584268e-01   3.197541e-01   3.197541e-01   2.584270e-01   1.953609e-01   1.309778e-01   6.571071e-02   0.000000e+00
   2.366584e-01   1.297500e+05   2.350000e+02   0.000000e+00  -9.930151e-03  -1.957612e-02  -2.867736e-02  -3.701763e-02  -4.443990e-02  -5.262258e-02  -6.004483e-02  -6.838511e-02  -7.748636e-02  -8.713234e-02  -9.706250e-02   0.000000e+00   6.660404e-02   1.327657e-01   1.980460e-01   2.620125e-01   3.242439e-01   3.242439e-01   2.620127e-01   1.980461e-01   1.327658e-01   6.660408e-02   0.000000e+00
   2.398572e-01   1.281400e+05   2.360000e+02   0.000000e+00  -1.017144e-02  -2.005520e-02  -2.938738e-02  -3.794872e-02  -4.557957e-02  -5.397041e-02  -6.160124e-02  -7.016258e-02  -7.949478e-02  -8.937855e-02  -9.955000e-02   0.000000e+00   6.748540e-02   1.345297e-01   2.006951e-01   2.655500e-01   3.286734e-01   3.286734e-01   2.655502e-01   2.006952e-01   1.345298e-01   6.748544e-02   0.000000e+00
   2.430166e-01   1.265800e+05   2.370000e+02   0.000000e+00  -1.041254e-02  -2.053394e-02  -3.009703e-02  -3.887950e-02  -4.671917e-02  -5.531830e-02  -6.315796e-02  -7.194044e-02  -8.150353e-02  -9.162495e-02  -1.020375e-01   0.000000e+00   6.835517e-02   1.362706e-01   2.033094e-01   2.690411e-01   3.330448e-01   3.330448e-01   2.690412e-01   2.033096e-01   1.362707e-01   6.835521e-02   0.000000e+00
   2.461383e-01   1.250800e+05   2.380000e+02   0.000000e+00  -1.065346e-02  -2.101237e-02  -3.080630e-02  -3.980999e-02  -4.785871e-02  -5.666626e-02  -6.471497e-02  -7.371867e-02  -8.351260e-02  -9.387153e-02  -1.045250e-01   0.000000e+00   6.921379e-02   1.379891e-01   2.058902e-01   2.724874e-01   3.373602e-01   3.373602e-01   2.724875e-01   2.058904e-01   1.379892e-01   6.921383e-02   0.000000e+00
   2.492236e-01   1.236300e+05   2.390000e+02   0.000000e+00  -1.089420e-02  -2.149049e-02  -3.151521e-02  -4.074019e-02  -4.899818e-02  -5.801429e-02  -6.627226e-02  -7.549725e-02  -8.552198e-02  -9.611829e-02  -1.070125e-01   0.000000e+00   7.006163e-02   1.396861e-01   2.084387e-01   2.758905e-01   3.416216e-01   3.416215e-01   2.758906e-01   2.084388e-01   1.396861e-01   7.006168e-02   0.000000e+00
   2.522737e-01   1.222300e+05   2.400000e+02   0.000000e+00  -1.113478e-02  -2.196832e-02  -3.222378e-02  -4.167012e-02  -5.013760e-02  -5.936237e-02  -6.782984e-02  -7.727618e-02  -8.753166e-02  -9.836521e-02  -1.095000e-01   0.000000e+00   7.089908e-02   1.413622e-01   2.109559e-01   2.792519e-01   3.458308e-01   3.458307e-01   2.792521e-01   2.109560e-01   1.413623e-01   7.089912e-02   0.000000e+00
   2.552898e-01   1.208800e+05   2.410000e+02   0.000000e+00  -1.137519e-02  -2.244585e-02  -3.293201e-02  -4.259977e-02  -5.127695e-02  -6.071052e-02  -6.938768e-02  -7.905545e-02  -8.954163e-02  -1.006123e-01  -1.119875e-01   0.000000e+00   7.172647e-02   1.430182e-01   2.134429e-01   2.825730e-01   3.499895e-01   3.499895e-01   2.825732e-01   2.134430e-01   1.430183e-01   7.172651e-02   0.000000e+00
   2.582731e-01   1.195700e+05   2.420000e+02   0.000000e+00  -1.161544e-02  -2.292311e-02  -3.363992e-02  -4.352917e-02  -5.241624e-02  -6.205873e-02  -7.094579e-02  -8.083504e-02  -9.155187e-02  -1.028596e-01  -1.144750e-01   0.000000e+00   7.254414e-02   1.446548e-01   2.159007e-01   2.858551e-01   3.540995e-01   3.540994e-01   2.858553e-01   2.159008e-01   1.446549e-01   7.254418e-02   0.000000e+00
   2.612246e-01   1.183100e+05   2.430000e+02   0.000000e+00  -1.185553e-02  -2.340009e-02  -3.434752e-02  -4.445831e-02  -5.355548e-02  -6.340699e-02  -7.250414e-02  -8.261494e-02  -9.356239e-02  -1.051070e-01  -1.169625e-01   0.000000e+00   7.335239e-02   1.462725e-01   2.183302e-01   2.890994e-01   3.581622e-01   3.581622e-01   2.890996e-01   2.183303e-01   1.462726e-01   7.335244e-02   0.000000e+00
   2.641454e-01   1.170900e+05   2.440000e+02   0.000000e+00  -1.209548e-02  -2.387681e-02  -3.505481e-02  -4.538720e-02  -5.469465e-02  -6.475532e-02  -7.406275e-02  -8.439515e-02  -9.557316e-02  -1.073545e-01  -1.194500e-01   0.000000e+00   7.415152e-02   1.478720e-01   2.207322e-01   2.923072e-01   3.621792e-01   3.621792e-01   2.923074e-01   2.207324e-01   1.478721e-01   7.415157e-02   0.000000e+00
   2.670364e-01   1.159000e+05   2.450000e+02   0.000000e+00  -1.233528e-02  -2.435328e-02  -3.576180e-02  -4.631586e-02  -5.583377e-02  -6.610370e-02  -7.562159e-02  -8.617566e-02  -9.758420e-02  -1.096022e-01  -1.219375e-01   0.000000e+00   7.494181e-02   1.494538e-01   2.231078e-01   2.954796e-01   3.661518e-01   3.661518e-01   2.954798e-01   2.231079e-01   1.494539e-01   7.494186e-02   0.000000e+00
   2.698986e-01   1.147500e+05   2.460000e+02   0.000000e+00  -1.257495e-02  -2.482950e-02  -3.646850e-02  -4.724428e-02  -5.697283e-02  -6.745213e-02  -7.718067e-02  -8.795646e-02  -9.959548e-02  -1.118500e-01  -1.244250e-01   0.000000e+00   7.572353e-02   1.510184e-01   2.254576e-01   2.986176e-01   3.700815e-01   3.700814e-01   2.986177e-01   2.254577e-01   1.510185e-01   7.572357e-02   0.000000e+00
   2.727327e-01   1.136400e+05   2.470000e+02   0.000000e+00  -1.281447e-02  -2.530547e-02  -3.717493e-02  -4.817248e-02  -5.811184e-02  -6.880063e-02  -7.873997e-02  -8.973753e-02  -1.016070e-01  -1.140980e-01  -1.269125e-01   0.000000e+00   7.649692e-02   1.525664e-01   2.277823e-01   3.017222e-01   3.739693e-01   3.739693e-01   3.017223e-01   2.277825e-01   1.525664e-01   7.649696e-02   0.000000e+00
   2.755398e-01   1.125600e+05   2.480000e+02   0.000000e+00  -1.305386e-02  -2.578122e-02  -3.788108e-02  -4.910045e-02  -5.925079e-02  -7.014917e-02  -8.029949e-02  -9.151888e-02  -1.036188e-01  -1.163461e-01  -1.294000e-01   0.000000e+00   7.726222e-02   1.540981e-01   2.300828e-01   3.047943e-01   3.778167e-01   3.778167e-01   3.047945e-01   2.300829e-01   1.540982e-01   7.726227e-02   0.000000e+00
   2.783204e-01   1.115100e+05   2.490000e+02   0.000000e+00  -1.329313e-02  -2.625674e-02  -3.858697e-02  -5.002821e-02  -6.038969e-02  -7.149778e-02  -8.185923e-02  -9.330049e-02  -1.056307e-01  -1.185944e-01  -1.318875e-01   0.000000e+00   7.801967e-02   1.556142e-01   2.323597e-01   3.078350e-01   3.816246e-01   3.816246e-01   3.078352e-01   2.323598e-01   1.556143e-01   7.801971e-02   0.000000e+00
   2.810754e-01   1.104800e+05   2.500000e+02   0.000000e+00  -1.353226e-02  -2.673203e-02  -3.929259e-02  -5.095576e-02  -6.152853e-02  -7.284643e-02  -8.341918e-02  -9.508236e-02  -1.076429e-01  -1.208427e-01  -1.343750e-01   0.000000e+00   7.876947e-02   1.571150e-01   2.346136e-01   3.108451e-01   3.853943e-01   3.853942e-01   3.108453e-01   2.346138e-01   1.571151e-01   7.876952e-02   0.000000e+00
   2.838055e-01   1.094900e+05   2.510000e+02   0.000000e+00  -1.377128e-02  -2.720711e-02  -3.999797e-02  -5.188311e-02  -6.266733e-02  -7.419514e-02  -8.497933e-02  -9.686449e-02  -1.096554e-01  -1.230912e-01  -1.368625e-01   0.000000e+00   7.951185e-02   1.586009e-01   2.368452e-01   3.138254e-01   3.891266e-01   3.891266e-01   3.138256e-01   2.368454e-01   1.586010e-01   7.951189e-02   0.000000e+00
   2.865114e-01   1.085300e+05   2.520000e+02   0.000000e+00  -1.401017e-02  -2.768198e-02  -4.070310e-02  -5.281026e-02  -6.380607e-02  -7.554390e-02  -8.653968e-02  -9.864685e-02  -1.116680e-01  -1.253398e-01  -1.393500e-01   0.000000e+00   8.024698e-02   1.600723e-01   2.390551e-01   3.167766e-01   3.928227e-01   3.928227e-01   3.167768e-01   2.390552e-01   1.600724e-01   8.024703e-02   0.000000e+00
   2.891937e-01   1.075900e+05   2.530000e+02   0.000000e+00  -1.424895e-02  -2.815664e-02  -4.140799e-02  -5.373721e-02  -6.494476e-02  -7.689270e-02  -8.810023e-02  -1.004295e-01  -1.136808e-01  -1.275885e-01  -1.418375e-01   0.000000e+00   8.097507e-02   1.615296e-01   2.412438e-01   3.196997e-01   3.964835e-01   3.964835e-01   3.196999e-01   2.412439e-01   1.615297e-01   8.097512e-02   0.000000e+00
   2.918531e-01   1.066700e+05   2.540000e+02   0.000000e+00  -1.448762e-02  -2.863111e-02  -4.211265e-02  -5.466397e-02  -6.608340e-02  -7.824156e-02  -8.966097e-02  -1.022123e-01  -1.156939e-01  -1.298374e-01  -1.443250e-01   0.000000e+00   8.169630e-02   1.629732e-01   2.434119e-01   3.225952e-01   4.001098e-01   4.001098e-01   3.225954e-01   2.434120e-01   1.629733e-01   8.169635e-02   0.000000e+00
   2.944901e-01   1.057800e+05   2.550000e+02   0.000000e+00  -1.472617e-02  -2.910537e-02  -4.281708e-02  -5.559055e-02  -6.722199e-02  -7.959047e-02  -9.122189e-02  -1.039954e-01  -1.177071e-01  -1.320863e-01  -1.468125e-01   0.000000e+00   8.241083e-02   1.644034e-01   2.455599e-01   3.254639e-01   4.037026e-01   4.037026e-01   3.254641e-01   2.455600e-01   1.644035e-01   8.241088e-02   0.000000e+00
   2.971053e-01   1.049100e+05   2.560000e+02   0.000000e+00  -1.496462e-02  -2.957945e-02  -4.352129e-02  -5.651694e-02  -6.836053e-02  -8.093943e-02  -9.278299e-02  -1.057787e-01  -1.197205e-01  -1.343354e-01  -1.493000e-01   0.000000e+00   8.311884e-02   1.658205e-01   2.476883e-01   3.283065e-01   4.072627e-01   4.072627e-01   3.283067e-01   2.476884e-01   1.658206e-01   8.311889e-02   0.000000e+00
   2.996993e-01   1.040600e+05   2.570000e+02   0.000000e+00  -1.520296e-02  -3.005334e-02  -4.422528e-02  -5.744316e-02  -6.949903e-02  -8.228843e-02  -9.434427e-02  -1.075622e-01  -1.217341e-01  -1.365845e-01  -1.517875e-01   0.000000e+00   8.382047e-02   1.672249e-01   2.497975e-01   3.311235e-01   4.107909e-01   4.107909e-01   3.311237e-01   2.497977e-01   1.672250e-01   8.382052e-02   0.000000e+00
   3.022726e-01   1.032400e+05   2.580000e+02   0.000000e+00  -1.544120e-02  -3.052706e-02  -4.492906e-02  -5.836921e-02  -7.063748e-02  -8.363748e-02  -9.590572e-02  -1.093459e-01  -1.237479e-01  -1.388338e-01  -1.542750e-01   0.000000e+00   8.451590e-02   1.686169e-01   2.518881e-01   3.339156e-01   4.142879e-01   4.142879e-01   3.339158e-01   2.518883e-01   1.686170e-01   8.451595e-02   0.000000e+00
   3.048257e-01   1.024300e+05   2.590000e+02   0.000000e+00  -1.567933e-02  -3.100059e-02  -4.563263e-02  -5.929508e-02  -7.177588e-02  -8.498657e-02  -9.746735e-02  -1.111298e-01  -1.257619e-01  -1.410831e-01  -1.567625e-01   0.000000e+00   8.520525e-02   1.699967e-01   2.539605e-01   3.366835e-01   4.177545e-01   4.177545e-01   3.366837e-01   2.539607e-01   1.699968e-01   8.520530e-02   0.000000e+00
   3.073591e-01   1.016400e+05   2.600000e+02   0.000000e+00  -1.591737e-02  -3.147395e-02  -4.633600e-02  -6.022079e-02  -7.291424e-02  -8.633572e-02  -9.902914e-02  -1.129139e-01  -1.277760e-01  -1.433326e-01  -1.592500e-01   0.000000e+00   8.588868e-02   1.713646e-01   2.560151e-01   3.394275e-01   4.211914e-01   4.211914e-01   3.394277e-01   2.560152e-01   1.713647e-01   8.588873e-02   0.000000e+00
   3.098732e-01   1.008800e+05   2.610000e+02   0.000000e+00  -1.615531e-02  -3.194714e-02  -4.703917e-02  -6.114634e-02  -7.405255e-02  -8.768490e-02  -1.005911e-01  -1.146983e-01  -1.297903e-01  -1.455822e-01  -1.617375e-01   0.000000e+00   8.656631e-02   1.727210e-01   2.580523e-01   3.421484e-01   4.245993e-01   4.245993e-01   3.421486e-01   2.580524e-01   1.727211e-01   8.656637e-02   0.000000e+00
   3.123685e-01   1.001200e+05   2.620000e+02   0.000000e+00  -1.639316e-02  -3.242016e-02  -4.774215e-02  -6.207173e-02  -7.519082e-02  -8.903413e-02  -1.021532e-01  -1.164828e-01  -1.318048e-01  -1.478318e-01  -1.642250e-01   0.000000e+00   8.723828e-02   1.740660e-01   2.600724e-01   3.448465e-01   4.279788e-01   4.279788e-01   3.448467e-01   2.600726e-01   1.740662e-01   8.723834e-02   0.000000e+00
   3.148454e-01   9.939100e+04   2.630000e+02   0.000000e+00  -1.663091e-02  -3.289302e-02  -4.844494e-02  -6.299696e-02  -7.632905e-02  -9.038341e-02  -1.037155e-01  -1.182675e-01  -1.338194e-01  -1.500816e-01  -1.667125e-01   0.000000e+00   8.790472e-02   1.754000e-01   2.620760e-01   3.475225e-01   4.313305e-01   4.313305e-01   3.475227e-01   2.620761e-01   1.754001e-01   8.790477e-02   0.000000e+00
   3.173044e-01   9.867400e+04   2.640000e+02   0.000000e+00  -1.686858e-02  -3.336572e-02  -4.914754e-02  -6.392204e-02  -7.746723e-02  -9.173272e-02  -1.052779e-01  -1.200524e-01  -1.358342e-01  -1.523314e-01  -1.692000e-01   0.000000e+00   8.856573e-02   1.767231e-01   2.640633e-01   3.501768e-01   4.346551e-01   4.346551e-01   3.501770e-01   2.640634e-01   1.767232e-01   8.856578e-02   0.000000e+00
   3.197458e-01   9.797200e+04   2.650000e+02   0.000000e+00  -1.710616e-02  -3.383827e-02  -4.984996e-02  -6.484697e-02  -7.860537e-02  -9.308208e-02  -1.068405e-01  -1.218375e-01  -1.378492e-01  -1.545813e-01  -1.716875e-01   0.000000e+00   8.922144e-02   1.780356e-01   2.660346e-01   3.528098e-01   4.379532e-01   4.379531e-01   3.528100e-01   2.660348e-01   1.780357e-01   8.922150e-02   0.000000e+00
   3.221701e-01   9.728600e+04   2.660000e+02   0.000000e+00  -1.734365e-02  -3.431066e-02  -5.055219e-02  -6.577175e-02  -7.974347e-02  -9.443148e-02  -1.084032e-01  -1.236227e-01  -1.398643e-01  -1.568313e-01  -1.741750e-01   0.000000e+00   8.987197e-02   1.793377e-01   2.679904e-01   3.554221e-01   4.412252e-01   4.412252e-01   3.554223e-01   2.679906e-01   1.793379e-01   8.987202e-02   0.000000e+00
   3.245775e-01   9.661500e+04   2.670000e+02   0.000000e+00  -1.758105e-02  -3.478291e-02  -5.125426e-02  -6.669640e-02  -8.088152e-02  -9.578093e-02  -1.099660e-01  -1.254082e-01  -1.418796e-01  -1.590814e-01  -1.766625e-01   0.000000e+00   9.051741e-02   1.806297e-01   2.699309e-01   3.580140e-01   4.444717e-01   4.444717e-01   3.580142e-01   2.699311e-01   1.806298e-01   9.051747e-02   0.000000e+00
   3.269685e-01   9.595800e+04   2.680000e+02   0.000000e+00  -1.781837e-02  -3.525500e-02  -5.195615e-02  -6.762089e-02  -8.201954e-02  -9.713041e-02  -1.115290e-01  -1.271938e-01  -1.438950e-01  -1.613316e-01  -1.791500e-01   0.000000e+00   9.115788e-02   1.819117e-01   2.718565e-01   3.605859e-01   4.476934e-01   4.476933e-01   3.605861e-01   2.718567e-01   1.819118e-01   9.115793e-02   0.000000e+00
   3.293434e-01   9.531500e+04   2.690000e+02   0.000000e+00  -1.805561e-02  -3.572695e-02  -5.265788e-02  -6.854525e-02  -8.315752e-02  -9.847993e-02  -1.130922e-01  -1.289796e-01  -1.459105e-01  -1.635819e-01  -1.816375e-01   0.000000e+00   9.179347e-02   1.831840e-01   2.737674e-01   3.631383e-01   4.508906e-01   4.508905e-01   3.631385e-01   2.737676e-01   1.831841e-01   9.179352e-02   0.000000e+00
   3.317026e-01   9.468500e+04   2.700000e+02   0.000000e+00  -1.829277e-02  -3.619877e-02  -5.335943e-02  -6.946948e-02  -8.429545e-02  -9.982949e-02  -1.146554e-01  -1.307655e-01  -1.479262e-01  -1.658322e-01  -1.841250e-01   0.000000e+00   9.242428e-02   1.844466e-01   2.756640e-01   3.656716e-01   4.540638e-01   4.540638e-01   3.656718e-01   2.756642e-01   1.844467e-01   9.242433e-02   0.000000e+00
   3.340462e-01   9.406700e+04   2.710000e+02   0.000000e+00  -1.852986e-02  -3.667044e-02  -5.406083e-02  -7.039357e-02  -8.543335e-02  -1.011791e-01  -1.162189e-01  -1.325516e-01  -1.499420e-01  -1.680826e-01  -1.866125e-01   0.000000e+00   9.305040e-02   1.856999e-01   2.775465e-01   3.681861e-01   4.572136e-01   4.572136e-01   3.681863e-01   2.775467e-01   1.857000e-01   9.305045e-02   0.000000e+00
   3.363748e-01   9.346300e+04   2.720000e+02   0.000000e+00  -1.876686e-02  -3.714198e-02  -5.476207e-02  -7.131753e-02  -8.657121e-02  -1.025287e-01  -1.177824e-01  -1.343379e-01  -1.519580e-01  -1.703331e-01  -1.891000e-01   0.000000e+00   9.367192e-02   1.869440e-01   2.794152e-01   3.706822e-01   4.603403e-01   4.603403e-01   3.706824e-01   2.794154e-01   1.869442e-01   9.367198e-02   0.000000e+00
   3.386885e-01   9.287000e+04   2.730000e+02   0.000000e+00  -1.900379e-02  -3.761338e-02  -5.546315e-02  -7.224136e-02  -8.770903e-02  -1.038784e-01  -1.193461e-01  -1.361243e-01  -1.539741e-01  -1.725837e-01  -1.915875e-01   0.000000e+00   9.428894e-02   1.881791e-01   2.812704e-01   3.731602e-01   4.634445e-01   4.634445e-01   3.731604e-01   2.812706e-01   1.881793e-01   9.428900e-02   0.000000e+00
   3.409877e-01   9.228800e+04   2.740000e+02   0.000000e+00  -1.924064e-02  -3.808466e-02  -5.616408e-02  -7.316506e-02  -8.884682e-02  -1.052281e-01  -1.209099e-01  -1.379109e-01  -1.559903e-01  -1.748343e-01  -1.940750e-01   0.000000e+00   9.490154e-02   1.894054e-01   2.831123e-01   3.756205e-01   4.665265e-01   4.665265e-01   3.756207e-01   2.831125e-01   1.894055e-01   9.490160e-02   0.000000e+00
   3.432726e-01   9.171900e+04   2.750000e+02   0.000000e+00  -1.947743e-02  -3.855580e-02  -5.686485e-02  -7.408864e-02  -8.998457e-02  -1.065779e-01  -1.224738e-01  -1.396976e-01  -1.580067e-01  -1.770850e-01  -1.965625e-01   0.000000e+00   9.550980e-02   1.906229e-01   2.849411e-01   3.780634e-01   4.695868e-01   4.695868e-01   3.780637e-01   2.849413e-01   1.906231e-01   9.550986e-02   0.000000e+00
   3.455436e-01   9.115900e+04   2.760000e+02   0.000000e+00  -1.971414e-02  -3.902682e-02  -5.756548e-02  -7.501210e-02  -9.112228e-02  -1.079277e-01  -1.240378e-01  -1.414844e-01  -1.600231e-01  -1.793358e-01  -1.990500e-01   0.000000e+00   9.611380e-02   1.918320e-01   2.867572e-01   3.804893e-01   4.726257e-01   4.726257e-01   3.804895e-01   2.867574e-01   1.918321e-01   9.611385e-02   0.000000e+00
   3.478008e-01   9.061100e+04   2.770000e+02   0.000000e+00  -1.995078e-02  -3.949772e-02  -5.826597e-02  -7.593544e-02  -9.225995e-02  -1.092775e-01  -1.256020e-01  -1.432715e-01  -1.620397e-01  -1.815867e-01  -2.015375e-01   0.000000e+00   9.671361e-02   1.930327e-01   2.885607e-01   3.828984e-01   4.756437e-01   4.756437e-01   3.828987e-01   2.885609e-01   1.930328e-01   9.671367e-02   0.000000e+00
   3.500446e-01   9.007300e+04   2.780000e+02   0.000000e+00  -2.018735e-02  -3.996849e-02  -5.896631e-02  -7.685865e-02  -9.339759e-02  -1.106274e-01  -1.271663e-01  -1.450586e-01  -1.640565e-01  -1.838376e-01  -2.040250e-01   0.000000e+00   9.730932e-02   1.942251e-01   2.903519e-01   3.852911e-01   4.786411e-01   4.786411e-01   3.852913e-01   2.903521e-01   1.942252e-01   9.730938e-02   0.000000e+00
   3.522752e-01   8.954400e+04   2.790000e+02   0.000000e+00  -2.042385e-02  -4.043914e-02  -5.966651e-02  -7.778176e-02  -9.453520e-02  -1.119772e-01  -1.287307e-01  -1.468459e-01  -1.660733e-01  -1.860886e-01  -2.065125e-01   0.000000e+00   9.790099e-02   1.954095e-01   2.921310e-01   3.876676e-01   4.816183e-01   4.816183e-01   3.876678e-01   2.921312e-01   1.954096e-01   9.790105e-02   0.000000e+00
   3.544927e-01   8.902600e+04   2.800000e+02   0.000000e+00  -2.066029e-02  -4.090968e-02  -6.036657e-02  -7.870475e-02  -9.567277e-02  -1.133272e-01  -1.302952e-01  -1.486334e-01  -1.680903e-01  -1.883397e-01  -2.090000e-01   0.000000e+00   9.848869e-02   1.965859e-01   2.938981e-01   3.900282e-01   4.845756e-01   4.845756e-01   3.900284e-01   2.938983e-01   1.965860e-01   9.848875e-02   0.000000e+00
   3.566976e-01   8.851600e+04   2.810000e+02   0.000000e+00  -2.089666e-02  -4.138010e-02  -6.106650e-02  -7.962762e-02  -9.681030e-02  -1.146771e-01  -1.318598e-01  -1.504209e-01  -1.701074e-01  -1.905908e-01  -2.114875e-01   0.000000e+00   9.907250e-02   1.977546e-01   2.956536e-01   3.923732e-01   4.875134e-01   4.875134e-01   3.923734e-01   2.956538e-01   1.977547e-01   9.907256e-02   0.000000e+00
   3.588899e-01   8.801600e+04   2.820000e+02   0.000000e+00  -2.113297e-02  -4.185040e-02  -6.176629e-02  -8.055039e-02  -9.794780e-02  -1.160271e-01  -1.334245e-01  -1.522086e-01  -1.721245e-01  -1.928420e-01  -2.139750e-01   0.000000e+00   9.965247e-02   1.989156e-01   2.973976e-01   3.947029e-01   4.904321e-01   4.904320e-01   3.947031e-01   2.973977e-01   1.989157e-01   9.965253e-02   0.000000e+00
   3.610700e-01   8.752400e+04   2.830000e+02   0.000000e+00  -2.136921e-02  -4.232060e-02  -6.246596e-02  -8.147305e-02  -9.908527e-02  -1.173772e-01  -1.349894e-01  -1.539965e-01  -1.741419e-01  -1.950933e-01  -2.164625e-01   0.000000e+00   1.002287e-01   2.000690e-01   2.991302e-01   3.970174e-01   4.933318e-01   4.933318e-01   3.970177e-01   2.991304e-01   2.000691e-01   1.002287e-01   0.000000e+00
   3.632380e-01   8.704100e+04   2.840000e+02   0.000000e+00  -2.160539e-02  -4.279068e-02  -6.316549e-02  -8.239559e-02  -1.002227e-01  -1.187272e-01  -1.365543e-01  -1.557844e-01  -1.761593e-01  -1.973446e-01  -2.189500e-01   0.000000e+00   1.008012e-01   2.012150e-01   3.008517e-01   3.993172e-01   4.962130e-01   4.962130e-01   3.993174e-01   3.008519e-01   2.012152e-01   1.008012e-01   0.000000e+00
   3.653941e-01   8.656600e+04   2.850000e+02   0.000000e+00  -2.184151e-02  -4.326065e-02  -6.386489e-02  -8.331804e-02  -1.013601e-01  -1.200773e-01  -1.381194e-01  -1.575725e-01  -1.781768e-01  -1.995960e-01  -2.214375e-01   0.000000e+00   1.013700e-01   2.023538e-01   3.025623e-01   4.016023e-01   4.990760e-01   4.990760e-01   4.016026e-01   3.025625e-01   2.023539e-01   1.013701e-01   0.000000e+00
   3.675385e-01   8.610000e+04   2.860000e+02   0.000000e+00  -2.207757e-02  -4.373052e-02  -6.456417e-02  -8.424038e-02  -1.024975e-01  -1.214275e-01  -1.396845e-01  -1.593608e-01  -1.801944e-01  -2.018474e-01  -2.239250e-01   0.000000e+00   1.019353e-01   2.034854e-01   3.042622e-01   4.038732e-01   5.019210e-01   5.019210e-01   4.038734e-01   3.042623e-01   2.034855e-01   1.019354e-01   0.000000e+00
   3.696715e-01   8.564100e+04   2.870000e+02   0.000000e+00  -2.231357e-02  -4.420029e-02  -6.526333e-02  -8.516262e-02  -1.036348e-01  -1.227776e-01  -1.412498e-01  -1.611491e-01  -1.822122e-01  -2.040989e-01  -2.264125e-01   0.000000e+00   1.024971e-01   2.046099e-01   3.059514e-01   4.061298e-01   5.047484e-01   5.047483e-01   4.061301e-01   3.059516e-01   2.046100e-01   1.024971e-01   0.000000e+00
   3.717932e-01   8.519000e+04   2.880000e+02   0.000000e+00  -2.254951e-02  -4.466995e-02  -6.596237e-02  -8.608475e-02  -1.047721e-01  -1.241278e-01  -1.428151e-01  -1.629376e-01  -1.842300e-01  -2.063505e-01  -2.289000e-01   0.000000e+00   1.030554e-01   2.057275e-01   3.076302e-01   4.083726e-01   5.075583e-01   5.075583e-01   4.083729e-01   3.076304e-01   2.057276e-01   1.030554e-01   0.000000e+00
   3.739039e-01   8.474600e+04   2.890000e+02   0.000000e+00  -2.278539e-02  -4.513950e-02  -6.666128e-02  -8.700679e-02  -1.059094e-01  -1.254780e-01  -1.443806e-01  -1.647261e-01  -1.862479e-01  -2.086021e-01  -2.313875e-01   0.000000e+00   1.036102e-01   2.068382e-01   3.092988e-01   4.106017e-01   5.103512e-01   5.103512e-01   4.106020e-01   3.092990e-01   2.068383e-01   1.036103e-01   0.000000e+00
   3.760036e-01   8.431000e+04   2.900000e+02   0.000000e+00  -2.302122e-02  -4.560896e-02  -6.736008e-02  -8.792873e-02  -1.070466e-01  -1.268283e-01  -1.459462e-01  -1.665148e-01  -1.882660e-01  -2.108538e-01  -2.338750e-01   0.000000e+00   1.041617e-01   2.079422e-01   3.109573e-01   4.128174e-01   5.131272e-01   5.131272e-01   4.128176e-01   3.109575e-01   2.079424e-01   1.041618e-01   0.000000e+00
   3.780926e-01   8.388000e+04   2.910000e+02   0.000000e+00  -2.325699e-02  -4.607832e-02  -6.805876e-02  -8.885057e-02  -1.081839e-01  -1.281786e-01  -1.475118e-01  -1.683037e-01  -1.902841e-01  -2.131055e-01  -2.363625e-01   0.000000e+00   1.047099e-01   2.090396e-01   3.126058e-01   4.150197e-01   5.158867e-01   5.158866e-01   4.150200e-01   3.126060e-01   2.090398e-01   1.047100e-01   0.000000e+00
   3.801710e-01   8.345700e+04   2.920000e+02   0.000000e+00  -2.349271e-02  -4.654758e-02  -6.875732e-02  -8.977232e-02  -1.093211e-01  -1.295289e-01  -1.490776e-01  -1.700926e-01  -1.923024e-01  -2.153573e-01  -2.388500e-01   0.000000e+00   1.052549e-01   2.101305e-01   3.142446e-01   4.172090e-01   5.186298e-01   5.186297e-01   4.172093e-01   3.142448e-01   2.101306e-01   1.052549e-01   0.000000e+00
   3.822390e-01   8.304100e+04   2.930000e+02   0.000000e+00  -2.372837e-02  -4.701675e-02  -6.945578e-02  -9.069397e-02  -1.104582e-01  -1.308792e-01  -1.506434e-01  -1.718816e-01  -1.943207e-01  -2.176091e-01  -2.413375e-01   0.000000e+00   1.057966e-01   2.112149e-01   3.158737e-01   4.193855e-01   5.213568e-01   5.213568e-01   4.193858e-01   3.158739e-01   2.112151e-01   1.057966e-01   0.000000e+00
   3.842968e-01   8.263200e+04   2.940000e+02   0.000000e+00  -2.396397e-02  -4.748582e-02  -7.015412e-02  -9.161554e-02  -1.115953e-01  -1.322296e-01  -1.522094e-01  -1.736708e-01  -1.963391e-01  -2.198610e-01  -2.438250e-01   0.000000e+00   1.063351e-01   2.122931e-01   3.174933e-01   4.215493e-01   5.240680e-01   5.240680e-01   4.215495e-01   3.174935e-01   2.122932e-01   1.063352e-01   0.000000e+00
   3.863445e-01   8.222900e+04   2.950000e+02   0.000000e+00  -2.419953e-02  -4.795479e-02  -7.085235e-02  -9.253701e-02  -1.127324e-01  -1.335800e-01  -1.537754e-01  -1.754601e-01  -1.983576e-01  -2.221129e-01  -2.463125e-01   0.000000e+00   1.068706e-01   2.133649e-01   3.191035e-01   4.237006e-01   5.267636e-01   5.267635e-01   4.237008e-01   3.191037e-01   2.133651e-01   1.068706e-01   0.000000e+00
   3.883824e-01   8.183200e+04   2.960000e+02   0.000000e+00  -2.443503e-02  -4.842368e-02  -7.155048e-02  -9.345839e-02  -1.138695e-01  -1.349304e-01  -1.553415e-01  -1.772494e-01  -2.003763e-01  -2.243649e-01  -2.488000e-01   0.000000e+00   1.074029e-01   2.144307e-01   3.207045e-01   4.258396e-01   5.294437e-01   5.294437e-01   4.258398e-01   3.207047e-01   2.144308e-01   1.074030e-01   0.000000e+00
   3.904104e-01   8.144100e+04   2.970000e+02   0.000000e+00  -2.467048e-02  -4.889247e-02  -7.224849e-02  -9.437968e-02  -1.150065e-01  -1.362809e-01  -1.569077e-01  -1.790389e-01  -2.023950e-01  -2.266170e-01  -2.512875e-01   0.000000e+00   1.079322e-01   2.154903e-01   3.222964e-01   4.279664e-01   5.321087e-01   5.321087e-01   4.279667e-01   3.222966e-01   2.154905e-01   1.079323e-01   0.000000e+00
   3.924288e-01   8.105600e+04   2.980000e+02   0.000000e+00  -2.490588e-02  -4.936118e-02  -7.294641e-02  -9.530088e-02  -1.161435e-01  -1.376314e-01  -1.584740e-01  -1.808285e-01  -2.044138e-01  -2.288691e-01  -2.537750e-01   0.000000e+00   1.084586e-01   2.165440e-01   3.238794e-01   4.300813e-01   5.347588e-01   5.347588e-01   4.300816e-01   3.238796e-01   2.165442e-01   1.084587e-01   0.000000e+00
   3.944378e-01   8.067700e+04   2.990000e+02   0.000000e+00  -2.514123e-02  -4.982980e-02  -7.364422e-02  -9.622200e-02  -1.172805e-01  -1.389819e-01  -1.600404e-01  -1.826182e-01  -2.064326e-01  -2.311212e-01  -2.562625e-01   0.000000e+00   1.089820e-01   2.175918e-01   3.254535e-01   4.321844e-01   5.373941e-01   5.373941e-01   4.321847e-01   3.254537e-01   2.175920e-01   1.089821e-01   0.000000e+00
   3.964374e-01   8.030300e+04   3.000000e+02   0.000000e+00  -2.537653e-02  -5.029833e-02  -7.434192e-02  -9.714303e-02  -1.184175e-01  -1.403324e-01  -1.616069e-01  -1.844080e-01  -2.084516e-01  -2.333734e-01  -2.587500e-01   0.000000e+00   1.095025e-01   2.186338e-01   3.270189e-01   4.342759e-01   5.400149e-01   5.400149e-01   4.342762e-01   3.270191e-01   2.186340e-01   1.095026e-01   0.000000e+00
   3.984279e-01   7.993500e+04   3.010000e+02   0.000000e+00  -2.561179e-02  -5.076677e-02  -7.503953e-02  -9.806398e-02  -1.195544e-01  -1.416830e-01  -1.631734e-01  -1.861979e-01  -2.104707e-01  -2.356257e-01  -2.612375e-01   0.000000e+00   1.100201e-01   2.196701e-01   3.285758e-01   4.363560e-01   5.426214e-01   5.426213e-01   4.363562e-01   3.285760e-01   2.196702e-01   1.100202e-01   0.000000e+00
   4.004092e-01   7.957200e+04   3.020000e+02   0.000000e+00  -2.584699e-02  -5.123513e-02  -7.573704e-02  -9.898484e-02  -1.206913e-01  -1.430336e-01  -1.647400e-01  -1.879879e-01  -2.124898e-01  -2.378780e-01  -2.637250e-01   0.000000e+00   1.105349e-01   2.207007e-01   3.301241e-01   4.384247e-01   5.452137e-01   5.452137e-01   4.384250e-01   3.301243e-01   2.207009e-01   1.105350e-01   0.000000e+00
   4.023817e-01   7.921400e+04   3.030000e+02   0.000000e+00  -2.608215e-02  -5.170340e-02  -7.643444e-02  -9.990562e-02  -1.218282e-01  -1.443842e-01  -1.663068e-01  -1.897780e-01  -2.145090e-01  -2.401303e-01  -2.662125e-01   0.000000e+00   1.110470e-01   2.217258e-01   3.316641e-01   4.404823e-01   5.477921e-01   5.477920e-01   4.404825e-01   3.316643e-01   2.217259e-01   1.110470e-01   0.000000e+00
   4.043453e-01   7.886100e+04   3.040000e+02   0.000000e+00  -2.631726e-02  -5.217160e-02  -7.713175e-02  -1.008263e-01  -1.229650e-01  -1.457349e-01  -1.678736e-01  -1.915682e-01  -2.165283e-01  -2.423827e-01  -2.687000e-01   0.000000e+00   1.115563e-01   2.227453e-01   3.331958e-01   4.425288e-01   5.503567e-01   5.503566e-01   4.425291e-01   3.331960e-01   2.227455e-01   1.115563e-01   0.000000e+00
   4.063002e-01   7.851400e+04   3.050000e+02   0.000000e+00  -2.655232e-02  -5.263971e-02  -7.782897e-02  -1.017469e-01  -1.241019e-01  -1.470856e-01  -1.694404e-01  -1.933584e-01  -2.185477e-01  -2.446351e-01  -2.711875e-01   0.000000e+00   1.120628e-01   2.237595e-01   3.347194e-01   4.445645e-01   5.529077e-01   5.529077e-01   4.445648e-01   3.347196e-01   2.237596e-01   1.120629e-01   0.000000e+00
   4.082466e-01   7.817100e+04   3.060000e+02   0.000000e+00  -2.678734e-02  -5.310774e-02  -7.852609e-02  -1.026675e-01  -1.252387e-01  -1.484363e-01  -1.710074e-01  -1.951488e-01  -2.205672e-01  -2.468876e-01  -2.736750e-01   0.000000e+00   1.125667e-01   2.247682e-01   3.362350e-01   4.465895e-01   5.554454e-01   5.554453e-01   4.465898e-01   3.362352e-01   2.247684e-01   1.125668e-01   0.000000e+00
   4.101845e-01   7.783300e+04   3.070000e+02   0.000000e+00  -2.702232e-02  -5.357569e-02  -7.922311e-02  -1.035880e-01  -1.263754e-01  -1.497870e-01  -1.725744e-01  -1.969393e-01  -2.225867e-01  -2.491402e-01  -2.761625e-01   0.000000e+00   1.130680e-01   2.257717e-01   3.377426e-01   4.486040e-01   5.579698e-01   5.579698e-01   4.486042e-01   3.377428e-01   2.257719e-01   1.130680e-01   0.000000e+00
   4.121142e-01   7.749900e+04   3.080000e+02   0.000000e+00  -2.725725e-02  -5.404357e-02  -7.992005e-02  -1.045083e-01  -1.275122e-01  -1.511377e-01  -1.741415e-01  -1.987299e-01  -2.246064e-01  -2.513927e-01  -2.786500e-01   0.000000e+00   1.135666e-01   2.267700e-01   3.392424e-01   4.506080e-01   5.604812e-01   5.604811e-01   4.506082e-01   3.392426e-01   2.267701e-01   1.135667e-01   0.000000e+00
   4.140356e-01   7.717000e+04   3.090000e+02   0.000000e+00  -2.749213e-02  -5.451136e-02  -8.061689e-02  -1.054287e-01  -1.286489e-01  -1.524885e-01  -1.757087e-01  -2.005205e-01  -2.266261e-01  -2.536453e-01  -2.811375e-01   0.000000e+00   1.140627e-01   2.277631e-01   3.407345e-01   4.526016e-01   5.629796e-01   5.629796e-01   4.526019e-01   3.407347e-01   2.277633e-01   1.140628e-01   0.000000e+00
   4.159489e-01   7.684600e+04   3.100000e+02   0.000000e+00  -2.772698e-02  -5.497908e-02  -8.131365e-02  -1.063489e-01  -1.297856e-01  -1.538393e-01  -1.772760e-01  -2.023113e-01  -2.286459e-01  -2.558980e-01  -2.836250e-01   0.000000e+00   1.145562e-01   2.287512e-01   3.422189e-01   4.545852e-01   5.654654e-01   5.654654e-01   4.545854e-01   3.422192e-01   2.287513e-01   1.145563e-01   0.000000e+00
   4.178542e-01   7.652600e+04   3.110000e+02   0.000000e+00  -2.796177e-02  -5.544673e-02  -8.201031e-02  -1.072690e-01  -1.309223e-01  -1.551901e-01  -1.788433e-01  -2.041021e-01  -2.306657e-01  -2.581507e-01  -2.861125e-01   0.000000e+00   1.150472e-01   2.297342e-01   3.436959e-01   4.565586e-01   5.679386e-01   5.679386e-01   4.565589e-01   3.436961e-01   2.297343e-01   1.150473e-01   0.000000e+00
   4.197516e-01   7.621000e+04   3.120000e+02   0.000000e+00  -2.819653e-02  -5.591430e-02  -8.270689e-02  -1.081891e-01  -1.320589e-01  -1.565410e-01  -1.804107e-01  -2.058930e-01  -2.326856e-01  -2.604034e-01  -2.886000e-01   0.000000e+00   1.155358e-01   2.307123e-01   3.451653e-01   4.585222e-01   5.703994e-01   5.703994e-01   4.585224e-01   3.451656e-01   2.307124e-01   1.155359e-01   0.000000e+00
   4.216413e-01   7.589800e+04   3.130000e+02   0.000000e+00  -2.843125e-02  -5.638179e-02  -8.340338e-02  -1.091091e-01  -1.331955e-01  -1.578919e-01  -1.819782e-01  -2.076840e-01  -2.347056e-01  -2.626562e-01  -2.910875e-01   0.000000e+00   1.160219e-01   2.316854e-01   3.466275e-01   4.604759e-01   5.728479e-01   5.728479e-01   4.604762e-01   3.466277e-01   2.316856e-01   1.160219e-01   0.000000e+00
   4.235232e-01   7.559000e+04   3.140000e+02   0.000000e+00  -2.866592e-02  -5.684921e-02  -8.409978e-02  -1.100291e-01  -1.343321e-01  -1.592428e-01  -1.835458e-01  -2.094751e-01  -2.367257e-01  -2.649090e-01  -2.935750e-01   0.000000e+00   1.165056e-01   2.326538e-01   3.480824e-01   4.624200e-01   5.752844e-01   5.752843e-01   4.624202e-01   3.480826e-01   2.326539e-01   1.165056e-01   0.000000e+00
   4.253976e-01   7.528600e+04   3.150000e+02   0.000000e+00  -2.890056e-02  -5.731656e-02  -8.479610e-02  -1.109490e-01  -1.354687e-01  -1.605937e-01  -1.851134e-01  -2.112663e-01  -2.387459e-01  -2.671619e-01  -2.960625e-01   0.000000e+00   1.169868e-01   2.336173e-01   3.495301e-01   4.643545e-01   5.777089e-01   5.777088e-01   4.643547e-01   3.495303e-01   2.336175e-01   1.169869e-01   0.000000e+00
   4.272645e-01   7.498600e+04   3.160000e+02   0.000000e+00  -2.913515e-02  -5.778384e-02  -8.549233e-02  -1.118688e-01  -1.366053e-01  -1.619446e-01  -1.866811e-01  -2.130576e-01  -2.407661e-01  -2.694148e-01  -2.985500e-01   0.000000e+00   1.174658e-01   2.345762e-01   3.509707e-01   4.662795e-01   5.801215e-01   5.801215e-01   4.662798e-01   3.509709e-01   2.345763e-01   1.174658e-01   0.000000e+00
   4.291240e-01   7.469000e+04   3.170000e+02   0.000000e+00  -2.936971e-02  -5.825106e-02  -8.618849e-02  -1.127885e-01  -1.377418e-01  -1.632956e-01  -1.882489e-01  -2.148489e-01  -2.427864e-01  -2.716678e-01  -3.010375e-01   0.000000e+00   1.179424e-01   2.355303e-01   3.524043e-01   4.681952e-01   5.825225e-01   5.825225e-01   4.681955e-01   3.524045e-01   2.355305e-01   1.179424e-01   0.000000e+00
   4.309762e-01   7.439800e+04   3.180000e+02   0.000000e+00  -2.960422e-02  -5.871820e-02  -8.688456e-02  -1.137082e-01  -1.388783e-01  -1.646466e-01  -1.898167e-01  -2.166403e-01  -2.448067e-01  -2.739207e-01  -3.035250e-01   0.000000e+00   1.184167e-01   2.364799e-01   3.538310e-01   4.701017e-01   5.849120e-01   5.849119e-01   4.701020e-01   3.538312e-01   2.364800e-01   1.184167e-01   0.000000e+00
   4.328212e-01   7.410900e+04   3.190000e+02   0.000000e+00  -2.983870e-02  -5.918527e-02  -8.758055e-02  -1.146278e-01  -1.400148e-01  -1.659976e-01  -1.913846e-01  -2.184318e-01  -2.468272e-01  -2.761738e-01  -3.060125e-01   0.000000e+00   1.188887e-01   2.374249e-01   3.552509e-01   4.719991e-01   5.872900e-01   5.872900e-01   4.719994e-01   3.552511e-01   2.374250e-01   1.188887e-01   0.000000e+00
   4.346591e-01   7.382400e+04   3.200000e+02   0.000000e+00  -3.007313e-02  -5.965227e-02  -8.827646e-02  -1.155473e-01  -1.411512e-01  -1.673487e-01  -1.929526e-01  -2.202234e-01  -2.488477e-01  -2.784268e-01  -3.085000e-01   0.000000e+00   1.193584e-01   2.383654e-01   3.566640e-01   4.738874e-01   5.896568e-01   5.896568e-01   4.738877e-01   3.566642e-01   2.383655e-01   1.193585e-01   0.000000e+00
   4.364900e-01   7.354300e+04   3.210000e+02   0.000000e+00  -3.030753e-02  -6.011920e-02  -8.897228e-02  -1.164667e-01  -1.422877e-01  -1.686997e-01  -1.945206e-01  -2.220151e-01  -2.508682e-01  -2.806799e-01  -3.109875e-01   0.000000e+00   1.198260e-01   2.393014e-01   3.580704e-01   4.757669e-01   5.920124e-01   5.920124e-01   4.757672e-01   3.580707e-01   2.393016e-01   1.198260e-01   0.000000e+00
   4.383139e-01   7.326500e+04   3.220000e+02   0.000000e+00  -3.054189e-02  -6.058607e-02  -8.966804e-02  -1.173861e-01  -1.434241e-01  -1.700508e-01  -1.960887e-01  -2.238069e-01  -2.528889e-01  -2.829331e-01  -3.134750e-01   0.000000e+00   1.202913e-01   2.402331e-01   3.594703e-01   4.776375e-01   5.943571e-01   5.943570e-01   4.776378e-01   3.594705e-01   2.402332e-01   1.202914e-01   0.000000e+00
   4.401309e-01   7.299000e+04   3.230000e+02   0.000000e+00  -3.077622e-02  -6.105288e-02  -9.036371e-02  -1.183055e-01  -1.445605e-01  -1.714019e-01  -1.976569e-01  -2.255987e-01  -2.549095e-01  -2.851862e-01  -3.159625e-01   0.000000e+00   1.207545e-01   2.411604e-01   3.608636e-01   4.794994e-01   5.966908e-01   5.966908e-01   4.794997e-01   3.608638e-01   2.411605e-01   1.207545e-01   0.000000e+00
   4.419412e-01   7.271800e+04   3.240000e+02   0.000000e+00  -3.101051e-02  -6.151961e-02  -9.105931e-02  -1.192247e-01  -1.456969e-01  -1.727530e-01  -1.992251e-01  -2.273906e-01  -2.569303e-01  -2.874395e-01  -3.184500e-01   0.000000e+00   1.212155e-01   2.420834e-01   3.622504e-01   4.813528e-01   5.990138e-01   5.990138e-01   4.813531e-01   3.622506e-01   2.420835e-01   1.212155e-01   0.000000e+00
   4.437448e-01   7.245000e+04   3.250000e+02   0.000000e+00  -3.124476e-02  -6.198629e-02  -9.175483e-02  -1.201439e-01  -1.468332e-01  -1.741042e-01  -2.007934e-01  -2.291826e-01  -2.589511e-01  -2.896927e-01  -3.209375e-01   0.000000e+00   1.216744e-01   2.430021e-01   3.636309e-01   4.831976e-01   6.013261e-01   6.013261e-01   4.831979e-01   3.636311e-01   2.430023e-01   1.216744e-01   0.000000e+00
   4.455418e-01   7.218500e+04   3.260000e+02   0.000000e+00  -3.147897e-02  -6.245290e-02  -9.245028e-02  -1.210631e-01  -1.479695e-01  -1.754554e-01  -2.023618e-01  -2.309746e-01  -2.609720e-01  -2.919460e-01  -3.234250e-01   0.000000e+00   1.221311e-01   2.439167e-01   3.650050e-01   4.850339e-01   6.036279e-01   6.036279e-01   4.850342e-01   3.650052e-01   2.439168e-01   1.221312e-01   0.000000e+00
   4.473323e-01   7.192300e+04   3.270000e+02   0.000000e+00  -3.171315e-02  -6.291945e-02  -9.314565e-02  -1.219822e-01  -1.491059e-01  -1.768066e-01  -2.039302e-01  -2.327667e-01  -2.629930e-01  -2.941993e-01  -3.259125e-01   0.000000e+00   1.225858e-01   2.448270e-01   3.663729e-01   4.868620e-01   6.059193e-01   6.059193e-01   4.868623e-01   3.663731e-01   2.448272e-01   1.225859e-01   0.000000e+00
   4.491162e-01   7.166400e+04   3.280000e+02   0.000000e+00  -3.194730e-02  -6.338593e-02  -9.384095e-02  -1.229012e-01  -1.502421e-01  -1.781578e-01  -2.054987e-01  -2.345589e-01  -2.650140e-01  -2.964527e-01  -3.284000e-01   0.000000e+00   1.230385e-01   2.457333e-01   3.677346e-01   4.886818e-01   6.082004e-01   6.082003e-01   4.886821e-01   3.677349e-01   2.457334e-01   1.230386e-01   0.000000e+00
   4.508938e-01   7.140800e+04   3.290000e+02   0.000000e+00  -3.218141e-02  -6.385236e-02  -9.453617e-02  -1.238201e-01  -1.513784e-01  -1.795090e-01  -2.070672e-01  -2.363512e-01  -2.670351e-01  -2.987061e-01  -3.308875e-01   0.000000e+00   1.234891e-01   2.466354e-01   3.690902e-01   4.904935e-01   6.104713e-01   6.104712e-01   4.904938e-01   3.690905e-01   2.466356e-01   1.234892e-01   0.000000e+00
   4.526651e-01   7.115500e+04   3.300000e+02   0.000000e+00  -3.241548e-02  -6.431872e-02  -9.523133e-02  -1.247390e-01  -1.525146e-01  -1.808603e-01  -2.086358e-01  -2.381436e-01  -2.690562e-01  -3.009595e-01  -3.333750e-01   0.000000e+00   1.239377e-01   2.475336e-01   3.704398e-01   4.922971e-01   6.127321e-01   6.127320e-01   4.922974e-01   3.704400e-01   2.475337e-01   1.239377e-01   0.000000e+00
   4.544302e-01   7.090500e+04   3.310000e+02   0.000000e+00  -3.264952e-02  -6.478502e-02  -9.592641e-02  -1.256579e-01  -1.536509e-01  -1.822115e-01  -2.102045e-01  -2.399360e-01  -2.710774e-01  -3.032129e-01  -3.358625e-01   0.000000e+00   1.243843e-01   2.484277e-01   3.717834e-01   4.940927e-01   6.149829e-01   6.149829e-01   4.940930e-01   3.717836e-01   2.484279e-01   1.243843e-01   0.000000e+00
   4.561891e-01   7.065800e+04   3.320000e+02   0.000000e+00  -3.288353e-02  -6.525126e-02  -9.662142e-02  -1.265766e-01  -1.547871e-01  -1.835628e-01  -2.117732e-01  -2.417285e-01  -2.730987e-01  -3.054664e-01  -3.383500e-01   0.000000e+00   1.248289e-01   2.493180e-01   3.731210e-01   4.958804e-01   6.172239e-01   6.172238e-01   4.958807e-01   3.731213e-01   2.493181e-01   1.248290e-01   0.000000e+00
   4.579419e-01   7.041400e+04   3.330000e+02   0.000000e+00  -3.311750e-02  -6.571745e-02  -9.731636e-02  -1.274954e-01  -1.559233e-01  -1.849141e-01  -2.133420e-01  -2.435210e-01  -2.751200e-01  -3.077200e-01  -3.408375e-01   0.000000e+00   1.252716e-01   2.502043e-01   3.744529e-01   4.976603e-01   6.194550e-01   6.194550e-01   4.976606e-01   3.744531e-01   2.502044e-01   1.252716e-01   0.000000e+00
   4.596886e-01   7.017200e+04   3.340000e+02   0.000000e+00  -3.335145e-02  -6.618358e-02  -9.801124e-02  -1.284140e-01  -1.570594e-01  -1.862655e-01  -2.149108e-01  -2.453136e-01  -2.771413e-01  -3.099735e-01  -3.433250e-01   0.000000e+00   1.257123e-01   2.510867e-01   3.757789e-01   4.994325e-01   6.216766e-01   6.216765e-01   4.994328e-01   3.757791e-01   2.510869e-01   1.257124e-01   0.000000e+00
   4.614294e-01   6.993300e+04   3.350000e+02   0.000000e+00  -3.358536e-02  -6.664964e-02  -9.870605e-02  -1.293326e-01  -1.581956e-01  -1.876168e-01  -2.164797e-01  -2.471063e-01  -2.791628e-01  -3.122271e-01  -3.458125e-01   0.000000e+00   1.261511e-01   2.519653e-01   3.770991e-01   5.011970e-01   6.238885e-01   6.238885e-01   5.011973e-01   3.770994e-01   2.519655e-01   1.261512e-01   0.000000e+00
   4.631643e-01   6.969700e+04   3.360000e+02   0.000000e+00  -3.381923e-02  -6.711565e-02  -9.940078e-02  -1.302512e-01  -1.593317e-01  -1.889682e-01  -2.180487e-01  -2.488991e-01  -2.811843e-01  -3.144807e-01  -3.483000e-01   0.000000e+00   1.265881e-01   2.528402e-01   3.784137e-01   5.029540e-01   6.260910e-01   6.260909e-01   5.029543e-01   3.784140e-01   2.528403e-01   1.265881e-01   0.000000e+00
   4.648934e-01   6.946300e+04   3.370000e+02   0.000000e+00  -3.405307e-02  -6.758160e-02  -1.000955e-01  -1.311696e-01  -1.604678e-01  -1.903196e-01  -2.196177e-01  -2.506919e-01  -2.832058e-01  -3.167344e-01  -3.507875e-01   0.000000e+00   1.270231e-01   2.537113e-01   3.797227e-01   5.047034e-01   6.282841e-01   6.282840e-01   5.047037e-01   3.797229e-01   2.537114e-01   1.270232e-01   0.000000e+00
   4.666167e-01   6.923200e+04   3.380000e+02   0.000000e+00  -3.428689e-02  -6.804750e-02  -1.007901e-01  -1.320881e-01  -1.616039e-01  -1.916710e-01  -2.211868e-01  -2.524848e-01  -2.852274e-01  -3.189881e-01  -3.532750e-01   0.000000e+00   1.274563e-01   2.545786e-01   3.810261e-01   5.064454e-01   6.304679e-01   6.304679e-01   5.064457e-01   3.810263e-01   2.545788e-01   1.274564e-01   0.000000e+00
   4.683343e-01   6.900300e+04   3.390000e+02   0.000000e+00  -3.452066e-02  -6.851334e-02  -1.014846e-01  -1.330065e-01  -1.627399e-01  -1.930224e-01  -2.227559e-01  -2.542778e-01  -2.872491e-01  -3.212418e-01  -3.557625e-01   0.000000e+00   1.278877e-01   2.554423e-01   3.823240e-01   5.081801e-01   6.326425e-01   6.326425e-01   5.081804e-01   3.823242e-01   2.554425e-01   1.278878e-01   0.000000e+00
   4.700463e-01   6.877700e+04   3.400000e+02   0.000000e+00  -3.475442e-02  -6.897913e-02  -1.021791e-01  -1.339248e-01  -1.638760e-01  -1.943739e-01  -2.243250e-01  -2.560708e-01  -2.892708e-01  -3.234955e-01  -3.582500e-01   0.000000e+00   1.283173e-01   2.563024e-01   3.836164e-01   5.099075e-01   6.348081e-01   6.348080e-01   5.099078e-01   3.836166e-01   2.563026e-01   1.283173e-01   0.000000e+00
   4.717526e-01   6.855300e+04   3.410000e+02   0.000000e+00  -3.498814e-02  -6.944486e-02  -1.028735e-01  -1.348431e-01  -1.650120e-01  -1.957254e-01  -2.258943e-01  -2.578639e-01  -2.912926e-01  -3.257493e-01  -3.607375e-01   0.000000e+00   1.287450e-01   2.571589e-01   3.849034e-01   5.116277e-01   6.369646e-01   6.369646e-01   5.116280e-01   3.849037e-01   2.571590e-01   1.287451e-01   0.000000e+00
   4.734535e-01   6.833100e+04   3.420000e+02   0.000000e+00  -3.522182e-02  -6.991054e-02  -1.035678e-01  -1.357613e-01  -1.661480e-01  -1.970769e-01  -2.274636e-01  -2.596570e-01  -2.933144e-01  -3.280031e-01  -3.632250e-01   0.000000e+00   1.291710e-01   2.580118e-01   3.861851e-01   5.133407e-01   6.391122e-01   6.391121e-01   5.133411e-01   3.861853e-01   2.580119e-01   1.291711e-01   0.000000e+00
   4.751488e-01   6.811200e+04   3.430000e+02   0.000000e+00  -3.545548e-02  -7.037616e-02  -1.042621e-01  -1.366794e-01  -1.672840e-01  -1.984284e-01  -2.290329e-01  -2.614503e-01  -2.953363e-01  -3.302570e-01  -3.657125e-01   0.000000e+00   1.295952e-01   2.588611e-01   3.874615e-01   5.150467e-01   6.412510e-01   6.412509e-01   5.150470e-01   3.874617e-01   2.588613e-01   1.295953e-01   0.000000e+00
   4.768388e-01   6.789500e+04   3.440000e+02   0.000000e+00  -3.568911e-02  -7.084173e-02  -1.049563e-01  -1.375975e-01  -1.684200e-01  -1.997799e-01  -2.306023e-01  -2.632435e-01  -2.973582e-01  -3.325109e-01  -3.682000e-01   0.000000e+00   1.300176e-01   2.597070e-01   3.887326e-01   5.167457e-01   6.433810e-01   6.433809e-01   5.167460e-01   3.887329e-01   2.597072e-01   1.300177e-01   0.000000e+00
   4.785234e-01   6.768100e+04   3.450000e+02   0.000000e+00  -3.592270e-02  -7.130724e-02  -1.056505e-01  -1.385156e-01  -1.695560e-01  -2.011314e-01  -2.321717e-01  -2.650369e-01  -2.993802e-01  -3.347648e-01  -3.706875e-01   0.000000e+00   1.304384e-01   2.605494e-01   3.899985e-01   5.184378e-01   6.455023e-01   6.455023e-01   5.184381e-01   3.899988e-01   2.605496e-01   1.304384e-01   0.000000e+00
   4.802027e-01   6.746900e+04   3.460000e+02   0.000000e+00  -3.615628e-02  -7.177272e-02  -1.063446e-01  -1.394336e-01  -1.706919e-01  -2.024830e-01  -2.337412e-01  -2.668303e-01  -3.014022e-01  -3.370187e-01  -3.731750e-01   0.000000e+00   1.308574e-01   2.613884e-01   3.912593e-01   5.201230e-01   6.476151e-01   6.476150e-01   5.201233e-01   3.912596e-01   2.613886e-01   1.308575e-01   0.000000e+00
   4.818768e-01   6.725800e+04   3.470000e+02   0.000000e+00  -3.638981e-02  -7.223813e-02  -1.070386e-01  -1.403515e-01  -1.718278e-01  -2.038346e-01  -2.353108e-01  -2.686238e-01  -3.034243e-01  -3.392726e-01  -3.756625e-01   0.000000e+00   1.312747e-01   2.622240e-01   3.925150e-01   5.218013e-01   6.497193e-01   6.497193e-01   5.218017e-01   3.925153e-01   2.622241e-01   1.312748e-01   0.000000e+00
   4.835456e-01   6.705000e+04   3.480000e+02   0.000000e+00  -3.662332e-02  -7.270349e-02  -1.077326e-01  -1.412694e-01  -1.729637e-01  -2.051862e-01  -2.368804e-01  -2.704173e-01  -3.054464e-01  -3.415266e-01  -3.781500e-01   0.000000e+00   1.316903e-01   2.630562e-01   3.937656e-01   5.234730e-01   6.518151e-01   6.518151e-01   5.234733e-01   3.937659e-01   2.630563e-01   1.316904e-01   0.000000e+00
   4.852094e-01   6.684400e+04   3.490000e+02   0.000000e+00  -3.685680e-02  -7.316880e-02  -1.084265e-01  -1.421873e-01  -1.740996e-01  -2.065378e-01  -2.384500e-01  -2.722109e-01  -3.074686e-01  -3.437807e-01  -3.806375e-01   0.000000e+00   1.321043e-01   2.638850e-01   3.950113e-01   5.251380e-01   6.539026e-01   6.539026e-01   5.251383e-01   3.950115e-01   2.638852e-01   1.321044e-01   0.000000e+00
   4.868680e-01   6.664000e+04   3.500000e+02   0.000000e+00  -3.709026e-02  -7.363406e-02  -1.091204e-01  -1.431051e-01  -1.752355e-01  -2.078894e-01  -2.400197e-01  -2.740045e-01  -3.094908e-01  -3.460347e-01  -3.831250e-01   0.000000e+00   1.325166e-01   2.647106e-01   3.962519e-01   5.267963e-01   6.559818e-01   6.559818e-01   5.267966e-01   3.962522e-01   2.647108e-01   1.325167e-01   0.000000e+00
   4.885216e-01   6.643800e+04   3.510000e+02   0.000000e+00  -3.732368e-02  -7.409927e-02  -1.098141e-01  -1.440228e-01  -1.763713e-01  -2.092411e-01  -2.415895e-01  -2.757982e-01  -3.115131e-01  -3.482888e-01  -3.856125e-01   0.000000e+00   1.329272e-01   2.655329e-01   3.974877e-01   5.284481e-01   6.580528e-01   6.580528e-01   5.284484e-01   3.974879e-01   2.655330e-01   1.329273e-01   0.000000e+00
   4.901703e-01   6.623900e+04   3.520000e+02   0.000000e+00  -3.755708e-02  -7.456445e-02  -1.105079e-01  -1.449406e-01  -1.775071e-01  -2.105927e-01  -2.431593e-01  -2.775920e-01  -3.135355e-01  -3.505429e-01  -3.881000e-01   0.000000e+00   1.333363e-01   2.663519e-01   3.987186e-01   5.300934e-01   6.601157e-01   6.601157e-01   5.300937e-01   3.987188e-01   2.663521e-01   1.333364e-01   0.000000e+00
   4.918140e-01   6.604100e+04   3.530000e+02   0.000000e+00  -3.779045e-02  -7.502956e-02  -1.112016e-01  -1.458582e-01  -1.786429e-01  -2.119444e-01  -2.447291e-01  -2.793858e-01  -3.155578e-01  -3.527970e-01  -3.905875e-01   0.000000e+00   1.337437e-01   2.671678e-01   3.999446e-01   5.317323e-01   6.621705e-01   6.621705e-01   5.317326e-01   3.999448e-01   2.671679e-01   1.337438e-01   0.000000e+00
   4.934528e-01   6.584500e+04   3.540000e+02   0.000000e+00  -3.802379e-02  -7.549462e-02  -1.118952e-01  -1.467758e-01  -1.797787e-01  -2.132961e-01  -2.462990e-01  -2.811797e-01  -3.175803e-01  -3.550512e-01  -3.930750e-01   0.000000e+00   1.341496e-01   2.679804e-01   4.011659e-01   5.333647e-01   6.642174e-01   6.642173e-01   5.333651e-01   4.011661e-01   2.679806e-01   1.341496e-01   0.000000e+00
   4.950867e-01   6.565000e+04   3.550000e+02   0.000000e+00  -3.825711e-02  -7.595964e-02  -1.125888e-01  -1.476934e-01  -1.809145e-01  -2.146479e-01  -2.478689e-01  -2.829736e-01  -3.196028e-01  -3.573053e-01  -3.955625e-01   0.000000e+00   1.345538e-01   2.687899e-01   4.023824e-01   5.349909e-01   6.662563e-01   6.662563e-01   5.349912e-01   4.023826e-01   2.687900e-01   1.345539e-01   0.000000e+00
   4.967159e-01   6.545800e+04   3.560000e+02   0.000000e+00  -3.849039e-02  -7.642461e-02  -1.132823e-01  -1.486109e-01  -1.820503e-01  -2.159996e-01  -2.494389e-01  -2.847676e-01  -3.216253e-01  -3.595596e-01  -3.980500e-01   0.000000e+00   1.349565e-01   2.695962e-01   4.035942e-01   5.366108e-01   6.682874e-01   6.682874e-01   5.366111e-01   4.035944e-01   2.695964e-01   1.349566e-01   0.000000e+00
   4.983403e-01   6.526800e+04   3.570000e+02   0.000000e+00  -3.872365e-02  -7.688953e-02  -1.139757e-01  -1.495283e-01  -1.831860e-01  -2.173514e-01  -2.510090e-01  -2.865616e-01  -3.236479e-01  -3.618138e-01  -4.005375e-01   0.000000e+00   1.353577e-01   2.703994e-01   4.048013e-01   5.382244e-01   6.703108e-01   6.703107e-01   5.382248e-01   4.048016e-01   2.703996e-01   1.353577e-01   0.000000e+00
   4.999600e-01   6.507900e+04   3.580000e+02   0.000000e+00  -3.895689e-02  -7.735440e-02  -1.146691e-01  -1.504457e-01  -1.843217e-01  -2.187031e-01  -2.525791e-01  -2.883557e-01  -3.256705e-01  -3.640681e-01  -4.030250e-01   0.000000e+00   1.357573e-01   2.711996e-01   4.060039e-01   5.398319e-01   6.723264e-01   6.723264e-01   5.398323e-01   4.060041e-01   2.711997e-01   1.357573e-01   0.000000e+00
   5.015752e-01   6.489300e+04   3.590000e+02   0.000000e+00  -3.919011e-02  -7.781924e-02  -1.153625e-01  -1.513631e-01  -1.854575e-01  -2.200549e-01  -2.541492e-01  -2.901499e-01  -3.276932e-01  -3.663223e-01  -4.055125e-01   0.000000e+00   1.361553e-01   2.719967e-01   4.072019e-01   5.414334e-01   6.743344e-01   6.743344e-01   5.414337e-01   4.072021e-01   2.719969e-01   1.361554e-01   0.000000e+00
   5.031856e-01   6.470800e+04   3.600000e+02   0.000000e+00  -3.942329e-02  -7.828402e-02  -1.160558e-01  -1.522804e-01  -1.865932e-01  -2.214067e-01  -2.557194e-01  -2.919441e-01  -3.297159e-01  -3.685767e-01  -4.080000e-01   0.000000e+00   1.365519e-01   2.727908e-01   4.083953e-01   5.430287e-01   6.763349e-01   6.763348e-01   5.430291e-01   4.083955e-01   2.727910e-01   1.365520e-01   0.000000e+00
   5.047915e-01   6.452500e+04   3.610000e+02   0.000000e+00  -3.965644e-02  -7.874876e-02  -1.167490e-01  -1.531977e-01  -1.877288e-01  -2.227585e-01  -2.572896e-01  -2.937384e-01  -3.317386e-01  -3.708310e-01  -4.104875e-01   0.000000e+00   1.369470e-01   2.735819e-01   4.095842e-01   5.446181e-01   6.783278e-01   6.783277e-01   5.446184e-01   4.095845e-01   2.735820e-01   1.369471e-01   0.000000e+00
   5.063928e-01   6.434300e+04   3.620000e+02   0.000000e+00  -3.988957e-02  -7.921345e-02  -1.174422e-01  -1.541150e-01  -1.888645e-01  -2.241104e-01  -2.588599e-01  -2.955327e-01  -3.337615e-01  -3.730854e-01  -4.129750e-01   0.000000e+00   1.373405e-01   2.743700e-01   4.107687e-01   5.462014e-01   6.803133e-01   6.803132e-01   5.462018e-01   4.107689e-01   2.743701e-01   1.373406e-01   0.000000e+00
   5.079896e-01   6.416300e+04   3.630000e+02   0.000000e+00  -4.012266e-02  -7.967807e-02  -1.181353e-01  -1.550321e-01  -1.900001e-01  -2.254622e-01  -2.604302e-01  -2.973271e-01  -3.357843e-01  -3.753398e-01  -4.154625e-01   0.000000e+00   1.377326e-01   2.751551e-01   4.119487e-01   5.477789e-01   6.822914e-01   6.822913e-01   5.477792e-01   4.119489e-01   2.751552e-01   1.377327e-01   0.000000e+00
   5.095820e-01   6.398400e+04   3.640000e+02   0.000000e+00  -4.035574e-02  -8.014267e-02  -1.188283e-01  -1.559493e-01  -1.911358e-01  -2.268141e-01  -2.620005e-01  -2.991215e-01  -3.378072e-01  -3.775942e-01  -4.179500e-01   0.000000e+00   1.381233e-01   2.759373e-01   4.131243e-01   5.493505e-01   6.842622e-01   6.842621e-01   5.493509e-01   4.131245e-01   2.759375e-01   1.381234e-01   0.000000e+00
   5.111700e-01   6.380800e+04   3.650000e+02   0.000000e+00  -4.058880e-02  -8.060723e-02  -1.195214e-01  -1.568663e-01  -1.922714e-01  -2.281660e-01  -2.635710e-01  -3.009160e-01  -3.398302e-01  -3.798487e-01  -4.204375e-01   0.000000e+00   1.385125e-01   2.767166e-01   4.142956e-01   5.509164e-01   6.862257e-01   6.862256e-01   5.509167e-01   4.142958e-01   2.767168e-01   1.385125e-01   0.000000e+00
   5.127537e-01   6.363300e+04   3.660000e+02   0.000000e+00  -4.082182e-02  -8.107174e-02  -1.202143e-01  -1.577834e-01  -1.934070e-01  -2.295179e-01  -2.651414e-01  -3.027105e-01  -3.418532e-01  -3.821031e-01  -4.229250e-01   0.000000e+00   1.389002e-01   2.774931e-01   4.154626e-01   5.524765e-01   6.881820e-01   6.881820e-01   5.524768e-01   4.154628e-01   2.774932e-01   1.389003e-01   0.000000e+00
   5.143330e-01   6.345900e+04   3.670000e+02   0.000000e+00  -4.105483e-02  -8.153620e-02  -1.209072e-01  -1.587004e-01  -1.945426e-01  -2.308698e-01  -2.667119e-01  -3.045051e-01  -3.438762e-01  -3.843576e-01  -4.254125e-01   0.000000e+00   1.392865e-01   2.782667e-01   4.166252e-01   5.540308e-01   6.901312e-01   6.901312e-01   5.540312e-01   4.166255e-01   2.782668e-01   1.392866e-01   0.000000e+00
   5.159081e-01   6.328800e+04   3.680000e+02   0.000000e+00  -4.128781e-02  -8.200063e-02  -1.216001e-01  -1.596174e-01  -1.956781e-01  -2.322217e-01  -2.682824e-01  -3.062997e-01  -3.458993e-01  -3.866121e-01  -4.279000e-01   0.000000e+00   1.396714e-01   2.790374e-01   4.177837e-01   5.555795e-01   6.920734e-01   6.920733e-01   5.555799e-01   4.177839e-01   2.790376e-01   1.396715e-01   0.000000e+00
   5.174789e-01   6.311700e+04   3.690000e+02   0.000000e+00  -4.152076e-02  -8.246501e-02  -1.222929e-01  -1.605343e-01  -1.968137e-01  -2.335737e-01  -2.698530e-01  -3.080944e-01  -3.479224e-01  -3.888667e-01  -4.303875e-01   0.000000e+00   1.400549e-01   2.798054e-01   4.189379e-01   5.571226e-01   6.940084e-01   6.940084e-01   5.571230e-01   4.189382e-01   2.798056e-01   1.400550e-01   0.000000e+00
   5.190455e-01   6.294900e+04   3.700000e+02   0.000000e+00  -4.175370e-02  -8.292935e-02  -1.229857e-01  -1.614512e-01  -1.979492e-01  -2.349257e-01  -2.714236e-01  -3.098892e-01  -3.499455e-01  -3.911213e-01  -4.328750e-01   0.000000e+00   1.404371e-01   2.805706e-01   4.200880e-01   5.586601e-01   6.959366e-01   6.959365e-01   5.586605e-01   4.200882e-01   2.805707e-01   1.404371e-01   0.000000e+00
   5.206078e-01   6.278100e+04   3.710000e+02   0.000000e+00  -4.198660e-02  -8.339363e-02  -1.236784e-01  -1.623680e-01  -1.990847e-01  -2.362776e-01  -2.729943e-01  -3.116840e-01  -3.519688e-01  -3.933759e-01  -4.353625e-01   0.000000e+00   1.408178e-01   2.813329e-01   4.212339e-01   5.601921e-01   6.978578e-01   6.978577e-01   5.601924e-01   4.212341e-01   2.813331e-01   1.408179e-01   0.000000e+00
   5.221661e-01   6.261500e+04   3.720000e+02   0.000000e+00  -4.221948e-02  -8.385788e-02  -1.243710e-01  -1.632848e-01  -2.002202e-01  -2.376296e-01  -2.745650e-01  -3.134788e-01  -3.539920e-01  -3.956305e-01  -4.378500e-01   0.000000e+00   1.411971e-01   2.820926e-01   4.223757e-01   5.617186e-01   6.997722e-01   6.997721e-01   5.617189e-01   4.223759e-01   2.820928e-01   1.411972e-01   0.000000e+00
   5.237203e-01   6.245100e+04   3.730000e+02   0.000000e+00  -4.245234e-02  -8.432210e-02  -1.250637e-01  -1.642015e-01  -2.013557e-01  -2.389816e-01  -2.761358e-01  -3.152737e-01  -3.560153e-01  -3.978851e-01  -4.403375e-01   0.000000e+00   1.415751e-01   2.828496e-01   4.235134e-01   5.632397e-01   7.016797e-01   7.016797e-01   5.632400e-01   4.235136e-01   2.828497e-01   1.415752e-01   0.000000e+00
   5.252705e-01   6.228800e+04   3.740000e+02   0.000000e+00  -4.268518e-02  -8.478627e-02  -1.257562e-01  -1.651182e-01  -2.024912e-01  -2.403337e-01  -2.777065e-01  -3.170686e-01  -3.580386e-01  -4.001398e-01  -4.428250e-01   0.000000e+00   1.419518e-01   2.836038e-01   4.246471e-01   5.647553e-01   7.035805e-01   7.035805e-01   5.647557e-01   4.246473e-01   2.836040e-01   1.419519e-01   0.000000e+00
   5.268166e-01   6.212600e+04   3.750000e+02   0.000000e+00  -4.291799e-02  -8.525040e-02  -1.264487e-01  -1.660349e-01  -2.036267e-01  -2.416857e-01  -2.792774e-01  -3.188636e-01  -3.600620e-01  -4.023945e-01  -4.453125e-01   0.000000e+00   1.423271e-01   2.843554e-01   4.257767e-01   5.662656e-01   7.054747e-01   7.054746e-01   5.662660e-01   4.257770e-01   2.843556e-01   1.423272e-01   0.000000e+00
   5.283587e-01   6.196600e+04   3.760000e+02   0.000000e+00  -4.315078e-02  -8.571449e-02  -1.271412e-01  -1.669515e-01  -2.047621e-01  -2.430378e-01  -2.808482e-01  -3.206586e-01  -3.620854e-01  -4.046492e-01  -4.478000e-01   0.000000e+00   1.427011e-01   2.851043e-01   4.269024e-01   5.677706e-01   7.073621e-01   7.073621e-01   5.677710e-01   4.269026e-01   2.851045e-01   1.427012e-01   0.000000e+00
   5.298969e-01   6.180800e+04   3.770000e+02   0.000000e+00  -4.338355e-02  -8.617854e-02  -1.278336e-01  -1.678681e-01  -2.058975e-01  -2.443898e-01  -2.824192e-01  -3.224537e-01  -3.641089e-01  -4.069039e-01  -4.502875e-01   0.000000e+00   1.430738e-01   2.858506e-01   4.280241e-01   5.692704e-01   7.092430e-01   7.092430e-01   5.692707e-01   4.280244e-01   2.858508e-01   1.430739e-01   0.000000e+00
   5.314311e-01   6.165000e+04   3.780000e+02   0.000000e+00  -4.361630e-02  -8.664255e-02  -1.285260e-01  -1.687847e-01  -2.070330e-01  -2.457419e-01  -2.839901e-01  -3.242488e-01  -3.661323e-01  -4.091586e-01  -4.527750e-01   0.000000e+00   1.434451e-01   2.865943e-01   4.291419e-01   5.707649e-01   7.111174e-01   7.111173e-01   5.707652e-01   4.291422e-01   2.865945e-01   1.434452e-01   0.000000e+00
   5.329614e-01   6.149400e+04   3.790000e+02   0.000000e+00  -4.384902e-02  -8.710651e-02  -1.292183e-01  -1.697012e-01  -2.081684e-01  -2.470940e-01  -2.855611e-01  -3.260440e-01  -3.681559e-01  -4.114134e-01  -4.552625e-01   0.000000e+00   1.438152e-01   2.873353e-01   4.302558e-01   5.722541e-01   7.129852e-01   7.129852e-01   5.722545e-01   4.302560e-01   2.873355e-01   1.438153e-01   0.000000e+00
   5.344879e-01   6.133900e+04   3.800000e+02   0.000000e+00  -4.408172e-02  -8.757044e-02  -1.299106e-01  -1.706177e-01  -2.093037e-01  -2.484461e-01  -2.871321e-01  -3.278392e-01  -3.701795e-01  -4.136682e-01  -4.577500e-01   0.000000e+00   1.441840e-01   2.880738e-01   4.313658e-01   5.737383e-01   7.148466e-01   7.148466e-01   5.737386e-01   4.313661e-01   2.880740e-01   1.441841e-01   0.000000e+00
   5.360106e-01   6.118600e+04   3.810000e+02   0.000000e+00  -4.431440e-02  -8.803433e-02  -1.306028e-01  -1.715341e-01  -2.104391e-01  -2.497982e-01  -2.887032e-01  -3.296345e-01  -3.722031e-01  -4.159230e-01  -4.602375e-01   0.000000e+00   1.445515e-01   2.888098e-01   4.324720e-01   5.752173e-01   7.167016e-01   7.167016e-01   5.752177e-01   4.324723e-01   2.888100e-01   1.445516e-01   0.000000e+00
   5.375295e-01   6.103400e+04   3.820000e+02   0.000000e+00  -4.454705e-02  -8.849818e-02  -1.312950e-01  -1.724505e-01  -2.115745e-01  -2.511504e-01  -2.902743e-01  -3.314298e-01  -3.742267e-01  -4.181779e-01  -4.627250e-01   0.000000e+00   1.449177e-01   2.895432e-01   4.335744e-01   5.766913e-01   7.185503e-01   7.185503e-01   5.766916e-01   4.335747e-01   2.895434e-01   1.449178e-01   0.000000e+00
   5.390446e-01   6.088300e+04   3.830000e+02   0.000000e+00  -4.477969e-02  -8.896200e-02  -1.319872e-01  -1.733668e-01  -2.127098e-01  -2.525025e-01  -2.918455e-01  -3.332252e-01  -3.762504e-01  -4.204328e-01  -4.652125e-01   0.000000e+00   1.452827e-01   2.902741e-01   4.346730e-01   5.781602e-01   7.203927e-01   7.203926e-01   5.781606e-01   4.346733e-01   2.902742e-01   1.452828e-01   0.000000e+00
   5.405560e-01   6.073300e+04   3.840000e+02   0.000000e+00  -4.501230e-02  -8.942577e-02  -1.326793e-01  -1.742831e-01  -2.138451e-01  -2.538547e-01  -2.934166e-01  -3.350206e-01  -3.782741e-01  -4.226876e-01  -4.677000e-01   0.000000e+00   1.456464e-01   2.910025e-01   4.357679e-01   5.796241e-01   7.222288e-01   7.222288e-01   5.796245e-01   4.357682e-01   2.910026e-01   1.456465e-01   0.000000e+00
   5.420637e-01   6.058500e+04   3.850000e+02   0.000000e+00  -4.524489e-02  -8.988951e-02  -1.333713e-01  -1.751994e-01  -2.149805e-01  -2.552069e-01  -2.949879e-01  -3.368160e-01  -3.802979e-01  -4.249425e-01  -4.701875e-01   0.000000e+00   1.460089e-01   2.917284e-01   4.368591e-01   5.810831e-01   7.240587e-01   7.240587e-01   5.810834e-01   4.368593e-01   2.917285e-01   1.460090e-01   0.000000e+00
   5.435677e-01   6.043800e+04   3.860000e+02   0.000000e+00  -4.547746e-02  -9.035321e-02  -1.340633e-01  -1.761157e-01  -2.161158e-01  -2.565591e-01  -2.965591e-01  -3.386115e-01  -3.823217e-01  -4.271975e-01  -4.726750e-01   0.000000e+00   1.463701e-01   2.924518e-01   4.379465e-01   5.825371e-01   7.258825e-01   7.258824e-01   5.825375e-01   4.379468e-01   2.924520e-01   1.463702e-01   0.000000e+00
   5.450681e-01   6.029200e+04   3.870000e+02   0.000000e+00  -4.571001e-02  -9.081687e-02  -1.347553e-01  -1.770319e-01  -2.172511e-01  -2.579113e-01  -2.981304e-01  -3.404070e-01  -3.843455e-01  -4.294524e-01  -4.751625e-01   0.000000e+00   1.467302e-01   2.931728e-01   4.390303e-01   5.839862e-01   7.277001e-01   7.277000e-01   5.839866e-01   4.390306e-01   2.931730e-01   1.467303e-01   0.000000e+00
   5.465649e-01   6.014700e+04   3.880000e+02   0.000000e+00  -4.594254e-02  -9.128050e-02  -1.354472e-01  -1.779480e-01  -2.183863e-01  -2.592635e-01  -2.997018e-01  -3.422026e-01  -3.863694e-01  -4.317074e-01  -4.776500e-01   0.000000e+00   1.470890e-01   2.938914e-01   4.401104e-01   5.854305e-01   7.295116e-01   7.295116e-01   5.854309e-01   4.401107e-01   2.938916e-01   1.470891e-01   0.000000e+00
   5.480581e-01   6.000400e+04   3.890000e+02   0.000000e+00  -4.617505e-02  -9.174408e-02  -1.361391e-01  -1.788641e-01  -2.195216e-01  -2.606158e-01  -3.012731e-01  -3.439982e-01  -3.883933e-01  -4.339624e-01  -4.801375e-01   0.000000e+00   1.474466e-01   2.946075e-01   4.411869e-01   5.868699e-01   7.313172e-01   7.313171e-01   5.868703e-01   4.411872e-01   2.946077e-01   1.474467e-01   0.000000e+00
   5.495478e-01   5.986100e+04   3.900000e+02   0.000000e+00  -4.640753e-02  -9.220763e-02  -1.368309e-01  -1.797802e-01  -2.206568e-01  -2.619680e-01  -3.028445e-01  -3.457939e-01  -3.904173e-01  -4.362174e-01  -4.826250e-01   0.000000e+00   1.478030e-01   2.953213e-01   4.422599e-01   5.883046e-01   7.331167e-01   7.331167e-01   5.883050e-01   4.422601e-01   2.953215e-01   1.478031e-01   0.000000e+00
   5.510339e-01   5.972000e+04   3.910000e+02   0.000000e+00  -4.664000e-02  -9.267114e-02  -1.375227e-01  -1.806963e-01  -2.217921e-01  -2.633203e-01  -3.044160e-01  -3.475896e-01  -3.924412e-01  -4.384724e-01  -4.851125e-01   0.000000e+00   1.481582e-01   2.960327e-01   4.433292e-01   5.897345e-01   7.349103e-01   7.349103e-01   5.897349e-01   4.433295e-01   2.960329e-01   1.481583e-01   0.000000e+00
   5.525166e-01   5.958000e+04   3.920000e+02   0.000000e+00  -4.687245e-02  -9.313462e-02  -1.382144e-01  -1.816123e-01  -2.229273e-01  -2.646725e-01  -3.059875e-01  -3.493854e-01  -3.944653e-01  -4.407275e-01  -4.876000e-01   0.000000e+00   1.485123e-01   2.967417e-01   4.443951e-01   5.911597e-01   7.366980e-01   7.366980e-01   5.911601e-01   4.443953e-01   2.967419e-01   1.485124e-01   0.000000e+00
   5.539958e-01   5.944100e+04   3.930000e+02   0.000000e+00  -4.710487e-02  -9.359806e-02  -1.389061e-01  -1.825283e-01  -2.240625e-01  -2.660248e-01  -3.075590e-01  -3.511812e-01  -3.964893e-01  -4.429826e-01  -4.900875e-01   0.000000e+00   1.488651e-01   2.974484e-01   4.454574e-01   5.925802e-01   7.384798e-01   7.384798e-01   5.925806e-01   4.454576e-01   2.974486e-01   1.488652e-01   0.000000e+00
   5.554715e-01   5.930300e+04   3.940000e+02   0.000000e+00  -4.733728e-02  -9.406147e-02  -1.395978e-01  -1.834442e-01  -2.251977e-01  -2.673771e-01  -3.091306e-01  -3.529770e-01  -3.985134e-01  -4.452377e-01  -4.925750e-01   0.000000e+00   1.492169e-01   2.981528e-01   4.465162e-01   5.939960e-01   7.402559e-01   7.402558e-01   5.939964e-01   4.465165e-01   2.981529e-01   1.492170e-01   0.000000e+00
   5.569438e-01   5.916600e+04   3.950000e+02   0.000000e+00  -4.756966e-02  -9.452484e-02  -1.402894e-01  -1.843601e-01  -2.263329e-01  -2.687295e-01  -3.107021e-01  -3.547729e-01  -4.005375e-01  -4.474928e-01  -4.950625e-01   0.000000e+00   1.495674e-01   2.988548e-01   4.475715e-01   5.954073e-01   7.420261e-01   7.420261e-01   5.954076e-01   4.475718e-01   2.988550e-01   1.495675e-01   0.000000e+00
   5.584128e-01   5.903000e+04   3.960000e+02   0.000000e+00  -4.780203e-02  -9.498818e-02  -1.409810e-01  -1.852760e-01  -2.274681e-01  -2.700818e-01  -3.122738e-01  -3.565688e-01  -4.025617e-01  -4.497479e-01  -4.975500e-01   0.000000e+00   1.499168e-01   2.995546e-01   4.486235e-01   5.968139e-01   7.437906e-01   7.437906e-01   5.968143e-01   4.486237e-01   2.995547e-01   1.499169e-01   0.000000e+00
   5.598784e-01   5.889500e+04   3.970000e+02   0.000000e+00  -4.803437e-02  -9.545148e-02  -1.416725e-01  -1.861918e-01  -2.286032e-01  -2.714341e-01  -3.138454e-01  -3.583648e-01  -4.045859e-01  -4.520031e-01  -5.000375e-01   0.000000e+00   1.502651e-01   3.002520e-01   4.496719e-01   5.982160e-01   7.455494e-01   7.455493e-01   5.982163e-01   4.496722e-01   3.002522e-01   1.502652e-01   0.000000e+00
   5.613407e-01   5.876200e+04   3.980000e+02   0.000000e+00  -4.826670e-02  -9.591475e-02  -1.423640e-01  -1.871076e-01  -2.297384e-01  -2.727865e-01  -3.154171e-01  -3.601608e-01  -4.066101e-01  -4.542582e-01  -5.025250e-01   0.000000e+00   1.506122e-01   3.009473e-01   4.507170e-01   5.996135e-01   7.473025e-01   7.473025e-01   5.996139e-01   4.507173e-01   3.009474e-01   1.506123e-01   0.000000e+00
   5.627996e-01   5.862900e+04   3.990000e+02   0.000000e+00  -4.849901e-02  -9.637798e-02  -1.430555e-01  -1.880234e-01  -2.308735e-01  -2.741389e-01  -3.169889e-01  -3.619568e-01  -4.086344e-01  -4.565134e-01  -5.050125e-01   0.000000e+00   1.509582e-01   3.016402e-01   4.517588e-01   6.010065e-01   7.490501e-01   7.490500e-01   6.010069e-01   4.517591e-01   3.016404e-01   1.509583e-01   0.000000e+00
   5.642553e-01   5.849700e+04   4.000000e+02   0.000000e+00  -4.873129e-02  -9.684117e-02  -1.437469e-01  -1.889391e-01  -2.320086e-01  -2.754912e-01  -3.185606e-01  -3.637529e-01  -4.106587e-01  -4.587686e-01  -5.075000e-01   0.000000e+00   1.513031e-01   3.023310e-01   4.527971e-01   6.023951e-01   7.507920e-01   7.507919e-01   6.023955e-01   4.527974e-01   3.023311e-01   1.513032e-01   0.000000e+00
   5.657077e-01   5.836700e+04   4.010000e+02   0.000000e+00  -4.896356e-02  -9.730434e-02  -1.444383e-01  -1.898548e-01  -2.331437e-01  -2.768436e-01  -3.201324e-01  -3.655490e-01  -4.126830e-01  -4.610239e-01  -5.099875e-01   0.000000e+00   1.516469e-01   3.030195e-01   4.538322e-01   6.037793e-01   7.525284e-01   7.525283e-01   6.037796e-01   4.538325e-01   3.030197e-01   1.516470e-01   0.000000e+00
   5.671569e-01   5.823700e+04   4.020000e+02   0.000000e+00  -4.919581e-02  -9.776747e-02  -1.451296e-01  -1.907705e-01  -2.342788e-01  -2.781960e-01  -3.217043e-01  -3.673452e-01  -4.147074e-01  -4.632791e-01  -5.124750e-01   0.000000e+00   1.519896e-01   3.037058e-01   4.548639e-01   6.051590e-01   7.542592e-01   7.542592e-01   6.051594e-01   4.548642e-01   3.037060e-01   1.519897e-01   0.000000e+00
   5.686029e-01   5.810800e+04   4.030000e+02   0.000000e+00  -4.942804e-02  -9.823056e-02  -1.458209e-01  -1.916861e-01  -2.354139e-01  -2.795485e-01  -3.232761e-01  -3.691414e-01  -4.167318e-01  -4.655344e-01  -5.149625e-01   0.000000e+00   1.523312e-01   3.043899e-01   4.558924e-01   6.065344e-01   7.559846e-01   7.559846e-01   6.065347e-01   4.558927e-01   3.043901e-01   1.523313e-01   0.000000e+00
   5.700457e-01   5.798100e+04   4.040000e+02   0.000000e+00  -4.966025e-02  -9.869363e-02  -1.465122e-01  -1.926017e-01  -2.365489e-01  -2.809009e-01  -3.248480e-01  -3.709377e-01  -4.187562e-01  -4.677897e-01  -5.174500e-01   0.000000e+00   1.526717e-01   3.050719e-01   4.569176e-01   6.079054e-01   7.577046e-01   7.577045e-01   6.079057e-01   4.569179e-01   3.050720e-01   1.526718e-01   0.000000e+00
   5.714853e-01   5.785400e+04   4.050000e+02   0.000000e+00  -4.989245e-02  -9.915666e-02  -1.472034e-01  -1.935173e-01  -2.376840e-01  -2.822533e-01  -3.264200e-01  -3.727339e-01  -4.207807e-01  -4.700450e-01  -5.199375e-01   0.000000e+00   1.530112e-01   3.057516e-01   4.579396e-01   6.092721e-01   7.594192e-01   7.594191e-01   6.092724e-01   4.579398e-01   3.057518e-01   1.530113e-01   0.000000e+00
   5.729218e-01   5.772800e+04   4.060000e+02   0.000000e+00  -5.012462e-02  -9.961965e-02  -1.478945e-01  -1.944328e-01  -2.388190e-01  -2.836058e-01  -3.279919e-01  -3.745303e-01  -4.228052e-01  -4.723003e-01  -5.224250e-01   0.000000e+00   1.533495e-01   3.064293e-01   4.589583e-01   6.106344e-01   7.611284e-01   7.611283e-01   6.106348e-01   4.589586e-01   3.064295e-01   1.533496e-01   0.000000e+00
   5.743552e-01   5.760300e+04   4.070000e+02   0.000000e+00  -5.035677e-02  -1.000826e-01  -1.485857e-01  -1.953483e-01  -2.399541e-01  -2.849583e-01  -3.295639e-01  -3.763266e-01  -4.248298e-01  -4.745557e-01  -5.249125e-01   0.000000e+00   1.536868e-01   3.071048e-01   4.599738e-01   6.119926e-01   7.628322e-01   7.628322e-01   6.119930e-01   4.599741e-01   3.071050e-01   1.536869e-01   0.000000e+00
   5.757855e-01   5.747900e+04   4.080000e+02   0.000000e+00  -5.058891e-02  -1.005455e-01  -1.492768e-01  -1.962638e-01  -2.410891e-01  -2.863107e-01  -3.311360e-01  -3.781230e-01  -4.268543e-01  -4.768110e-01  -5.274000e-01   0.000000e+00   1.540230e-01   3.077782e-01   4.609862e-01   6.133465e-01   7.645308e-01   7.645307e-01   6.133468e-01   4.609865e-01   3.077784e-01   1.540231e-01   0.000000e+00
   5.772128e-01   5.735600e+04   4.090000e+02   0.000000e+00  -5.082103e-02  -1.010084e-01  -1.499678e-01  -1.971792e-01  -2.422241e-01  -2.876632e-01  -3.327080e-01  -3.799195e-01  -4.288789e-01  -4.790664e-01  -5.298875e-01   0.000000e+00   1.543582e-01   3.084495e-01   4.619954e-01   6.146961e-01   7.662241e-01   7.662240e-01   6.146965e-01   4.619957e-01   3.084497e-01   1.543583e-01   0.000000e+00
   5.786370e-01   5.723400e+04   4.100000e+02   0.000000e+00  -5.105313e-02  -1.014713e-01  -1.506588e-01  -1.980946e-01  -2.433591e-01  -2.890157e-01  -3.342801e-01  -3.817160e-01  -4.309036e-01  -4.813218e-01  -5.323750e-01   0.000000e+00   1.546923e-01   3.091187e-01   4.630015e-01   6.160416e-01   7.679122e-01   7.679121e-01   6.160420e-01   4.630018e-01   3.091189e-01   1.546924e-01   0.000000e+00
   5.800582e-01   5.711300e+04   4.110000e+02   0.000000e+00  -5.128521e-02  -1.019341e-01  -1.513498e-01  -1.990100e-01  -2.444941e-01  -2.903683e-01  -3.358523e-01  -3.835125e-01  -4.329282e-01  -4.835772e-01  -5.348625e-01   0.000000e+00   1.550254e-01   3.097858e-01   4.640044e-01   6.173830e-01   7.695950e-01   7.695950e-01   6.173834e-01   4.640047e-01   3.097860e-01   1.550255e-01   0.000000e+00
   5.814764e-01   5.699200e+04   4.120000e+02   0.000000e+00  -5.151727e-02  -1.023969e-01  -1.520408e-01  -1.999253e-01  -2.456290e-01  -2.917208e-01  -3.374244e-01  -3.853090e-01  -4.349529e-01  -4.858327e-01  -5.373500e-01   0.000000e+00   1.553575e-01   3.104509e-01   4.650043e-01   6.187202e-01   7.712727e-01   7.712727e-01   6.187206e-01   4.650046e-01   3.104511e-01   1.553576e-01   0.000000e+00
   5.828916e-01   5.687300e+04   4.130000e+02   0.000000e+00  -5.174932e-02  -1.028597e-01  -1.527317e-01  -2.008406e-01  -2.467640e-01  -2.930733e-01  -3.389966e-01  -3.871056e-01  -4.369777e-01  -4.880881e-01  -5.398375e-01   0.000000e+00   1.556885e-01   3.111139e-01   4.660011e-01   6.200533e-01   7.729453e-01   7.729453e-01   6.200537e-01   4.660014e-01   3.111141e-01   1.556886e-01   0.000000e+00
   5.843038e-01   5.675400e+04   4.140000e+02   0.000000e+00  -5.198135e-02  -1.033225e-01  -1.534226e-01  -2.017559e-01  -2.478989e-01  -2.944259e-01  -3.405689e-01  -3.889022e-01  -4.390024e-01  -4.903436e-01  -5.423250e-01   0.000000e+00   1.560186e-01   3.117749e-01   4.669948e-01   6.213824e-01   7.746128e-01   7.746128e-01   6.213827e-01   4.669951e-01   3.117750e-01   1.560187e-01   0.000000e+00
   5.857132e-01   5.663700e+04   4.150000e+02   0.000000e+00  -5.221336e-02  -1.037852e-01  -1.541134e-01  -2.026711e-01  -2.490339e-01  -2.957784e-01  -3.421411e-01  -3.906989e-01  -4.410272e-01  -4.925991e-01  -5.448125e-01   0.000000e+00   1.563476e-01   3.124338e-01   4.679855e-01   6.227073e-01   7.762752e-01   7.762752e-01   6.227077e-01   4.679858e-01   3.124340e-01   1.563477e-01   0.000000e+00
   5.871196e-01   5.652000e+04   4.160000e+02   0.000000e+00  -5.244536e-02  -1.042478e-01  -1.548042e-01  -2.035863e-01  -2.501688e-01  -2.971310e-01  -3.437134e-01  -3.924956e-01  -4.430520e-01  -4.948546e-01  -5.473000e-01   0.000000e+00   1.566756e-01   3.130907e-01   4.689732e-01   6.240283e-01   7.779326e-01   7.779326e-01   6.240287e-01   4.689735e-01   3.130909e-01   1.566757e-01   0.000000e+00
   5.885231e-01   5.640400e+04   4.170000e+02   0.000000e+00  -5.267733e-02  -1.047105e-01  -1.554949e-01  -2.045015e-01  -2.513037e-01  -2.984836e-01  -3.452857e-01  -3.942923e-01  -4.450769e-01  -4.971101e-01  -5.497875e-01   0.000000e+00   1.570026e-01   3.137457e-01   4.699578e-01   6.253452e-01   7.795850e-01   7.795850e-01   6.253456e-01   4.699581e-01   3.137459e-01   1.570027e-01   0.000000e+00
   5.899237e-01   5.628800e+04   4.180000e+02   0.000000e+00  -5.290929e-02  -1.051731e-01  -1.561857e-01  -2.054167e-01  -2.524386e-01  -2.998362e-01  -3.468581e-01  -3.960891e-01  -4.471018e-01  -4.993656e-01  -5.522750e-01   0.000000e+00   1.573286e-01   3.143986e-01   4.709395e-01   6.266582e-01   7.812324e-01   7.812324e-01   6.266586e-01   4.709398e-01   3.143988e-01   1.573287e-01   0.000000e+00
   5.913215e-01   5.617400e+04   4.190000e+02   0.000000e+00  -5.314123e-02  -1.056357e-01  -1.568764e-01  -2.063318e-01  -2.535735e-01  -3.011888e-01  -3.484305e-01  -3.978859e-01  -4.491267e-01  -5.016212e-01  -5.547625e-01   0.000000e+00   1.576536e-01   3.150496e-01   4.719182e-01   6.279672e-01   7.828749e-01   7.828748e-01   6.279676e-01   4.719185e-01   3.150498e-01   1.576537e-01   0.000000e+00
   5.927165e-01   5.606000e+04   4.200000e+02   0.000000e+00  -5.337316e-02  -1.060982e-01  -1.575670e-01  -2.072469e-01  -2.547084e-01  -3.025414e-01  -3.500029e-01  -3.996828e-01  -4.511516e-01  -5.038768e-01  -5.572500e-01   0.000000e+00   1.579776e-01   3.156986e-01   4.728940e-01   6.292723e-01   7.845124e-01   7.845124e-01   6.292727e-01   4.728943e-01   3.156988e-01   1.579777e-01   0.000000e+00
   5.941086e-01   5.594700e+04   4.210000e+02   0.000000e+00  -5.360507e-02  -1.065608e-01  -1.582576e-01  -2.081619e-01  -2.558432e-01  -3.038941e-01  -3.515753e-01  -4.014797e-01  -4.531766e-01  -5.061324e-01  -5.597375e-01   0.000000e+00   1.583007e-01   3.163456e-01   4.738668e-01   6.305735e-01   7.861451e-01   7.861450e-01   6.305739e-01   4.738671e-01   3.163458e-01   1.583008e-01   0.000000e+00
   5.954980e-01   5.583500e+04   4.220000e+02   0.000000e+00  -5.383696e-02  -1.070233e-01  -1.589482e-01  -2.090769e-01  -2.569781e-01  -3.052467e-01  -3.531478e-01  -4.032766e-01  -4.552016e-01  -5.083880e-01  -5.622250e-01   0.000000e+00   1.586228e-01   3.169907e-01   4.748368e-01   6.318708e-01   7.877729e-01   7.877729e-01   6.318712e-01   4.748371e-01   3.169909e-01   1.586229e-01   0.000000e+00
   5.968845e-01   5.572400e+04   4.230000e+02   0.000000e+00  -5.406883e-02  -1.074857e-01  -1.596388e-01  -2.099919e-01  -2.581129e-01  -3.065994e-01  -3.547203e-01  -4.050735e-01  -4.572266e-01  -5.106436e-01  -5.647125e-01   0.000000e+00   1.589439e-01   3.176339e-01   4.758038e-01   6.331642e-01   7.893959e-01   7.893959e-01   6.331646e-01   4.758041e-01   3.176341e-01   1.589440e-01   0.000000e+00
   5.982684e-01   5.561400e+04   4.240000e+02   0.000000e+00  -5.430069e-02  -1.079482e-01  -1.603293e-01  -2.109069e-01  -2.592478e-01  -3.079520e-01  -3.562928e-01  -4.068705e-01  -4.592517e-01  -5.128992e-01  -5.672000e-01   0.000000e+00   1.592641e-01   3.182752e-01   4.767680e-01   6.344538e-01   7.910141e-01   7.910140e-01   6.344542e-01   4.767682e-01   3.182754e-01   1.592642e-01   0.000000e+00
   5.996495e-01   5.550400e+04   4.250000e+02   0.000000e+00  -5.453253e-02  -1.084106e-01  -1.610197e-01  -2.118218e-01  -2.603826e-01  -3.093047e-01  -3.578654e-01  -4.086675e-01  -4.612768e-01  -5.151549e-01  -5.696875e-01   0.000000e+00   1.595833e-01   3.189145e-01   4.777292e-01   6.357396e-01   7.926275e-01   7.926275e-01   6.357400e-01   4.777295e-01   3.189147e-01   1.595834e-01   0.000000e+00
   6.010278e-01   5.539500e+04   4.260000e+02   0.000000e+00  -5.476436e-02  -1.088729e-01  -1.617102e-01  -2.127367e-01  -2.615174e-01  -3.106574e-01  -3.594380e-01  -4.104646e-01  -4.633019e-01  -5.174106e-01  -5.721750e-01   0.000000e+00   1.599015e-01   3.195520e-01   4.786877e-01   6.370216e-01   7.942362e-01   7.942362e-01   6.370220e-01   4.786880e-01   3.195522e-01   1.599016e-01   0.000000e+00
   6.024035e-01   5.528700e+04   4.270000e+02   0.000000e+00  -5.499616e-02  -1.093353e-01  -1.624006e-01  -2.136516e-01  -2.626522e-01  -3.120101e-01  -3.610106e-01  -4.122617e-01  -4.653271e-01  -5.196663e-01  -5.746625e-01   0.000000e+00   1.602189e-01   3.201876e-01   4.796433e-01   6.382999e-01   7.958402e-01   7.958401e-01   6.383003e-01   4.796436e-01   3.201878e-01   1.602190e-01   0.000000e+00
   6.037765e-01   5.517900e+04   4.280000e+02   0.000000e+00  -5.522796e-02  -1.097976e-01  -1.630910e-01  -2.145665e-01  -2.637870e-01  -3.133628e-01  -3.625832e-01  -4.140588e-01  -4.673522e-01  -5.219220e-01  -5.771500e-01   0.000000e+00   1.605353e-01   3.208213e-01   4.805962e-01   6.395743e-01   7.974395e-01   7.974394e-01   6.395747e-01   4.805965e-01   3.208215e-01   1.605354e-01   0.000000e+00
   6.051469e-01   5.507200e+04   4.290000e+02   0.000000e+00  -5.545973e-02  -1.102599e-01  -1.637813e-01  -2.154813e-01  -2.649218e-01  -3.147156e-01  -3.641559e-01  -4.158560e-01  -4.693774e-01  -5.241777e-01  -5.796375e-01   0.000000e+00   1.608507e-01   3.214531e-01   4.815462e-01   6.408451e-01   7.990341e-01   7.990341e-01   6.408455e-01   4.815465e-01   3.214533e-01   1.608508e-01   0.000000e+00
   6.065146e-01   5.496600e+04   4.300000e+02   0.000000e+00  -5.569149e-02  -1.107222e-01  -1.644716e-01  -2.163961e-01  -2.660565e-01  -3.160683e-01  -3.657286e-01  -4.176532e-01  -4.714027e-01  -5.264334e-01  -5.821250e-01   0.000000e+00   1.611653e-01   3.220831e-01   4.824934e-01   6.421122e-01   8.006241e-01   8.006241e-01   6.421126e-01   4.824937e-01   3.220833e-01   1.611654e-01   0.000000e+00
   6.078796e-01   5.486100e+04   4.310000e+02   0.000000e+00  -5.592323e-02  -1.111844e-01  -1.651619e-01  -2.173108e-01  -2.671913e-01  -3.174210e-01  -3.673014e-01  -4.194504e-01  -4.734280e-01  -5.286892e-01  -5.846125e-01   0.000000e+00   1.614789e-01   3.227113e-01   4.834379e-01   6.433755e-01   8.022095e-01   8.022095e-01   6.433759e-01   4.834382e-01   3.227115e-01   1.614790e-01   0.000000e+00
   6.092421e-01   5.475600e+04   4.320000e+02   0.000000e+00  -5.615496e-02  -1.116466e-01  -1.658521e-01  -2.182256e-01  -2.683260e-01  -3.187738e-01  -3.688741e-01  -4.212477e-01  -4.754532e-01  -5.309450e-01  -5.871000e-01   0.000000e+00   1.617916e-01   3.233376e-01   4.843797e-01   6.446353e-01   8.037904e-01   8.037903e-01   6.446357e-01   4.843800e-01   3.233378e-01   1.617917e-01   0.000000e+00
   6.106020e-01   5.465200e+04   4.330000e+02   0.000000e+00  -5.638667e-02  -1.121088e-01  -1.665423e-01  -2.191403e-01  -2.694608e-01  -3.201266e-01  -3.704469e-01  -4.230450e-01  -4.774786e-01  -5.332008e-01  -5.895875e-01   0.000000e+00   1.621033e-01   3.239621e-01   4.853187e-01   6.458913e-01   8.053666e-01   8.053666e-01   6.458917e-01   4.853190e-01   3.239623e-01   1.621034e-01   0.000000e+00
   6.119593e-01   5.454900e+04   4.340000e+02   0.000000e+00  -5.661837e-02  -1.125709e-01  -1.672325e-01  -2.200549e-01  -2.705955e-01  -3.214793e-01  -3.720198e-01  -4.248423e-01  -4.795039e-01  -5.354566e-01  -5.920750e-01   0.000000e+00   1.624142e-01   3.245848e-01   4.862550e-01   6.471438e-01   8.069384e-01   8.069383e-01   6.471442e-01   4.862553e-01   3.245850e-01   1.624143e-01   0.000000e+00
   6.133140e-01   5.444600e+04   4.350000e+02   0.000000e+00  -5.685005e-02  -1.130331e-01  -1.679226e-01  -2.209696e-01  -2.717302e-01  -3.228321e-01  -3.735926e-01  -4.266397e-01  -4.815293e-01  -5.377124e-01  -5.945625e-01   0.000000e+00   1.627242e-01   3.252057e-01   4.871886e-01   6.483926e-01   8.085056e-01   8.085056e-01   6.483930e-01   4.871889e-01   3.252059e-01   1.627243e-01   0.000000e+00
   6.146662e-01   5.434400e+04   4.360000e+02   0.000000e+00  -5.708171e-02  -1.134951e-01  -1.686127e-01  -2.218842e-01  -2.728649e-01  -3.241849e-01  -3.751655e-01  -4.284370e-01  -4.835547e-01  -5.399682e-01  -5.970500e-01   0.000000e+00   1.630333e-01   3.258248e-01   4.881195e-01   6.496379e-01   8.100684e-01   8.100684e-01   6.496383e-01   4.881198e-01   3.258250e-01   1.630334e-01   0.000000e+00
   6.160159e-01   5.424300e+04   4.370000e+02   0.000000e+00  -5.731336e-02  -1.139572e-01  -1.693028e-01  -2.227988e-01  -2.739996e-01  -3.255377e-01  -3.767384e-01  -4.302345e-01  -4.855801e-01  -5.422241e-01  -5.995375e-01   0.000000e+00   1.633415e-01   3.264421e-01   4.890477e-01   6.508796e-01   8.116268e-01   8.116267e-01   6.508800e-01   4.890481e-01   3.264423e-01   1.633416e-01   0.000000e+00
   6.173631e-01   5.414200e+04   4.380000e+02   0.000000e+00  -5.754499e-02  -1.144193e-01  -1.699928e-01  -2.237134e-01  -2.751343e-01  -3.268905e-01  -3.783113e-01  -4.320319e-01  -4.876056e-01  -5.444799e-01  -6.020250e-01   0.000000e+00   1.636488e-01   3.270577e-01   4.899733e-01   6.521178e-01   8.131807e-01   8.131806e-01   6.521182e-01   4.899736e-01   3.270579e-01   1.636489e-01   0.000000e+00
   6.187078e-01   5.404200e+04   4.390000e+02   0.000000e+00  -5.777661e-02  -1.148813e-01  -1.706828e-01  -2.246279e-01  -2.762689e-01  -3.282434e-01  -3.798843e-01  -4.338294e-01  -4.896311e-01  -5.467358e-01  -6.045125e-01   0.000000e+00   1.639553e-01   3.276715e-01   4.908963e-01   6.533525e-01   8.147302e-01   8.147301e-01   6.533529e-01   4.908966e-01   3.276717e-01   1.639554e-01   0.000000e+00
   6.200500e-01   5.394300e+04   4.400000e+02   0.000000e+00  -5.800822e-02  -1.153432e-01  -1.713728e-01  -2.255424e-01  -2.774036e-01  -3.295962e-01  -3.814573e-01  -4.356269e-01  -4.916566e-01  -5.489917e-01  -6.070000e-01   0.000000e+00   1.642608e-01   3.282835e-01   4.918166e-01   6.545836e-01   8.162753e-01   8.162753e-01   6.545840e-01   4.918169e-01   3.282837e-01   1.642609e-01   0.000000e+00
   6.213897e-01   5.384500e+04   4.410000e+02   0.000000e+00  -5.823980e-02  -1.158052e-01  -1.720628e-01  -2.264569e-01  -2.785382e-01  -3.309491e-01  -3.830303e-01  -4.374245e-01  -4.936821e-01  -5.512476e-01  -6.094875e-01   0.000000e+00   1.645655e-01   3.288938e-01   4.927344e-01   6.558113e-01   8.178161e-01   8.178160e-01   6.558117e-01   4.927347e-01   3.288940e-01   1.645656e-01   0.000000e+00
   6.227271e-01   5.374700e+04   4.420000e+02   0.000000e+00  -5.847138e-02  -1.162671e-01  -1.727527e-01  -2.273713e-01  -2.796729e-01  -3.323019e-01  -3.846033e-01  -4.392221e-01  -4.957077e-01  -5.535035e-01  -6.119750e-01   0.000000e+00   1.648693e-01   3.295024e-01   4.936495e-01   6.570355e-01   8.193525e-01   8.193525e-01   6.570360e-01   4.936498e-01   3.295026e-01   1.648694e-01   0.000000e+00
   6.240620e-01   5.364900e+04   4.430000e+02   0.000000e+00  -5.870293e-02  -1.167290e-01  -1.734426e-01  -2.282858e-01  -2.808075e-01  -3.336548e-01  -3.861764e-01  -4.410197e-01  -4.977333e-01  -5.557595e-01  -6.144625e-01   0.000000e+00   1.651723e-01   3.301093e-01   4.945620e-01   6.582563e-01   8.208847e-01   8.208846e-01   6.582567e-01   4.945623e-01   3.301095e-01   1.651724e-01   0.000000e+00
   6.253944e-01   5.355200e+04   4.440000e+02   0.000000e+00  -5.893448e-02  -1.171909e-01  -1.741324e-01  -2.292002e-01  -2.819421e-01  -3.350077e-01  -3.877495e-01  -4.428174e-01  -4.997589e-01  -5.580154e-01  -6.169500e-01   0.000000e+00   1.654744e-01   3.307144e-01   4.954720e-01   6.594737e-01   8.224126e-01   8.224125e-01   6.594741e-01   4.954723e-01   3.307146e-01   1.654745e-01   0.000000e+00
   6.267245e-01   5.345600e+04   4.450000e+02   0.000000e+00  -5.916601e-02  -1.176528e-01  -1.748222e-01  -2.301146e-01  -2.830767e-01  -3.363606e-01  -3.893226e-01  -4.446150e-01  -5.017846e-01  -5.602714e-01  -6.194375e-01   0.000000e+00   1.657757e-01   3.313179e-01   4.963794e-01   6.606876e-01   8.239362e-01   8.239361e-01   6.606880e-01   4.963797e-01   3.313181e-01   1.657758e-01   0.000000e+00
   6.280522e-01   5.336100e+04   4.460000e+02   0.000000e+00  -5.939752e-02  -1.181146e-01  -1.755120e-01  -2.310289e-01  -2.842113e-01  -3.377135e-01  -3.908958e-01  -4.464127e-01  -5.038102e-01  -5.625274e-01  -6.219250e-01   0.000000e+00   1.660761e-01   3.319196e-01   4.972843e-01   6.618982e-01   8.254556e-01   8.254555e-01   6.618986e-01   4.972846e-01   3.319198e-01   1.660762e-01   0.000000e+00
   6.293776e-01   5.326600e+04   4.470000e+02   0.000000e+00  -5.962902e-02  -1.185764e-01  -1.762018e-01  -2.319432e-01  -2.853459e-01  -3.390664e-01  -3.924690e-01  -4.482105e-01  -5.058359e-01  -5.647834e-01  -6.244125e-01   0.000000e+00   1.663757e-01   3.325197e-01   4.981867e-01   6.631054e-01   8.269707e-01   8.269707e-01   6.631058e-01   4.981870e-01   3.325199e-01   1.663758e-01   0.000000e+00
   6.307006e-01   5.317100e+04   4.480000e+02   0.000000e+00  -5.986050e-02  -1.190382e-01  -1.768915e-01  -2.328575e-01  -2.864805e-01  -3.404193e-01  -3.940422e-01  -4.500083e-01  -5.078617e-01  -5.670394e-01  -6.269000e-01   0.000000e+00   1.666744e-01   3.331181e-01   4.990865e-01   6.643092e-01   8.284817e-01   8.284817e-01   6.643096e-01   4.990868e-01   3.331183e-01   1.666745e-01   0.000000e+00
   6.320212e-01   5.307800e+04   4.490000e+02   0.000000e+00  -6.009197e-02  -1.194999e-01  -1.775812e-01  -2.337718e-01  -2.876151e-01  -3.417722e-01  -3.956154e-01  -4.518061e-01  -5.098874e-01  -5.692954e-01  -6.293875e-01   0.000000e+00   1.669723e-01   3.337148e-01   4.999839e-01   6.655097e-01   8.299885e-01   8.299885e-01   6.655101e-01   4.999842e-01   3.337150e-01   1.669724e-01   0.000000e+00
   6.333396e-01   5.298500e+04   4.500000e+02   0.000000e+00  -6.032343e-02  -1.199616e-01  -1.782709e-01  -2.346860e-01  -2.887496e-01  -3.431252e-01  -3.971886e-01  -4.536039e-01  -5.119132e-01  -5.715515e-01  -6.318750e-01   0.000000e+00   1.672694e-01   3.343099e-01   5.008787e-01   6.667069e-01   8.314912e-01   8.314911e-01   6.667073e-01   5.008790e-01   3.343101e-01   1.672695e-01   0.000000e+00
   6.346556e-01   5.289200e+04   4.510000e+02   0.000000e+00  -6.055487e-02  -1.204233e-01  -1.789605e-01  -2.356003e-01  -2.898842e-01  -3.444781e-01  -3.987619e-01  -4.554018e-01  -5.139390e-01  -5.738076e-01  -6.343625e-01   0.000000e+00   1.675656e-01   3.349033e-01   5.017711e-01   6.679008e-01   8.329897e-01   8.329897e-01   6.679012e-01   5.017714e-01   3.349035e-01   1.675657e-01   0.000000e+00
   6.359693e-01   5.280000e+04   4.520000e+02   0.000000e+00  -6.078629e-02  -1.208850e-01  -1.796501e-01  -2.365144e-01  -2.910187e-01  -3.458311e-01  -4.003352e-01  -4.571997e-01  -5.159648e-01  -5.760636e-01  -6.368500e-01   0.000000e+00   1.678610e-01   3.354951e-01   5.026610e-01   6.690914e-01   8.344842e-01   8.344841e-01   6.690918e-01   5.026614e-01   3.354953e-01   1.678611e-01   0.000000e+00
   6.372808e-01   5.270900e+04   4.530000e+02   0.000000e+00  -6.101771e-02  -1.213467e-01  -1.803397e-01  -2.374286e-01  -2.921532e-01  -3.471841e-01  -4.019086e-01  -4.589976e-01  -5.179907e-01  -5.783197e-01  -6.393375e-01   0.000000e+00   1.681557e-01   3.360852e-01   5.035485e-01   6.702788e-01   8.359745e-01   8.359745e-01   6.702792e-01   5.035488e-01   3.360854e-01   1.681558e-01   0.000000e+00
   6.385900e-01   5.261800e+04   4.540000e+02   0.000000e+00  -6.124910e-02  -1.218083e-01  -1.810292e-01  -2.383427e-01  -2.932877e-01  -3.485370e-01  -4.034819e-01  -4.607955e-01  -5.200166e-01  -5.805758e-01  -6.418250e-01   0.000000e+00   1.684495e-01   3.366738e-01   5.044336e-01   6.714629e-01   8.374608e-01   8.374608e-01   6.714633e-01   5.044339e-01   3.366740e-01   1.684496e-01   0.000000e+00
   6.398969e-01   5.252700e+04   4.550000e+02   0.000000e+00  -6.148049e-02  -1.222699e-01  -1.817187e-01  -2.392569e-01  -2.944223e-01  -3.498900e-01  -4.050553e-01  -4.625935e-01  -5.220425e-01  -5.828319e-01  -6.443125e-01   0.000000e+00   1.687424e-01   3.372607e-01   5.053162e-01   6.726437e-01   8.389431e-01   8.389430e-01   6.726442e-01   5.053165e-01   3.372609e-01   1.687426e-01   0.000000e+00
   6.412017e-01   5.243800e+04   4.560000e+02   0.000000e+00  -6.171186e-02  -1.227314e-01  -1.824082e-01  -2.401710e-01  -2.955567e-01  -3.512430e-01  -4.066287e-01  -4.643915e-01  -5.240684e-01  -5.850881e-01  -6.468000e-01   0.000000e+00   1.690346e-01   3.378460e-01   5.061964e-01   6.738214e-01   8.404213e-01   8.404213e-01   6.738218e-01   5.061967e-01   3.378462e-01   1.690347e-01   0.000000e+00
   6.425041e-01   5.234800e+04   4.570000e+02   0.000000e+00  -6.194321e-02  -1.231930e-01  -1.830977e-01  -2.410850e-01  -2.966912e-01  -3.525960e-01  -4.082022e-01  -4.661896e-01  -5.260943e-01  -5.873442e-01  -6.492875e-01   0.000000e+00   1.693260e-01   3.384297e-01   5.070742e-01   6.749959e-01   8.418956e-01   8.418955e-01   6.749963e-01   5.070745e-01   3.384299e-01   1.693261e-01   0.000000e+00
   6.438044e-01   5.226000e+04   4.580000e+02   0.000000e+00  -6.217456e-02  -1.236545e-01  -1.837871e-01  -2.419991e-01  -2.978257e-01  -3.539491e-01  -4.097756e-01  -4.679876e-01  -5.281203e-01  -5.896004e-01  -6.517750e-01   0.000000e+00   1.696166e-01   3.390118e-01   5.079496e-01   6.761671e-01   8.433659e-01   8.433658e-01   6.761676e-01   5.079500e-01   3.390120e-01   1.696167e-01   0.000000e+00
   6.451025e-01   5.217200e+04   4.590000e+02   0.000000e+00  -6.240588e-02  -1.241160e-01  -1.844765e-01  -2.429131e-01  -2.989602e-01  -3.553021e-01  -4.113491e-01  -4.697858e-01  -5.301463e-01  -5.918565e-01  -6.542625e-01   0.000000e+00   1.699064e-01   3.395923e-01   5.088227e-01   6.773353e-01   8.448322e-01   8.448321e-01   6.773357e-01   5.088230e-01   3.395926e-01   1.699065e-01   0.000000e+00
   6.463984e-01   5.208400e+04   4.600000e+02   0.000000e+00  -6.263720e-02  -1.245775e-01  -1.851659e-01  -2.438271e-01  -3.000947e-01  -3.566551e-01  -4.129226e-01  -4.715839e-01  -5.321724e-01  -5.941127e-01  -6.567500e-01   0.000000e+00   1.701955e-01   3.401713e-01   5.096934e-01   6.785002e-01   8.462946e-01   8.462945e-01   6.785007e-01   5.096937e-01   3.401715e-01   1.701956e-01   0.000000e+00
   6.476922e-01   5.199700e+04   4.610000e+02   0.000000e+00  -6.286850e-02  -1.250389e-01  -1.858552e-01  -2.447410e-01  -3.012291e-01  -3.580082e-01  -4.144961e-01  -4.733820e-01  -5.341984e-01  -5.963689e-01  -6.592375e-01   0.000000e+00   1.704837e-01   3.407487e-01   5.105617e-01   6.796621e-01   8.477530e-01   8.477530e-01   6.796625e-01   5.105620e-01   3.407489e-01   1.704838e-01   0.000000e+00
   6.489837e-01   5.191000e+04   4.620000e+02   0.000000e+00  -6.309979e-02  -1.255004e-01  -1.865445e-01  -2.456550e-01  -3.023635e-01  -3.593612e-01  -4.160697e-01  -4.751802e-01  -5.362245e-01  -5.986251e-01  -6.617250e-01   0.000000e+00   1.707711e-01   3.413245e-01   5.114277e-01   6.808208e-01   8.492076e-01   8.492075e-01   6.808212e-01   5.114281e-01   3.413248e-01   1.707713e-01   0.000000e+00
   6.502732e-01   5.182400e+04   4.630000e+02   0.000000e+00  -6.333106e-02  -1.259618e-01  -1.872338e-01  -2.465689e-01  -3.034980e-01  -3.607143e-01  -4.176433e-01  -4.769784e-01  -5.382506e-01  -6.008814e-01  -6.642125e-01   0.000000e+00   1.710578e-01   3.418988e-01   5.122914e-01   6.819764e-01   8.506583e-01   8.506582e-01   6.819768e-01   5.122917e-01   3.418990e-01   1.710579e-01   0.000000e+00
   6.515605e-01   5.173900e+04   4.640000e+02   0.000000e+00  -6.356232e-02  -1.264231e-01  -1.879231e-01  -2.474828e-01  -3.046324e-01  -3.620674e-01  -4.192169e-01  -4.787767e-01  -5.402767e-01  -6.031376e-01  -6.667000e-01   0.000000e+00   1.713437e-01   3.424716e-01   5.131528e-01   6.831289e-01   8.521051e-01   8.521051e-01   6.831293e-01   5.131531e-01   3.424718e-01   1.713438e-01   0.000000e+00
   6.528457e-01   5.165400e+04   4.650000e+02   0.000000e+00  -6.379357e-02  -1.268845e-01  -1.886123e-01  -2.483967e-01  -3.057668e-01  -3.634205e-01  -4.207905e-01  -4.805750e-01  -5.423028e-01  -6.053938e-01  -6.691875e-01   0.000000e+00   1.716289e-01   3.430428e-01   5.140118e-01   6.842784e-01   8.535481e-01   8.535480e-01   6.842788e-01   5.140122e-01   3.430430e-01   1.716290e-01   0.000000e+00
   6.541287e-01   5.156900e+04   4.660000e+02   0.000000e+00  -6.402480e-02  -1.273458e-01  -1.893015e-01  -2.493105e-01  -3.069012e-01  -3.647736e-01  -4.223642e-01  -4.823733e-01  -5.443290e-01  -6.076501e-01  -6.716750e-01   0.000000e+00   1.719133e-01   3.436125e-01   5.148686e-01   6.854248e-01   8.549873e-01   8.549872e-01   6.854252e-01   5.148689e-01   3.436127e-01   1.719134e-01   0.000000e+00
   6.554097e-01   5.148500e+04   4.670000e+02   0.000000e+00  -6.425602e-02  -1.278071e-01  -1.899907e-01  -2.502243e-01  -3.080356e-01  -3.661267e-01  -4.239378e-01  -4.841716e-01  -5.463552e-01  -6.099064e-01  -6.741625e-01   0.000000e+00   1.721969e-01   3.441806e-01   5.157231e-01   6.865681e-01   8.564226e-01   8.564226e-01   6.865686e-01   5.157234e-01   3.441808e-01   1.721970e-01   0.000000e+00
   6.566886e-01   5.140200e+04   4.680000e+02   0.000000e+00  -6.448723e-02  -1.282684e-01  -1.906798e-01  -2.511381e-01  -3.091700e-01  -3.674798e-01  -4.255115e-01  -4.859699e-01  -5.483814e-01  -6.121627e-01  -6.766500e-01   0.000000e+00   1.724797e-01   3.447473e-01   5.165753e-01   6.877085e-01   8.578542e-01   8.578542e-01   6.877089e-01   5.165756e-01   3.447475e-01   1.724798e-01   0.000000e+00
   6.579655e-01   5.131900e+04   4.690000e+02   0.000000e+00  -6.471842e-02  -1.287297e-01  -1.913689e-01  -2.520519e-01  -3.103044e-01  -3.688329e-01  -4.270853e-01  -4.877683e-01  -5.504077e-01  -6.144190e-01  -6.791375e-01   0.000000e+00   1.727619e-01   3.453124e-01   5.174253e-01   6.888458e-01   8.592820e-01   8.592820e-01   6.888462e-01   5.174256e-01   3.453126e-01   1.727620e-01   0.000000e+00
   6.592403e-01   5.123600e+04   4.700000e+02   0.000000e+00  -6.494960e-02  -1.291909e-01  -1.920580e-01  -2.529656e-01  -3.114387e-01  -3.701860e-01  -4.286590e-01  -4.895667e-01  -5.524339e-01  -6.166753e-01  -6.816250e-01   0.000000e+00   1.730432e-01   3.458761e-01   5.182730e-01   6.899801e-01   8.607061e-01   8.607061e-01   6.899805e-01   5.182733e-01   3.458763e-01   1.730433e-01   0.000000e+00
   6.605130e-01   5.115400e+04   4.710000e+02   0.000000e+00  -6.518077e-02  -1.296521e-01  -1.927471e-01  -2.538794e-01  -3.125731e-01  -3.715392e-01  -4.302328e-01  -4.913652e-01  -5.544602e-01  -6.189316e-01  -6.841125e-01   0.000000e+00   1.733238e-01   3.464382e-01   5.191185e-01   6.911114e-01   8.621265e-01   8.621264e-01   6.911119e-01   5.191188e-01   3.464384e-01   1.733239e-01   0.000000e+00
   6.617837e-01   5.107300e+04   4.720000e+02   0.000000e+00  -6.541192e-02  -1.301133e-01  -1.934361e-01  -2.547931e-01  -3.137075e-01  -3.728923e-01  -4.318066e-01  -4.931637e-01  -5.564865e-01  -6.211880e-01  -6.866000e-01   0.000000e+00   1.736037e-01   3.469989e-01   5.199617e-01   6.922398e-01   8.635431e-01   8.635430e-01   6.922402e-01   5.199620e-01   3.469991e-01   1.736038e-01   0.000000e+00
   6.630524e-01   5.099100e+04   4.730000e+02   0.000000e+00  -6.564306e-02  -1.305745e-01  -1.941251e-01  -2.557067e-01  -3.148418e-01  -3.742455e-01  -4.333804e-01  -4.949621e-01  -5.585129e-01  -6.234443e-01  -6.890875e-01   0.000000e+00   1.738828e-01   3.475581e-01   5.208028e-01   6.933652e-01   8.649560e-01   8.649560e-01   6.933657e-01   5.208031e-01   3.475583e-01   1.738829e-01   0.000000e+00
   6.643191e-01   5.091100e+04   4.740000e+02   0.000000e+00  -6.587419e-02  -1.310356e-01  -1.948141e-01  -2.566204e-01  -3.159761e-01  -3.755986e-01  -4.349542e-01  -4.967607e-01  -5.605392e-01  -6.257007e-01  -6.915750e-01   0.000000e+00   1.741612e-01   3.481158e-01   5.216416e-01   6.944877e-01   8.663653e-01   8.663652e-01   6.944881e-01   5.216419e-01   3.481160e-01   1.741613e-01   0.000000e+00
   6.655838e-01   5.083100e+04   4.750000e+02   0.000000e+00  -6.610531e-02  -1.314967e-01  -1.955030e-01  -2.575340e-01  -3.171104e-01  -3.769518e-01  -4.365281e-01  -4.985592e-01  -5.625656e-01  -6.279571e-01  -6.940625e-01   0.000000e+00   1.744389e-01   3.486721e-01   5.224782e-01   6.956073e-01   8.677709e-01   8.677708e-01   6.956077e-01   5.224786e-01   3.486723e-01   1.744390e-01   0.000000e+00
   6.668465e-01   5.075100e+04   4.760000e+02   0.000000e+00  -6.633641e-02  -1.319578e-01  -1.961919e-01  -2.584476e-01  -3.182448e-01  -3.783050e-01  -4.381020e-01  -5.003578e-01  -5.645920e-01  -6.302135e-01  -6.965500e-01   0.000000e+00   1.747158e-01   3.492269e-01   5.233127e-01   6.967239e-01   8.691729e-01   8.691728e-01   6.967243e-01   5.233130e-01   3.492271e-01   1.747160e-01   0.000000e+00
   6.681072e-01   5.067200e+04   4.770000e+02   0.000000e+00  -6.656750e-02  -1.324189e-01  -1.968808e-01  -2.593612e-01  -3.193791e-01  -3.796582e-01  -4.396759e-01  -5.021564e-01  -5.666184e-01  -6.324699e-01  -6.990375e-01   0.000000e+00   1.749921e-01   3.497802e-01   5.241450e-01   6.978376e-01   8.705712e-01   8.705711e-01   6.978381e-01   5.241453e-01   3.497804e-01   1.749922e-01   0.000000e+00
   6.693660e-01   5.059300e+04   4.780000e+02   0.000000e+00  -6.679858e-02  -1.328800e-01  -1.975697e-01  -2.602748e-01  -3.205134e-01  -3.810114e-01  -4.412498e-01  -5.039550e-01  -5.686449e-01  -6.347263e-01  -7.015250e-01   0.000000e+00   1.752676e-01   3.503321e-01   5.249751e-01   6.989485e-01   8.719659e-01   8.719659e-01   6.989489e-01   5.249754e-01   3.503323e-01   1.752677e-01   0.000000e+00
   6.706228e-01   5.051400e+04   4.790000e+02   0.000000e+00  -6.702965e-02  -1.333410e-01  -1.982586e-01  -2.611883e-01  -3.216477e-01  -3.823646e-01  -4.428238e-01  -5.057537e-01  -5.706713e-01  -6.369828e-01  -7.040125e-01   0.000000e+00   1.755423e-01   3.508826e-01   5.258030e-01   7.000565e-01   8.733571e-01   8.733570e-01   7.000569e-01   5.258034e-01   3.508828e-01   1.755424e-01   0.000000e+00
   6.718776e-01   5.043600e+04   4.800000e+02   0.000000e+00  -6.726070e-02  -1.338020e-01  -1.989474e-01  -2.621019e-01  -3.227819e-01  -3.837178e-01  -4.443978e-01  -5.075524e-01  -5.726978e-01  -6.392392e-01  -7.065000e-01   0.000000e+00   1.758164e-01   3.514316e-01   5.266288e-01   7.011616e-01   8.747446e-01   8.747446e-01   7.011620e-01   5.266292e-01   3.514319e-01   1.758165e-01   0.000000e+00
   6.731306e-01   5.035900e+04   4.810000e+02   0.000000e+00  -6.749174e-02  -1.342630e-01  -1.996362e-01  -2.630154e-01  -3.239162e-01  -3.850711e-01  -4.459718e-01  -5.093511e-01  -5.747243e-01  -6.414957e-01  -7.089875e-01   0.000000e+00   1.760898e-01   3.519793e-01   5.274525e-01   7.022639e-01   8.761287e-01   8.761286e-01   7.022643e-01   5.274529e-01   3.519795e-01   1.760899e-01   0.000000e+00
   6.743816e-01   5.028200e+04   4.820000e+02   0.000000e+00  -6.772277e-02  -1.347239e-01  -2.003249e-01  -2.639288e-01  -3.250505e-01  -3.864243e-01  -4.475458e-01  -5.111498e-01  -5.767509e-01  -6.437521e-01  -7.114750e-01   0.000000e+00   1.763624e-01   3.525255e-01   5.282741e-01   7.033633e-01   8.775091e-01   8.775091e-01   7.033638e-01   5.282744e-01   3.525257e-01   1.763625e-01   0.000000e+00
   6.756307e-01   5.020500e+04   4.830000e+02   0.000000e+00  -6.795378e-02  -1.351849e-01  -2.010137e-01  -2.648423e-01  -3.261847e-01  -3.877775e-01  -4.491198e-01  -5.129486e-01  -5.787774e-01  -6.460086e-01  -7.139625e-01   0.000000e+00   1.766343e-01   3.530703e-01   5.290935e-01   7.044599e-01   8.788861e-01   8.788860e-01   7.044604e-01   5.290939e-01   3.530705e-01   1.766344e-01   0.000000e+00
   6.768779e-01   5.012900e+04   4.840000e+02   0.000000e+00  -6.818479e-02  -1.356458e-01  -2.017024e-01  -2.657557e-01  -3.273190e-01  -3.891308e-01  -4.506939e-01  -5.147473e-01  -5.808040e-01  -6.482651e-01  -7.164500e-01   0.000000e+00   1.769056e-01   3.536137e-01   5.299109e-01   7.055538e-01   8.802595e-01   8.802595e-01   7.055542e-01   5.299112e-01   3.536139e-01   1.769057e-01   0.000000e+00
   6.781232e-01   5.005300e+04   4.850000e+02   0.000000e+00  -6.841578e-02  -1.361067e-01  -2.023911e-01  -2.666691e-01  -3.284532e-01  -3.904841e-01  -4.522680e-01  -5.165461e-01  -5.828306e-01  -6.505216e-01  -7.189375e-01   0.000000e+00   1.771761e-01   3.541557e-01   5.307261e-01   7.066448e-01   8.816295e-01   8.816294e-01   7.066452e-01   5.307265e-01   3.541559e-01   1.771762e-01   0.000000e+00
   6.793667e-01   4.997800e+04   4.860000e+02   0.000000e+00  -6.864675e-02  -1.365676e-01  -2.030797e-01  -2.675825e-01  -3.295874e-01  -3.918373e-01  -4.538421e-01  -5.183450e-01  -5.848572e-01  -6.527782e-01  -7.214250e-01   0.000000e+00   1.774460e-01   3.546963e-01   5.315393e-01   7.077330e-01   8.829959e-01   8.829959e-01   7.077335e-01   5.315396e-01   3.546965e-01   1.774461e-01   0.000000e+00
   6.806082e-01   4.990300e+04   4.870000e+02   0.000000e+00  -6.887772e-02  -1.370284e-01  -2.037684e-01  -2.684959e-01  -3.307216e-01  -3.931906e-01  -4.554163e-01  -5.201438e-01  -5.868839e-01  -6.550347e-01  -7.239125e-01   0.000000e+00   1.777151e-01   3.552355e-01   5.323504e-01   7.088185e-01   8.843589e-01   8.843589e-01   7.088189e-01   5.323507e-01   3.552357e-01   1.777152e-01   0.000000e+00
   6.818480e-01   4.982800e+04   4.880000e+02   0.000000e+00  -6.910868e-02  -1.374893e-01  -2.044570e-01  -2.694092e-01  -3.318559e-01  -3.945439e-01  -4.569904e-01  -5.219427e-01  -5.889105e-01  -6.572912e-01  -7.264000e-01   0.000000e+00   1.779836e-01   3.557734e-01   5.331594e-01   7.099012e-01   8.857185e-01   8.857184e-01   7.099017e-01   5.331597e-01   3.557736e-01   1.779837e-01   0.000000e+00
   6.830858e-01   4.975400e+04   4.890000e+02   0.000000e+00  -6.933962e-02  -1.379501e-01  -2.051456e-01  -2.703225e-01  -3.329901e-01  -3.958972e-01  -4.585646e-01  -5.237416e-01  -5.909372e-01  -6.595478e-01  -7.288875e-01   0.000000e+00   1.782514e-01   3.563098e-01   5.339663e-01   7.109812e-01   8.870746e-01   8.870746e-01   7.109816e-01   5.339667e-01   3.563101e-01   1.782515e-01   0.000000e+00
   6.843219e-01   4.968000e+04   4.900000e+02   0.000000e+00  -6.957055e-02  -1.384109e-01  -2.058341e-01  -2.712358e-01  -3.341242e-01  -3.972505e-01  -4.601388e-01  -5.255406e-01  -5.929639e-01  -6.618044e-01  -7.313750e-01   0.000000e+00   1.785185e-01   3.568450e-01   5.347712e-01   7.120584e-01   8.884273e-01   8.884273e-01   7.120589e-01   5.347716e-01   3.568452e-01   1.785186e-01   0.000000e+00
   6.855561e-01   4.960700e+04   4.910000e+02   0.000000e+00  -6.980147e-02  -1.388717e-01  -2.065227e-01  -2.721491e-01  -3.352584e-01  -3.986038e-01  -4.617130e-01  -5.273395e-01  -5.949907e-01  -6.640609e-01  -7.338625e-01   0.000000e+00   1.787849e-01   3.573787e-01   5.355741e-01   7.131330e-01   8.897767e-01   8.897766e-01   7.131334e-01   5.355745e-01   3.573789e-01   1.787850e-01   0.000000e+00
   6.867885e-01   4.953400e+04   4.920000e+02   0.000000e+00  -7.003238e-02  -1.393324e-01  -2.072112e-01  -2.730624e-01  -3.363926e-01  -3.999571e-01  -4.632872e-01  -5.291385e-01  -5.970174e-01  -6.663175e-01  -7.363500e-01   0.000000e+00   1.790506e-01   3.579111e-01   5.363750e-01   7.142048e-01   8.911226e-01   8.911225e-01   7.142052e-01   5.363753e-01   3.579113e-01   1.790507e-01   0.000000e+00
   6.880191e-01   4.946200e+04   4.930000e+02   0.000000e+00  -7.026327e-02  -1.397931e-01  -2.078997e-01  -2.739756e-01  -3.375268e-01  -4.013105e-01  -4.648615e-01  -5.309375e-01  -5.990442e-01  -6.685741e-01  -7.388375e-01   0.000000e+00   1.793157e-01   3.584422e-01   5.371738e-01   7.152739e-01   8.924652e-01   8.924651e-01   7.152744e-01   5.371741e-01   3.584424e-01   1.793158e-01   0.000000e+00
   6.892479e-01   4.938900e+04   4.940000e+02   0.000000e+00  -7.049415e-02  -1.402538e-01  -2.085881e-01  -2.748888e-01  -3.386609e-01  -4.026638e-01  -4.664358e-01  -5.327366e-01  -6.010710e-01  -6.708307e-01  -7.413250e-01   0.000000e+00   1.795801e-01   3.589719e-01   5.379706e-01   7.163404e-01   8.938044e-01   8.938043e-01   7.163408e-01   5.379709e-01   3.589721e-01   1.795802e-01   0.000000e+00
   6.904749e-01   4.931800e+04   4.950000e+02   0.000000e+00  -7.072503e-02  -1.407145e-01  -2.092766e-01  -2.758020e-01  -3.397951e-01  -4.040171e-01  -4.680101e-01  -5.345357e-01  -6.030978e-01  -6.730874e-01  -7.438125e-01   0.000000e+00   1.798438e-01   3.595002e-01   5.387654e-01   7.174041e-01   8.951402e-01   8.951402e-01   7.174046e-01   5.387657e-01   3.595005e-01   1.798439e-01   0.000000e+00
   6.917001e-01   4.924600e+04   4.960000e+02   0.000000e+00  -7.095589e-02  -1.411752e-01  -2.099650e-01  -2.767152e-01  -3.409292e-01  -4.053705e-01  -4.695844e-01  -5.363347e-01  -6.051246e-01  -6.753440e-01  -7.463000e-01   0.000000e+00   1.801069e-01   3.600273e-01   5.395582e-01   7.184652e-01   8.964728e-01   8.964727e-01   7.184657e-01   5.395585e-01   3.600275e-01   1.801070e-01   0.000000e+00
   6.929236e-01   4.917500e+04   4.970000e+02   0.000000e+00  -7.118674e-02  -1.416358e-01  -2.106534e-01  -2.776283e-01  -3.420634e-01  -4.067239e-01  -4.711588e-01  -5.381338e-01  -6.071515e-01  -6.776007e-01  -7.487875e-01   0.000000e+00   1.803693e-01   3.605530e-01   5.403490e-01   7.195237e-01   8.978020e-01   8.978020e-01   7.195241e-01   5.403494e-01   3.605532e-01   1.803694e-01   0.000000e+00
   6.941453e-01   4.910500e+04   4.980000e+02   0.000000e+00  -7.141757e-02  -1.420965e-01  -2.113417e-01  -2.785415e-01  -3.431975e-01  -4.080772e-01  -4.727331e-01  -5.399330e-01  -6.091783e-01  -6.798573e-01  -7.512750e-01   0.000000e+00   1.806310e-01   3.610774e-01   5.411379e-01   7.205795e-01   8.991280e-01   8.991279e-01   7.205800e-01   5.411382e-01   3.610776e-01   1.806311e-01   0.000000e+00
   6.953652e-01   4.903400e+04   4.990000e+02   0.000000e+00  -7.164840e-02  -1.425571e-01  -2.120301e-01  -2.794546e-01  -3.443316e-01  -4.094306e-01  -4.743075e-01  -5.417321e-01  -6.112052e-01  -6.821140e-01  -7.537625e-01   0.000000e+00   1.808921e-01   3.616005e-01   5.419247e-01   7.216327e-01   9.004506e-01   9.004506e-01   7.216331e-01   5.419251e-01   3.616007e-01   1.808922e-01   0.000000e+00
   6.965834e-01   4.896500e+04   5.000000e+02   0.000000e+00  -7.187921e-02  -1.430177e-01  -2.127184e-01  -2.803677e-01  -3.454657e-01  -4.107840e-01  -4.758819e-01  -5.435313e-01  -6.132321e-01  -6.843707e-01  -7.562500e-01   0.000000e+00   1.811525e-01   3.621223e-01   5.427097e-01   7.226833e-01   9.017700e-01   9.017699e-01   7.226837e-01   5.427100e-01   3.621225e-01   1.811526e-01   0.000000e+00
   6.977999e-01   4.889500e+04   5.010000e+02   0.000000e+00  -7.211001e-02  -1.434782e-01  -2.134067e-01  -2.812807e-01  -3.465998e-01  -4.121374e-01  -4.774564e-01  -5.453305e-01  -6.152591e-01  -6.866274e-01  -7.587375e-01   0.000000e+00   1.814123e-01   3.626428e-01   5.434926e-01   7.237313e-01   9.030861e-01   9.030861e-01   7.237317e-01   5.434930e-01   3.626430e-01   1.814124e-01   0.000000e+00
   6.990147e-01   4.882600e+04   5.020000e+02   0.000000e+00  -7.234081e-02  -1.439388e-01  -2.140949e-01  -2.821938e-01  -3.477339e-01  -4.134908e-01  -4.790308e-01  -5.471298e-01  -6.172860e-01  -6.888841e-01  -7.612250e-01   0.000000e+00   1.816714e-01   3.631620e-01   5.442736e-01   7.247766e-01   9.043990e-01   9.043990e-01   7.247771e-01   5.442740e-01   3.631622e-01   1.816715e-01   0.000000e+00
   7.002277e-01   4.875700e+04   5.030000e+02   0.000000e+00  -7.257159e-02  -1.443993e-01  -2.147832e-01  -2.831068e-01  -3.488680e-01  -4.148442e-01  -4.806053e-01  -5.489290e-01  -6.193130e-01  -6.911408e-01  -7.637125e-01   0.000000e+00   1.819299e-01   3.636798e-01   5.450527e-01   7.258194e-01   9.057087e-01   9.057086e-01   7.258199e-01   5.450531e-01   3.636801e-01   1.819300e-01   0.000000e+00
   7.014391e-01   4.868900e+04   5.040000e+02   0.000000e+00  -7.280235e-02  -1.448598e-01  -2.154714e-01  -2.840198e-01  -3.500021e-01  -4.161976e-01  -4.821798e-01  -5.507283e-01  -6.213400e-01  -6.933975e-01  -7.662000e-01   0.000000e+00   1.821878e-01   3.641965e-01   5.458299e-01   7.268597e-01   9.070151e-01   9.070151e-01   7.268601e-01   5.458302e-01   3.641967e-01   1.821879e-01   0.000000e+00
   7.026487e-01   4.862100e+04   5.050000e+02   0.000000e+00  -7.303311e-02  -1.453203e-01  -2.161596e-01  -2.849328e-01  -3.511362e-01  -4.175511e-01  -4.837543e-01  -5.525276e-01  -6.233670e-01  -6.956543e-01  -7.686875e-01   0.000000e+00   1.824450e-01   3.647118e-01   5.466051e-01   7.278973e-01   9.083184e-01   9.083183e-01   7.278978e-01   5.466054e-01   3.647120e-01   1.824451e-01   0.000000e+00
   7.038567e-01   4.855300e+04   5.060000e+02   0.000000e+00  -7.326386e-02  -1.457807e-01  -2.168478e-01  -2.858458e-01  -3.522702e-01  -4.189045e-01  -4.853288e-01  -5.543269e-01  -6.253940e-01  -6.979110e-01  -7.711750e-01   0.000000e+00   1.827015e-01   3.652258e-01   5.473784e-01   7.289325e-01   9.096184e-01   9.096184e-01   7.289329e-01   5.473788e-01   3.652261e-01   1.827017e-01   0.000000e+00
   7.050630e-01   4.848600e+04   5.070000e+02   0.000000e+00  -7.349459e-02  -1.462412e-01  -2.175359e-01  -2.867587e-01  -3.534043e-01  -4.202579e-01  -4.869034e-01  -5.561263e-01  -6.274211e-01  -7.001678e-01  -7.736625e-01   0.000000e+00   1.829575e-01   3.657386e-01   5.481498e-01   7.299650e-01   9.109153e-01   9.109152e-01   7.299655e-01   5.481502e-01   3.657389e-01   1.829576e-01   0.000000e+00
   7.062676e-01   4.841900e+04   5.080000e+02   0.000000e+00  -7.372532e-02  -1.467016e-01  -2.182240e-01  -2.876716e-01  -3.545383e-01  -4.216114e-01  -4.884780e-01  -5.579257e-01  -6.294482e-01  -7.024246e-01  -7.761500e-01   0.000000e+00   1.832128e-01   3.662501e-01   5.489194e-01   7.309951e-01   9.122090e-01   9.122090e-01   7.309955e-01   5.489197e-01   3.662504e-01   1.832129e-01   0.000000e+00
   7.074706e-01   4.835200e+04   5.090000e+02   0.000000e+00  -7.395603e-02  -1.471620e-01  -2.189121e-01  -2.885845e-01  -3.556724e-01  -4.229648e-01  -4.900525e-01  -5.597251e-01  -6.314753e-01  -7.046814e-01  -7.786375e-01   0.000000e+00   1.834675e-01   3.667604e-01   5.496870e-01   7.320226e-01   9.134996e-01   9.134996e-01   7.320231e-01   5.496873e-01   3.667606e-01   1.834676e-01   0.000000e+00
   7.086719e-01   4.828600e+04   5.100000e+02   0.000000e+00  -7.418673e-02  -1.476224e-01  -2.196002e-01  -2.894974e-01  -3.568064e-01  -4.243183e-01  -4.916272e-01  -5.615245e-01  -6.335024e-01  -7.069382e-01  -7.811250e-01   0.000000e+00   1.837215e-01   3.672694e-01   5.504527e-01   7.330477e-01   9.147871e-01   9.147870e-01   7.330481e-01   5.504531e-01   3.672696e-01   1.837216e-01   0.000000e+00
   7.098716e-01   4.822000e+04   5.110000e+02   0.000000e+00  -7.441742e-02  -1.480828e-01  -2.202883e-01  -2.904103e-01  -3.579404e-01  -4.256718e-01  -4.932018e-01  -5.633239e-01  -6.355295e-01  -7.091950e-01  -7.836125e-01   0.000000e+00   1.839749e-01   3.677772e-01   5.512166e-01   7.340702e-01   9.160714e-01   9.160713e-01   7.340706e-01   5.512170e-01   3.677774e-01   1.839750e-01   0.000000e+00
   7.110696e-01   4.815400e+04   5.120000e+02   0.000000e+00  -7.464810e-02  -1.485431e-01  -2.209763e-01  -2.913231e-01  -3.590744e-01  -4.270253e-01  -4.947764e-01  -5.651234e-01  -6.375567e-01  -7.114518e-01  -7.861000e-01   0.000000e+00   1.842277e-01   3.682837e-01   5.519786e-01   7.350902e-01   9.173526e-01   9.173525e-01   7.350907e-01   5.519790e-01   3.682839e-01   1.842278e-01   0.000000e+00
   7.122660e-01   4.808900e+04   5.130000e+02   0.000000e+00  -7.487877e-02  -1.490035e-01  -2.216643e-01  -2.922360e-01  -3.602085e-01  -4.283788e-01  -4.963511e-01  -5.669229e-01  -6.395838e-01  -7.137086e-01  -7.885875e-01   0.000000e+00   1.844799e-01   3.687890e-01   5.527388e-01   7.361078e-01   9.186307e-01   9.186306e-01   7.361083e-01   5.527391e-01   3.687892e-01   1.844800e-01   0.000000e+00
   7.134608e-01   4.802400e+04   5.140000e+02   0.000000e+00  -7.510943e-02  -1.494638e-01  -2.223523e-01  -2.931488e-01  -3.613425e-01  -4.297323e-01  -4.979258e-01  -5.687224e-01  -6.416110e-01  -7.159655e-01  -7.910750e-01   0.000000e+00   1.847315e-01   3.692930e-01   5.534971e-01   7.371229e-01   9.199057e-01   9.199057e-01   7.371234e-01   5.534974e-01   3.692933e-01   1.847316e-01   0.000000e+00
   7.146540e-01   4.796000e+04   5.150000e+02   0.000000e+00  -7.534008e-02  -1.499241e-01  -2.230403e-01  -2.940616e-01  -3.624764e-01  -4.310858e-01  -4.995005e-01  -5.705219e-01  -6.436382e-01  -7.182223e-01  -7.935625e-01   0.000000e+00   1.849824e-01   3.697958e-01   5.542536e-01   7.381355e-01   9.211777e-01   9.211776e-01   7.381360e-01   5.542539e-01   3.697961e-01   1.849825e-01   0.000000e+00
   7.158456e-01   4.789500e+04   5.160000e+02   0.000000e+00  -7.557072e-02  -1.503843e-01  -2.237282e-01  -2.949743e-01  -3.636104e-01  -4.324393e-01  -5.010752e-01  -5.723215e-01  -6.456655e-01  -7.204792e-01  -7.960500e-01   0.000000e+00   1.852328e-01   3.702974e-01   5.550082e-01   7.391457e-01   9.224466e-01   9.224465e-01   7.391462e-01   5.550085e-01   3.702977e-01   1.852329e-01   0.000000e+00
   7.170356e-01   4.783100e+04   5.170000e+02   0.000000e+00  -7.580134e-02  -1.508446e-01  -2.244161e-01  -2.958871e-01  -3.647444e-01  -4.337928e-01  -5.026500e-01  -5.741211e-01  -6.476927e-01  -7.227361e-01  -7.985375e-01   0.000000e+00   1.854825e-01   3.707978e-01   5.557610e-01   7.401535e-01   9.237125e-01   9.237124e-01   7.401540e-01   5.557614e-01   3.707981e-01   1.854826e-01   0.000000e+00
   7.182240e-01   4.776800e+04   5.180000e+02   0.000000e+00  -7.603196e-02  -1.513048e-01  -2.251040e-01  -2.967998e-01  -3.658784e-01  -4.351463e-01  -5.042248e-01  -5.759207e-01  -6.497200e-01  -7.249929e-01  -8.010250e-01   0.000000e+00   1.857316e-01   3.712970e-01   5.565120e-01   7.411588e-01   9.249753e-01   9.249752e-01   7.411593e-01   5.565123e-01   3.712972e-01   1.857317e-01   0.000000e+00
   7.194108e-01   4.770400e+04   5.190000e+02   0.000000e+00  -7.626256e-02  -1.517650e-01  -2.257919e-01  -2.977125e-01  -3.670123e-01  -4.364999e-01  -5.057995e-01  -5.777203e-01  -6.517473e-01  -7.272498e-01  -8.035125e-01   0.000000e+00   1.859801e-01   3.717949e-01   5.572612e-01   7.421618e-01   9.262351e-01   9.262350e-01   7.421622e-01   5.572615e-01   3.717952e-01   1.859802e-01   0.000000e+00
   7.205961e-01   4.764100e+04   5.200000e+02   0.000000e+00  -7.649316e-02  -1.522252e-01  -2.264797e-01  -2.986252e-01  -3.681463e-01  -4.378534e-01  -5.073744e-01  -5.795199e-01  -6.537746e-01  -7.295067e-01  -8.060000e-01   0.000000e+00   1.862281e-01   3.722917e-01   5.580085e-01   7.431623e-01   9.274919e-01   9.274918e-01   7.431627e-01   5.580089e-01   3.722919e-01   1.862282e-01   0.000000e+00
   7.217798e-01   4.757900e+04   5.210000e+02   0.000000e+00  -7.672374e-02  -1.526854e-01  -2.271676e-01  -2.995379e-01  -3.692802e-01  -4.392070e-01  -5.089492e-01  -5.813196e-01  -6.558019e-01  -7.317637e-01  -8.084875e-01   0.000000e+00   1.864754e-01   3.727872e-01   5.587541e-01   7.441604e-01   9.287457e-01   9.287456e-01   7.441608e-01   5.587544e-01   3.727875e-01   1.864755e-01   0.000000e+00
   7.229619e-01   4.751600e+04   5.220000e+02   0.000000e+00  -7.695431e-02  -1.531456e-01  -2.278554e-01  -3.004505e-01  -3.704142e-01  -4.405605e-01  -5.105240e-01  -5.831193e-01  -6.578292e-01  -7.340206e-01  -8.109750e-01   0.000000e+00   1.867221e-01   3.732816e-01   5.594979e-01   7.451561e-01   9.299965e-01   9.299964e-01   7.451566e-01   5.594982e-01   3.732818e-01   1.867222e-01   0.000000e+00
   7.241425e-01   4.745400e+04   5.230000e+02   0.000000e+00  -7.718488e-02  -1.536057e-01  -2.285432e-01  -3.013632e-01  -3.715481e-01  -4.419141e-01  -5.120989e-01  -5.849190e-01  -6.598566e-01  -7.362775e-01  -8.134625e-01   0.000000e+00   1.869682e-01   3.737748e-01   5.602399e-01   7.461494e-01   9.312443e-01   9.312442e-01   7.461499e-01   5.602402e-01   3.737750e-01   1.869683e-01   0.000000e+00
   7.253216e-01   4.739300e+04   5.240000e+02   0.000000e+00  -7.741543e-02  -1.540658e-01  -2.292309e-01  -3.022758e-01  -3.726820e-01  -4.432677e-01  -5.136738e-01  -5.867187e-01  -6.618840e-01  -7.385345e-01  -8.159500e-01   0.000000e+00   1.872138e-01   3.742668e-01   5.609801e-01   7.471404e-01   9.324892e-01   9.324891e-01   7.471409e-01   5.609804e-01   3.742670e-01   1.872139e-01   0.000000e+00
   7.264991e-01   4.733100e+04   5.250000e+02   0.000000e+00  -7.764597e-02  -1.545259e-01  -2.299187e-01  -3.031884e-01  -3.738160e-01  -4.446212e-01  -5.152487e-01  -5.885185e-01  -6.639114e-01  -7.407914e-01  -8.184375e-01   0.000000e+00   1.874587e-01   3.747576e-01   5.617185e-01   7.481290e-01   9.337311e-01   9.337310e-01   7.481295e-01   5.617189e-01   3.747578e-01   1.874588e-01   0.000000e+00
   7.276751e-01   4.727000e+04   5.260000e+02   0.000000e+00  -7.787650e-02  -1.549860e-01  -2.306064e-01  -3.041010e-01  -3.749499e-01  -4.459748e-01  -5.168236e-01  -5.903183e-01  -6.659388e-01  -7.430484e-01  -8.209250e-01   0.000000e+00   1.877031e-01   3.752472e-01   5.624552e-01   7.491153e-01   9.349701e-01   9.349700e-01   7.491157e-01   5.624555e-01   3.752474e-01   1.877032e-01   0.000000e+00
   7.288496e-01   4.720900e+04   5.270000e+02   0.000000e+00  -7.810702e-02  -1.554461e-01  -2.312941e-01  -3.050135e-01  -3.760838e-01  -4.473284e-01  -5.183985e-01  -5.921181e-01  -6.679662e-01  -7.453054e-01  -8.234125e-01   0.000000e+00   1.879468e-01   3.757357e-01   5.631901e-01   7.500992e-01   9.362061e-01   9.362061e-01   7.500997e-01   5.631905e-01   3.757359e-01   1.879469e-01   0.000000e+00
   7.300226e-01   4.714900e+04   5.280000e+02   0.000000e+00  -7.833754e-02  -1.559061e-01  -2.319818e-01  -3.059261e-01  -3.772177e-01  -4.486820e-01  -5.199735e-01  -5.939179e-01  -6.699937e-01  -7.475624e-01  -8.259000e-01   0.000000e+00   1.881900e-01   3.762229e-01   5.639233e-01   7.510808e-01   9.374392e-01   9.374392e-01   7.510812e-01   5.639236e-01   3.762232e-01   1.881901e-01   0.000000e+00
   7.311941e-01   4.708800e+04   5.290000e+02   0.000000e+00  -7.856804e-02  -1.563661e-01  -2.326694e-01  -3.068386e-01  -3.783516e-01  -4.500356e-01  -5.215485e-01  -5.957177e-01  -6.720211e-01  -7.498194e-01  -8.283875e-01   0.000000e+00   1.884326e-01   3.767091e-01   5.646547e-01   7.520600e-01   9.386695e-01   9.386694e-01   7.520605e-01   5.646551e-01   3.767093e-01   1.884327e-01   0.000000e+00
   7.323641e-01   4.702800e+04   5.300000e+02   0.000000e+00  -7.879853e-02  -1.568262e-01  -2.333571e-01  -3.077511e-01  -3.794854e-01  -4.513892e-01  -5.231235e-01  -5.975176e-01  -6.740486e-01  -7.520764e-01  -8.308750e-01   0.000000e+00   1.886746e-01   3.771940e-01   5.653844e-01   7.530370e-01   9.398968e-01   9.398967e-01   7.530374e-01   5.653847e-01   3.771943e-01   1.886748e-01   0.000000e+00
   7.335326e-01   4.696900e+04   5.310000e+02   0.000000e+00  -7.902901e-02  -1.572862e-01  -2.340447e-01  -3.086636e-01  -3.806193e-01  -4.527429e-01  -5.246985e-01  -5.993175e-01  -6.760761e-01  -7.543334e-01  -8.333625e-01   0.000000e+00   1.889161e-01   3.776779e-01   5.661124e-01   7.540116e-01   9.411212e-01   9.411212e-01   7.540121e-01   5.661127e-01   3.776781e-01   1.889162e-01   0.000000e+00
   7.346996e-01   4.690900e+04   5.320000e+02   0.000000e+00  -7.925948e-02  -1.577461e-01  -2.347323e-01  -3.095761e-01  -3.817532e-01  -4.540965e-01  -5.262735e-01  -6.011174e-01  -6.781036e-01  -7.565904e-01  -8.358500e-01   0.000000e+00   1.891570e-01   3.781605e-01   5.668386e-01   7.549839e-01   9.423428e-01   9.423428e-01   7.549844e-01   5.668389e-01   3.781608e-01   1.891571e-01   0.000000e+00
   7.358652e-01   4.685000e+04   5.330000e+02   0.000000e+00  -7.948994e-02  -1.582061e-01  -2.354198e-01  -3.104885e-01  -3.828870e-01  -4.554501e-01  -5.278486e-01  -6.029173e-01  -6.801312e-01  -7.588474e-01  -8.383375e-01   0.000000e+00   1.893973e-01   3.786421e-01   5.675631e-01   7.559540e-01   9.435615e-01   9.435615e-01   7.559544e-01   5.675635e-01   3.786423e-01   1.893974e-01   0.000000e+00
   7.370293e-01   4.679200e+04   5.340000e+02   0.000000e+00  -7.972039e-02  -1.586660e-01  -2.361074e-01  -3.114009e-01  -3.840209e-01  -4.568038e-01  -5.294236e-01  -6.047173e-01  -6.821587e-01  -7.611045e-01  -8.408250e-01   0.000000e+00   1.896370e-01   3.791224e-01   5.682859e-01   7.569217e-01   9.447774e-01   9.447773e-01   7.569222e-01   5.682863e-01   3.791227e-01   1.896371e-01   0.000000e+00
   7.381920e-01   4.673300e+04   5.350000e+02   0.000000e+00  -7.995083e-02  -1.591259e-01  -2.367949e-01  -3.123133e-01  -3.851547e-01  -4.581574e-01  -5.309987e-01  -6.065173e-01  -6.841863e-01  -7.633616e-01  -8.433125e-01   0.000000e+00   1.898762e-01   3.796017e-01   5.690070e-01   7.578872e-01   9.459904e-01   9.459903e-01   7.578877e-01   5.690074e-01   3.796019e-01   1.898763e-01   0.000000e+00
   7.393531e-01   4.667500e+04   5.360000e+02   0.000000e+00  -8.018126e-02  -1.595859e-01  -2.374824e-01  -3.132257e-01  -3.862886e-01  -4.595111e-01  -5.325738e-01  -6.083172e-01  -6.862139e-01  -7.656186e-01  -8.458000e-01   0.000000e+00   1.901148e-01   3.800798e-01   5.697264e-01   7.588505e-01   9.472006e-01   9.472005e-01   7.588509e-01   5.697268e-01   3.800800e-01   1.901149e-01   0.000000e+00
   7.405129e-01   4.661700e+04   5.370000e+02   0.000000e+00  -8.041168e-02  -1.600457e-01  -2.381699e-01  -3.141381e-01  -3.874224e-01  -4.608648e-01  -5.341489e-01  -6.101173e-01  -6.882415e-01  -7.678757e-01  -8.482875e-01   0.000000e+00   1.903528e-01   3.805568e-01   5.704441e-01   7.598114e-01   9.484080e-01   9.484079e-01   7.598119e-01   5.704445e-01   3.805570e-01   1.903529e-01   0.000000e+00
   7.416712e-01   4.655900e+04   5.380000e+02   0.000000e+00  -8.064209e-02  -1.605056e-01  -2.388574e-01  -3.150505e-01  -3.885562e-01  -4.622184e-01  -5.357241e-01  -6.119173e-01  -6.902692e-01  -7.701328e-01  -8.507750e-01   0.000000e+00   1.905903e-01   3.810327e-01   5.711602e-01   7.607702e-01   9.496125e-01   9.496124e-01   7.607706e-01   5.711605e-01   3.810329e-01   1.905904e-01   0.000000e+00
   7.428281e-01   4.650200e+04   5.390000e+02   0.000000e+00  -8.087249e-02  -1.609655e-01  -2.395448e-01  -3.159628e-01  -3.896901e-01  -4.635721e-01  -5.372992e-01  -6.137173e-01  -6.922968e-01  -7.723899e-01  -8.532625e-01   0.000000e+00   1.908272e-01   3.815074e-01   5.718745e-01   7.617266e-01   9.508143e-01   9.508142e-01   7.617271e-01   5.718749e-01   3.815076e-01   1.908273e-01   0.000000e+00
   7.439836e-01   4.644500e+04   5.400000e+02   0.000000e+00  -8.110288e-02  -1.614253e-01  -2.402322e-01  -3.168751e-01  -3.908239e-01  -4.649258e-01  -5.388744e-01  -6.155174e-01  -6.943245e-01  -7.746470e-01  -8.557500e-01   0.000000e+00   1.910636e-01   3.819810e-01   5.725872e-01   7.626809e-01   9.520132e-01   9.520132e-01   7.626814e-01   5.725876e-01   3.819813e-01   1.910637e-01   0.000000e+00
   7.451376e-01   4.638800e+04   5.410000e+02   0.000000e+00  -8.133327e-02  -1.618851e-01  -2.409196e-01  -3.177874e-01  -3.919577e-01  -4.662795e-01  -5.404496e-01  -6.173175e-01  -6.963522e-01  -7.769041e-01  -8.582375e-01   0.000000e+00   1.912994e-01   3.824535e-01   5.732982e-01   7.636329e-01   9.532094e-01   9.532094e-01   7.636334e-01   5.732986e-01   3.824538e-01   1.912995e-01   0.000000e+00
   7.462902e-01   4.633100e+04   5.420000e+02   0.000000e+00  -8.156364e-02  -1.623449e-01  -2.416070e-01  -3.186997e-01  -3.930915e-01  -4.676332e-01  -5.420248e-01  -6.191176e-01  -6.983798e-01  -7.791612e-01  -8.607250e-01   0.000000e+00   1.915346e-01   3.829250e-01   5.740076e-01   7.645827e-01   9.544029e-01   9.544028e-01   7.645832e-01   5.740079e-01   3.829252e-01   1.915347e-01   0.000000e+00
   7.474415e-01   4.627500e+04   5.430000e+02   0.000000e+00  -8.179400e-02  -1.628047e-01  -2.422944e-01  -3.196120e-01  -3.942253e-01  -4.689869e-01  -5.436000e-01  -6.209178e-01  -7.004076e-01  -7.814184e-01  -8.632125e-01   0.000000e+00   1.917693e-01   3.833953e-01   5.747153e-01   7.655304e-01   9.555935e-01   9.555935e-01   7.655308e-01   5.747156e-01   3.833955e-01   1.917694e-01   0.000000e+00
   7.485913e-01   4.621900e+04   5.440000e+02   0.000000e+00  -8.202435e-02  -1.632645e-01  -2.429817e-01  -3.205243e-01  -3.953590e-01  -4.703406e-01  -5.451753e-01  -6.227179e-01  -7.024353e-01  -7.836755e-01  -8.657000e-01   0.000000e+00   1.920035e-01   3.838645e-01   5.754213e-01   7.664758e-01   9.567814e-01   9.567814e-01   7.664763e-01   5.754217e-01   3.838647e-01   1.920036e-01   0.000000e+00
   7.497398e-01   4.616300e+04   5.450000e+02   0.000000e+00  -8.225470e-02  -1.637242e-01  -2.436690e-01  -3.214365e-01  -3.964928e-01  -4.716944e-01  -5.467505e-01  -6.245181e-01  -7.044630e-01  -7.859327e-01  -8.681875e-01   0.000000e+00   1.922371e-01   3.843326e-01   5.761257e-01   7.674190e-01   9.579666e-01   9.579666e-01   7.674195e-01   5.761261e-01   3.843328e-01   1.922372e-01   0.000000e+00
   7.508868e-01   4.610800e+04   5.460000e+02   0.000000e+00  -8.248503e-02  -1.641839e-01  -2.443563e-01  -3.223487e-01  -3.976266e-01  -4.730481e-01  -5.483258e-01  -6.263183e-01  -7.064908e-01  -7.881899e-01  -8.706750e-01   0.000000e+00   1.924701e-01   3.847996e-01   5.768285e-01   7.683600e-01   9.591491e-01   9.591490e-01   7.683605e-01   5.768288e-01   3.847999e-01   1.924702e-01   0.000000e+00
   7.520325e-01   4.605200e+04   5.470000e+02   0.000000e+00  -8.271535e-02  -1.646437e-01  -2.450436e-01  -3.232609e-01  -3.987603e-01  -4.744018e-01  -5.499011e-01  -6.281185e-01  -7.085186e-01  -7.904470e-01  -8.731625e-01   0.000000e+00   1.927026e-01   3.852656e-01   5.775296e-01   7.692989e-01   9.603288e-01   9.603287e-01   7.692994e-01   5.775300e-01   3.852658e-01   1.927027e-01   0.000000e+00
   7.531768e-01   4.599700e+04   5.480000e+02   0.000000e+00  -8.294567e-02  -1.651034e-01  -2.457309e-01  -3.241731e-01  -3.998941e-01  -4.757556e-01  -5.514764e-01  -6.299188e-01  -7.105464e-01  -7.927042e-01  -8.756500e-01   0.000000e+00   1.929346e-01   3.857304e-01   5.782291e-01   7.702356e-01   9.615058e-01   9.615058e-01   7.702361e-01   5.782295e-01   3.857307e-01   1.929347e-01   0.000000e+00
   7.543198e-01   4.594300e+04   5.490000e+02   0.000000e+00  -8.317597e-02  -1.655630e-01  -2.464181e-01  -3.250853e-01  -4.010278e-01  -4.771093e-01  -5.530518e-01  -6.317190e-01  -7.125742e-01  -7.949614e-01  -8.781375e-01   0.000000e+00   1.931660e-01   3.861942e-01   5.789270e-01   7.711701e-01   9.626802e-01   9.626801e-01   7.711706e-01   5.789274e-01   3.861944e-01   1.931661e-01   0.000000e+00
   7.554614e-01   4.588800e+04   5.500000e+02   0.000000e+00  -8.340627e-02  -1.660227e-01  -2.471053e-01  -3.259974e-01  -4.021616e-01  -4.784631e-01  -5.546271e-01  -6.335193e-01  -7.146021e-01  -7.972186e-01  -8.806250e-01   0.000000e+00   1.933969e-01   3.866569e-01   5.796233e-01   7.721025e-01   9.638518e-01   9.638517e-01   7.721030e-01   5.796237e-01   3.866571e-01   1.933970e-01   0.000000e+00
   7.566017e-01   4.583400e+04   5.510000e+02   0.000000e+00  -8.363655e-02  -1.664824e-01  -2.477925e-01  -3.269095e-01  -4.032953e-01  -4.798169e-01  -5.562025e-01  -6.353196e-01  -7.166299e-01  -7.994758e-01  -8.831125e-01   0.000000e+00   1.936273e-01   3.871185e-01   5.803180e-01   7.730328e-01   9.650208e-01   9.650207e-01   7.730333e-01   5.803184e-01   3.871188e-01   1.936274e-01   0.000000e+00
   7.577406e-01   4.578000e+04   5.520000e+02   0.000000e+00  -8.386683e-02  -1.669420e-01  -2.484797e-01  -3.278217e-01  -4.044290e-01  -4.811706e-01  -5.577779e-01  -6.371199e-01  -7.186578e-01  -8.017331e-01  -8.856000e-01   0.000000e+00   1.938571e-01   3.875791e-01   5.810111e-01   7.739609e-01   9.661871e-01   9.661870e-01   7.739614e-01   5.810114e-01   3.875793e-01   1.938572e-01   0.000000e+00
   7.588781e-01   4.572600e+04   5.530000e+02   0.000000e+00  -8.409709e-02  -1.674016e-01  -2.491669e-01  -3.287338e-01  -4.055628e-01  -4.825244e-01  -5.593533e-01  -6.389203e-01  -7.206857e-01  -8.039903e-01  -8.880875e-01   0.000000e+00   1.940864e-01   3.880386e-01   5.817025e-01   7.748869e-01   9.673507e-01   9.673506e-01   7.748874e-01   5.817029e-01   3.880388e-01   1.940865e-01   0.000000e+00
   7.600144e-01   4.567300e+04   5.540000e+02   0.000000e+00  -8.432735e-02  -1.678612e-01  -2.498540e-01  -3.296458e-01  -4.066965e-01  -4.838782e-01  -5.609287e-01  -6.407206e-01  -7.227136e-01  -8.062475e-01  -8.905750e-01   0.000000e+00   1.943151e-01   3.884970e-01   5.823924e-01   7.758107e-01   9.685117e-01   9.685116e-01   7.758112e-01   5.823928e-01   3.884973e-01   1.943153e-01   0.000000e+00
   7.611493e-01   4.561900e+04   5.550000e+02   0.000000e+00  -8.455760e-02  -1.683208e-01  -2.505411e-01  -3.305579e-01  -4.078302e-01  -4.852320e-01  -5.625041e-01  -6.425210e-01  -7.247415e-01  -8.085048e-01  -8.930625e-01   0.000000e+00   1.945434e-01   3.889544e-01   5.830807e-01   7.767325e-01   9.696700e-01   9.696699e-01   7.767330e-01   5.830811e-01   3.889546e-01   1.945435e-01   0.000000e+00
   7.622829e-01   4.556600e+04   5.560000e+02   0.000000e+00  -8.478784e-02  -1.687803e-01  -2.512282e-01  -3.314700e-01  -4.089639e-01  -4.865858e-01  -5.640796e-01  -6.443214e-01  -7.267694e-01  -8.107620e-01  -8.955500e-01   0.000000e+00   1.947711e-01   3.894107e-01   5.837674e-01   7.776521e-01   9.708257e-01   9.708256e-01   7.776526e-01   5.837678e-01   3.894110e-01   1.947712e-01   0.000000e+00
   7.634152e-01   4.551400e+04   5.570000e+02   0.000000e+00  -8.501807e-02  -1.692399e-01  -2.519153e-01  -3.323820e-01  -4.100976e-01  -4.879396e-01  -5.656550e-01  -6.461218e-01  -7.287974e-01  -8.130193e-01  -8.980375e-01   0.000000e+00   1.949983e-01   3.898660e-01   5.844526e-01   7.785697e-01   9.719788e-01   9.719787e-01   7.785702e-01   5.844530e-01   3.898662e-01   1.949984e-01   0.000000e+00
   7.645461e-01   4.546100e+04   5.580000e+02   0.000000e+00  -8.524829e-02  -1.696994e-01  -2.526024e-01  -3.332940e-01  -4.112313e-01  -4.892934e-01  -5.672305e-01  -6.479222e-01  -7.308253e-01  -8.152766e-01  -9.005250e-01   0.000000e+00   1.952249e-01   3.903202e-01   5.851362e-01   7.794851e-01   9.731292e-01   9.731292e-01   7.794856e-01   5.851365e-01   3.903205e-01   1.952251e-01   0.000000e+00
   7.656758e-01   4.540900e+04   5.590000e+02   0.000000e+00  -8.547850e-02  -1.701589e-01  -2.532894e-01  -3.342060e-01  -4.123649e-01  -4.906472e-01  -5.688060e-01  -6.497227e-01  -7.328533e-01  -8.175339e-01  -9.030125e-01   0.000000e+00   1.954511e-01   3.907734e-01   5.858182e-01   7.803985e-01   9.742771e-01   9.742770e-01   7.803990e-01   5.858186e-01   3.907737e-01   1.954512e-01   0.000000e+00
   7.668042e-01   4.535700e+04   5.600000e+02   0.000000e+00  -8.570870e-02  -1.706184e-01  -2.539765e-01  -3.351180e-01  -4.134986e-01  -4.920010e-01  -5.703815e-01  -6.515232e-01  -7.348813e-01  -8.197912e-01  -9.055000e-01   0.000000e+00   1.956767e-01   3.912256e-01   5.864986e-01   7.813098e-01   9.754224e-01   9.754223e-01   7.813103e-01   5.864990e-01   3.912258e-01   1.956768e-01   0.000000e+00
   7.679313e-01   4.530500e+04   5.610000e+02   0.000000e+00  -8.593890e-02  -1.710779e-01  -2.546635e-01  -3.360299e-01  -4.146323e-01  -4.933549e-01  -5.719571e-01  -6.533237e-01  -7.369093e-01  -8.220485e-01  -9.079875e-01   0.000000e+00   1.959018e-01   3.916767e-01   5.871776e-01   7.822190e-01   9.765650e-01   9.765650e-01   7.822195e-01   5.871779e-01   3.916769e-01   1.959019e-01   0.000000e+00
   7.690571e-01   4.525300e+04   5.620000e+02   0.000000e+00  -8.616908e-02  -1.715374e-01  -2.553505e-01  -3.369419e-01  -4.157659e-01  -4.947087e-01  -5.735326e-01  -6.551242e-01  -7.389374e-01  -8.243058e-01  -9.104750e-01   0.000000e+00   1.961264e-01   3.921268e-01   5.878549e-01   7.831262e-01   9.777051e-01   9.777051e-01   7.831267e-01   5.878553e-01   3.921270e-01   1.961265e-01   0.000000e+00
   7.701816e-01   4.520200e+04   5.630000e+02   0.000000e+00  -8.639925e-02  -1.719968e-01  -2.560374e-01  -3.378538e-01  -4.168996e-01  -4.960626e-01  -5.751082e-01  -6.569247e-01  -7.409654e-01  -8.265631e-01  -9.129625e-01   0.000000e+00   1.963504e-01   3.925758e-01   5.885307e-01   7.840313e-01   9.788427e-01   9.788426e-01   7.840318e-01   5.885311e-01   3.925761e-01   1.963506e-01   0.000000e+00
   7.713049e-01   4.515100e+04   5.640000e+02   0.000000e+00  -8.662942e-02  -1.724563e-01  -2.567244e-01  -3.387657e-01  -4.180332e-01  -4.974164e-01  -5.766838e-01  -6.587253e-01  -7.429935e-01  -8.288205e-01  -9.154500e-01   0.000000e+00   1.965740e-01   3.930239e-01   5.892050e-01   7.849343e-01   9.799776e-01   9.799776e-01   7.849348e-01   5.892054e-01   3.930241e-01   1.965741e-01   0.000000e+00
   7.724268e-01   4.510000e+04   5.650000e+02   0.000000e+00  -8.685958e-02  -1.729157e-01  -2.574113e-01  -3.396776e-01  -4.191669e-01  -4.987703e-01  -5.782594e-01  -6.605258e-01  -7.450216e-01  -8.310778e-01  -9.179375e-01   0.000000e+00   1.967971e-01   3.934709e-01   5.898778e-01   7.858353e-01   9.811100e-01   9.811100e-01   7.858358e-01   5.898781e-01   3.934711e-01   1.967972e-01   0.000000e+00
   7.735476e-01   4.505000e+04   5.660000e+02   0.000000e+00  -8.708973e-02  -1.733751e-01  -2.580982e-01  -3.405895e-01  -4.203005e-01  -5.001241e-01  -5.798350e-01  -6.623264e-01  -7.470497e-01  -8.333351e-01  -9.204250e-01   0.000000e+00   1.970196e-01   3.939169e-01   5.905490e-01   7.867343e-01   9.822399e-01   9.822398e-01   7.867348e-01   5.905493e-01   3.939171e-01   1.970197e-01   0.000000e+00
   7.746670e-01   4.499900e+04   5.670000e+02   0.000000e+00  -8.731986e-02  -1.738345e-01  -2.587851e-01  -3.415014e-01  -4.214342e-01  -5.014780e-01  -5.814106e-01  -6.641270e-01  -7.490778e-01  -8.355925e-01  -9.229125e-01   0.000000e+00   1.972416e-01   3.943619e-01   5.912187e-01   7.876313e-01   9.833672e-01   9.833672e-01   7.876318e-01   5.912191e-01   3.943621e-01   1.972418e-01   0.000000e+00
   7.757852e-01   4.494900e+04   5.680000e+02   0.000000e+00  -8.754999e-02  -1.742939e-01  -2.594720e-01  -3.424132e-01  -4.225678e-01  -5.028319e-01  -5.829863e-01  -6.659277e-01  -7.511059e-01  -8.378499e-01  -9.254000e-01   0.000000e+00   1.974632e-01   3.948058e-01   5.918869e-01   7.885262e-01   9.844920e-01   9.844920e-01   7.885267e-01   5.918872e-01   3.948061e-01   1.974633e-01   0.000000e+00
   7.769022e-01   4.489900e+04   5.690000e+02   0.000000e+00  -8.778012e-02  -1.747532e-01  -2.601588e-01  -3.433251e-01  -4.237014e-01  -5.041858e-01  -5.845619e-01  -6.677283e-01  -7.531340e-01  -8.401073e-01  -9.278875e-01   0.000000e+00   1.976842e-01   3.952488e-01   5.925535e-01   7.894191e-01   9.856143e-01   9.856143e-01   7.894196e-01   5.925539e-01   3.952490e-01   1.976843e-01   0.000000e+00
   7.780180e-01   4.484900e+04   5.700000e+02   0.000000e+00  -8.801023e-02  -1.752126e-01  -2.608457e-01  -3.442369e-01  -4.248350e-01  -5.055396e-01  -5.861376e-01  -6.695290e-01  -7.551622e-01  -8.423646e-01  -9.303750e-01   0.000000e+00   1.979047e-01   3.956908e-01   5.932187e-01   7.903100e-01   9.867341e-01   9.867340e-01   7.903105e-01   5.932191e-01   3.956910e-01   1.979048e-01   0.000000e+00
   7.791325e-01   4.480000e+04   5.710000e+02   0.000000e+00  -8.824033e-02  -1.756719e-01  -2.615325e-01  -3.451487e-01  -4.259686e-01  -5.068935e-01  -5.877133e-01  -6.713296e-01  -7.571904e-01  -8.446220e-01  -9.328625e-01   0.000000e+00   1.981247e-01   3.961317e-01   5.938824e-01   7.911989e-01   9.878514e-01   9.878513e-01   7.911994e-01   5.938828e-01   3.961320e-01   1.981249e-01   0.000000e+00
   7.802457e-01   4.475000e+04   5.720000e+02   0.000000e+00  -8.847043e-02  -1.761312e-01  -2.622193e-01  -3.460605e-01  -4.271022e-01  -5.082474e-01  -5.892890e-01  -6.731303e-01  -7.592186e-01  -8.468794e-01  -9.353500e-01   0.000000e+00   1.983443e-01   3.965717e-01   5.945446e-01   7.920858e-01   9.889662e-01   9.889661e-01   7.920863e-01   5.945449e-01   3.965719e-01   1.983444e-01   0.000000e+00
   7.813578e-01   4.470100e+04   5.730000e+02   0.000000e+00  -8.870051e-02  -1.765905e-01  -2.629060e-01  -3.469722e-01  -4.282358e-01  -5.096014e-01  -5.908648e-01  -6.749311e-01  -7.612468e-01  -8.491369e-01  -9.378375e-01   0.000000e+00   1.985633e-01   3.970107e-01   5.952052e-01   7.929707e-01   9.900785e-01   9.900784e-01   7.929712e-01   5.952056e-01   3.970109e-01   1.985634e-01   0.000000e+00
   7.824686e-01   4.465200e+04   5.740000e+02   0.000000e+00  -8.893059e-02  -1.770498e-01  -2.635928e-01  -3.478840e-01  -4.293694e-01  -5.109553e-01  -5.924405e-01  -6.767318e-01  -7.632750e-01  -8.513943e-01  -9.403250e-01   0.000000e+00   1.987818e-01   3.974486e-01   5.958644e-01   7.938537e-01   9.911883e-01   9.911882e-01   7.938542e-01   5.958648e-01   3.974489e-01   1.987819e-01   0.000000e+00
   7.835782e-01   4.460400e+04   5.750000e+02   0.000000e+00  -8.916066e-02  -1.775090e-01  -2.642796e-01  -3.487957e-01  -4.305029e-01  -5.123092e-01  -5.940163e-01  -6.785326e-01  -7.653032e-01  -8.536517e-01  -9.428125e-01   0.000000e+00   1.989999e-01   3.978856e-01   5.965221e-01   7.947346e-01   9.922956e-01   9.922956e-01   7.947351e-01   5.965225e-01   3.978859e-01   1.990000e-01   0.000000e+00
   7.846867e-01   4.455500e+04   5.760000e+02   0.000000e+00  -8.939072e-02  -1.779683e-01  -2.649663e-01  -3.497074e-01  -4.316365e-01  -5.136631e-01  -5.955920e-01  -6.803333e-01  -7.673315e-01  -8.559092e-01  -9.453000e-01   0.000000e+00   1.992174e-01   3.983216e-01   5.971784e-01   7.956136e-01   9.934005e-01   9.934005e-01   7.956141e-01   5.971788e-01   3.983219e-01   1.992175e-01   0.000000e+00
   7.857939e-01   4.450700e+04   5.770000e+02   0.000000e+00  -8.962077e-02  -1.784275e-01  -2.656530e-01  -3.506192e-01  -4.327701e-01  -5.150171e-01  -5.971678e-01  -6.821341e-01  -7.693597e-01  -8.581666e-01  -9.477875e-01   0.000000e+00   1.994345e-01   3.987567e-01   5.978331e-01   7.964907e-01   9.945030e-01   9.945029e-01   7.964912e-01   5.978335e-01   3.987569e-01   1.994346e-01   0.000000e+00
   7.868999e-01   4.445900e+04   5.780000e+02   0.000000e+00  -8.985081e-02  -1.788867e-01  -2.663397e-01  -3.515308e-01  -4.339036e-01  -5.163710e-01  -5.987436e-01  -6.839349e-01  -7.713880e-01  -8.604241e-01  -9.502750e-01   0.000000e+00   1.996510e-01   3.991907e-01   5.984864e-01   7.973657e-01   9.956030e-01   9.956029e-01   7.973662e-01   5.984868e-01   3.991910e-01   1.996512e-01   0.000000e+00
   7.880047e-01   4.441100e+04   5.790000e+02   0.000000e+00  -9.008085e-02  -1.793459e-01  -2.670263e-01  -3.524425e-01  -4.350372e-01  -5.177249e-01  -6.003195e-01  -6.857358e-01  -7.734163e-01  -8.626815e-01  -9.527625e-01   0.000000e+00   1.998671e-01   3.996238e-01   5.991383e-01   7.982389e-01   9.967005e-01   9.967004e-01   7.982394e-01   5.991387e-01   3.996240e-01   1.998672e-01   0.000000e+00
   7.891084e-01   4.436400e+04   5.800000e+02   0.000000e+00  -9.031087e-02  -1.798051e-01  -2.677130e-01  -3.533542e-01  -4.361707e-01  -5.190789e-01  -6.018953e-01  -6.875366e-01  -7.754446e-01  -8.649390e-01  -9.552500e-01   0.000000e+00   2.000827e-01   4.000559e-01   5.997887e-01   7.991100e-01   9.977956e-01   9.977956e-01   7.991105e-01   5.997890e-01   4.000561e-01   2.000828e-01   0.000000e+00
   7.902108e-01   4.431600e+04   5.810000e+02   0.000000e+00  -9.054089e-02  -1.802643e-01  -2.683996e-01  -3.542658e-01  -4.373043e-01  -5.204329e-01  -6.034711e-01  -6.893375e-01  -7.774730e-01  -8.671965e-01  -9.577375e-01   0.000000e+00   2.002978e-01   4.004870e-01   6.004376e-01   7.999793e-01   9.988883e-01   9.988883e-01   7.999798e-01   6.004380e-01   4.004873e-01   2.002979e-01   0.000000e+00
   7.913121e-01   4.426900e+04   5.820000e+02   0.000000e+00  -9.077090e-02  -1.807234e-01  -2.690862e-01  -3.551775e-01  -4.384378e-01  -5.217868e-01  -6.050470e-01  -6.911384e-01  -7.795013e-01  -8.694540e-01  -9.602250e-01   0.000000e+00   2.005124e-01   4.009172e-01   6.010851e-01   8.008466e-01   9.999786e-01   9.999786e-01   8.008471e-01   6.010854e-01   4.009174e-01   2.005126e-01   0.000000e+00
   7.924123e-01   4.422200e+04   5.830000e+02   0.000000e+00  -9.100090e-02  -1.811826e-01  -2.697728e-01  -3.560891e-01  -4.395713e-01  -5.231408e-01  -6.066229e-01  -6.929393e-01  -7.815297e-01  -8.717115e-01  -9.627125e-01   0.000000e+00   2.007266e-01   4.013464e-01   6.017311e-01   8.017120e-01   1.001067e+00   1.001066e+00   8.017125e-01   6.017315e-01   4.013466e-01   2.007267e-01   0.000000e+00
   7.935112e-01   4.417500e+04   5.840000e+02   0.000000e+00  -9.123089e-02  -1.816417e-01  -2.704594e-01  -3.570007e-01  -4.407048e-01  -5.244948e-01  -6.081988e-01  -6.947402e-01  -7.835580e-01  -8.739690e-01  -9.652000e-01   0.000000e+00   2.009403e-01   4.017746e-01   6.023757e-01   8.025755e-01   1.002152e+00   1.002152e+00   8.025760e-01   6.023761e-01   4.017749e-01   2.009404e-01   0.000000e+00
   7.946090e-01   4.412900e+04   5.850000e+02   0.000000e+00  -9.146087e-02  -1.821008e-01  -2.711460e-01  -3.579122e-01  -4.418384e-01  -5.258488e-01  -6.097747e-01  -6.965411e-01  -7.855864e-01  -8.762265e-01  -9.676875e-01   0.000000e+00   2.011535e-01   4.022019e-01   6.030189e-01   8.034370e-01   1.003235e+00   1.003235e+00   8.034375e-01   6.030192e-01   4.022022e-01   2.011536e-01   0.000000e+00
   7.957056e-01   4.408200e+04   5.860000e+02   0.000000e+00  -9.169085e-02  -1.825599e-01  -2.718325e-01  -3.588238e-01  -4.429719e-01  -5.272028e-01  -6.113506e-01  -6.983421e-01  -7.876148e-01  -8.784840e-01  -9.701750e-01   0.000000e+00   2.013662e-01   4.026283e-01   6.036606e-01   8.042967e-01   1.004316e+00   1.004316e+00   8.042972e-01   6.036610e-01   4.026285e-01   2.013663e-01   0.000000e+00
   7.968011e-01   4.403600e+04   5.870000e+02   0.000000e+00  -9.192081e-02  -1.830190e-01  -2.725190e-01  -3.597354e-01  -4.441054e-01  -5.285568e-01  -6.129266e-01  -7.001431e-01  -7.896432e-01  -8.807416e-01  -9.726625e-01   0.000000e+00   2.015784e-01   4.030537e-01   6.043009e-01   8.051544e-01   1.005394e+00   1.005394e+00   8.051549e-01   6.043013e-01   4.030539e-01   2.015785e-01   0.000000e+00
   7.978955e-01   4.399000e+04   5.880000e+02   0.000000e+00  -9.215077e-02  -1.834780e-01  -2.732056e-01  -3.606469e-01  -4.452389e-01  -5.299108e-01  -6.145026e-01  -7.019440e-01  -7.916717e-01  -8.829991e-01  -9.751500e-01   0.000000e+00   2.017902e-01   4.034781e-01   6.049398e-01   8.060103e-01   1.006470e+00   1.006470e+00   8.060108e-01   6.049402e-01   4.034783e-01   2.017903e-01   0.000000e+00
   7.989887e-01   4.394400e+04   5.890000e+02   0.000000e+00  -9.238072e-02  -1.839371e-01  -2.738920e-01  -3.615584e-01  -4.463724e-01  -5.312648e-01  -6.160785e-01  -7.037450e-01  -7.937001e-01  -8.852566e-01  -9.776375e-01   0.000000e+00   2.020015e-01   4.039016e-01   6.055773e-01   8.068643e-01   1.007544e+00   1.007544e+00   8.068648e-01   6.055776e-01   4.039018e-01   2.020016e-01   0.000000e+00
   8.000807e-01   4.389900e+04   5.900000e+02   0.000000e+00  -9.261066e-02  -1.843961e-01  -2.745785e-01  -3.624699e-01  -4.475058e-01  -5.326188e-01  -6.176545e-01  -7.055461e-01  -7.957286e-01  -8.875142e-01  -9.801250e-01   0.000000e+00   2.022123e-01   4.043241e-01   6.062133e-01   8.077163e-01   1.008615e+00   1.008615e+00   8.077169e-01   6.062137e-01   4.043244e-01   2.022124e-01   0.000000e+00
   8.011717e-01   4.385300e+04   5.910000e+02   0.000000e+00  -9.284060e-02  -1.848552e-01  -2.752650e-01  -3.633814e-01  -4.486393e-01  -5.339728e-01  -6.192305e-01  -7.073471e-01  -7.977571e-01  -8.897718e-01  -9.826125e-01   0.000000e+00   2.024226e-01   4.047458e-01   6.068480e-01   8.085666e-01   1.009684e+00   1.009684e+00   8.085671e-01   6.068484e-01   4.047460e-01   2.024228e-01   0.000000e+00
   8.022615e-01   4.380800e+04   5.920000e+02   0.000000e+00  -9.307052e-02  -1.853142e-01  -2.759514e-01  -3.642929e-01  -4.497728e-01  -5.353268e-01  -6.208066e-01  -7.091482e-01  -7.997856e-01  -8.920293e-01  -9.851000e-01   0.000000e+00   2.026325e-01   4.051664e-01   6.074812e-01   8.094149e-01   1.010750e+00   1.010750e+00   8.094154e-01   6.074816e-01   4.051667e-01   2.026326e-01   0.000000e+00
   8.033502e-01   4.376300e+04   5.930000e+02   0.000000e+00  -9.330044e-02  -1.857732e-01  -2.766378e-01  -3.652044e-01  -4.509062e-01  -5.366809e-01  -6.223826e-01  -7.109493e-01  -8.018141e-01  -8.942869e-01  -9.875875e-01   0.000000e+00   2.028419e-01   4.055862e-01   6.081131e-01   8.102614e-01   1.011815e+00   1.011815e+00   8.102619e-01   6.081135e-01   4.055864e-01   2.028421e-01   0.000000e+00
   8.044378e-01   4.371800e+04   5.940000e+02   0.000000e+00  -9.353034e-02  -1.862321e-01  -2.773242e-01  -3.661158e-01  -4.520397e-01  -5.380349e-01  -6.239586e-01  -7.127503e-01  -8.038426e-01  -8.965445e-01  -9.900750e-01   0.000000e+00   2.030509e-01   4.060050e-01   6.087435e-01   8.111060e-01   1.012877e+00   1.012877e+00   8.111065e-01   6.087439e-01   4.060053e-01   2.030510e-01   0.000000e+00
   8.055242e-01   4.367400e+04   5.950000e+02   0.000000e+00  -9.376025e-02  -1.866911e-01  -2.780106e-01  -3.670272e-01  -4.531732e-01  -5.393889e-01  -6.255347e-01  -7.145515e-01  -8.058711e-01  -8.988021e-01  -9.925625e-01   0.000000e+00   2.032594e-01   4.064229e-01   6.093726e-01   8.119487e-01   1.013936e+00   1.013936e+00   8.119493e-01   6.093730e-01   4.064232e-01   2.032595e-01   0.000000e+00
   8.066096e-01   4.362900e+04   5.960000e+02   0.000000e+00  -9.399014e-02  -1.871500e-01  -2.786970e-01  -3.679387e-01  -4.543066e-01  -5.407430e-01  -6.271108e-01  -7.163526e-01  -8.078997e-01  -9.010597e-01  -9.950500e-01   0.000000e+00   2.034674e-01   4.068399e-01   6.100003e-01   8.127897e-01   1.014993e+00   1.014993e+00   8.127902e-01   6.100007e-01   4.068401e-01   2.034675e-01   0.000000e+00
   8.076938e-01   4.358500e+04   5.970000e+02   0.000000e+00  -9.422002e-02  -1.876090e-01  -2.793833e-01  -3.688501e-01  -4.554400e-01  -5.420971e-01  -6.286869e-01  -7.181537e-01  -8.099282e-01  -9.033173e-01  -9.975375e-01   0.000000e+00   2.036750e-01   4.072559e-01   6.106266e-01   8.136287e-01   1.016048e+00   1.016048e+00   8.136292e-01   6.106269e-01   4.072562e-01   2.036751e-01   0.000000e+00
   8.087770e-01   4.354100e+04   5.980000e+02   0.000000e+00  -9.444990e-02  -1.880679e-01  -2.800697e-01  -3.697614e-01  -4.565735e-01  -5.434511e-01  -6.302630e-01  -7.199549e-01  -8.119568e-01  -9.055750e-01  -1.000025e+00   0.000000e+00   2.038821e-01   4.076711e-01   6.112515e-01   8.144660e-01   1.017101e+00   1.017101e+00   8.144665e-01   6.112519e-01   4.076713e-01   2.038822e-01   0.000000e+00
   8.098591e-01   4.349700e+04   5.990000e+02   0.000000e+00  -9.467976e-02  -1.885268e-01  -2.807560e-01  -3.706728e-01  -4.577069e-01  -5.448052e-01  -6.318391e-01  -7.217561e-01  -8.139854e-01  -9.078326e-01  -1.002512e+00   0.000000e+00   2.040887e-01   4.080853e-01   6.118750e-01   8.153014e-01   1.018152e+00   1.018151e+00   8.153019e-01   6.118754e-01   4.080855e-01   2.040889e-01   0.000000e+00
   8.109400e-01   4.345300e+04   6.000000e+02   0.000000e+00  -9.490962e-02  -1.889857e-01  -2.814423e-01  -3.715842e-01  -4.588403e-01  -5.461593e-01  -6.334153e-01  -7.235573e-01  -8.160140e-01  -9.100902e-01  -1.005000e+00   0.000000e+00   2.042949e-01   4.084986e-01   6.124972e-01   8.161349e-01   1.019200e+00   1.019200e+00   8.161355e-01   6.124976e-01   4.084988e-01   2.042951e-01   0.000000e+00
   8.120199e-01   4.341000e+04   6.010000e+02   0.000000e+00  -9.513948e-02  -1.894446e-01  -2.821286e-01  -3.724955e-01  -4.599738e-01  -5.475133e-01  -6.349914e-01  -7.253585e-01  -8.180426e-01  -9.123479e-01  -1.007488e+00   0.000000e+00   2.045007e-01   4.089110e-01   6.131180e-01   8.169667e-01   1.020246e+00   1.020245e+00   8.169672e-01   6.131184e-01   4.089112e-01   2.045008e-01   0.000000e+00
   8.130988e-01   4.336600e+04   6.020000e+02   0.000000e+00  -9.536932e-02  -1.899034e-01  -2.828148e-01  -3.734068e-01  -4.611072e-01  -5.488674e-01  -6.365676e-01  -7.271597e-01  -8.200713e-01  -9.146055e-01  -1.009975e+00   0.000000e+00   2.047060e-01   4.093224e-01   6.137375e-01   8.177966e-01   1.021289e+00   1.021289e+00   8.177971e-01   6.137379e-01   4.093227e-01   2.047061e-01   0.000000e+00
   8.141765e-01   4.332300e+04   6.030000e+02   0.000000e+00  -9.559915e-02  -1.903623e-01  -2.835011e-01  -3.743182e-01  -4.622406e-01  -5.502215e-01  -6.381438e-01  -7.289610e-01  -8.220999e-01  -9.168632e-01  -1.012463e+00   0.000000e+00   2.049108e-01   4.097330e-01   6.143556e-01   8.186248e-01   1.022330e+00   1.022330e+00   8.186253e-01   6.143559e-01   4.097333e-01   2.049109e-01   0.000000e+00
   8.152532e-01   4.328000e+04   6.040000e+02   0.000000e+00  -9.582898e-02  -1.908211e-01  -2.841873e-01  -3.752295e-01  -4.633740e-01  -5.515756e-01  -6.397200e-01  -7.307622e-01  -8.241286e-01  -9.191209e-01  -1.014950e+00   0.000000e+00   2.051152e-01   4.101427e-01   6.149723e-01   8.194511e-01   1.023369e+00   1.023369e+00   8.194516e-01   6.149727e-01   4.101430e-01   2.051153e-01   0.000000e+00
   8.163288e-01   4.323700e+04   6.050000e+02   0.000000e+00  -9.605880e-02  -1.912799e-01  -2.848735e-01  -3.761407e-01  -4.645074e-01  -5.529297e-01  -6.412962e-01  -7.325635e-01  -8.261573e-01  -9.213786e-01  -1.017437e+00   0.000000e+00   2.053191e-01   4.105515e-01   6.155877e-01   8.202756e-01   1.024406e+00   1.024406e+00   8.202761e-01   6.155881e-01   4.105517e-01   2.053192e-01   0.000000e+00
   8.174033e-01   4.319500e+04   6.060000e+02   0.000000e+00  -9.628861e-02  -1.917387e-01  -2.855597e-01  -3.770520e-01  -4.656408e-01  -5.542838e-01  -6.428724e-01  -7.343648e-01  -8.281860e-01  -9.236362e-01  -1.019925e+00   0.000000e+00   2.055226e-01   4.109594e-01   6.162017e-01   8.210984e-01   1.025441e+00   1.025441e+00   8.210989e-01   6.162021e-01   4.109596e-01   2.055227e-01   0.000000e+00
   8.184768e-01   4.315200e+04   6.070000e+02   0.000000e+00  -9.651842e-02  -1.921975e-01  -2.862459e-01  -3.779633e-01  -4.667741e-01  -5.556380e-01  -6.444487e-01  -7.361661e-01  -8.302147e-01  -9.258939e-01  -1.022412e+00   0.000000e+00   2.057256e-01   4.113664e-01   6.168144e-01   8.219193e-01   1.026473e+00   1.026473e+00   8.219198e-01   6.168148e-01   4.113666e-01   2.057258e-01   0.000000e+00
   8.195492e-01   4.311000e+04   6.080000e+02   0.000000e+00  -9.674821e-02  -1.926563e-01  -2.869321e-01  -3.788745e-01  -4.679075e-01  -5.569921e-01  -6.460249e-01  -7.379675e-01  -8.322434e-01  -9.281516e-01  -1.024900e+00   0.000000e+00   2.059282e-01   4.117724e-01   6.174258e-01   8.227385e-01   1.027503e+00   1.027503e+00   8.227390e-01   6.174262e-01   4.117727e-01   2.059284e-01   0.000000e+00
   8.206206e-01   4.306800e+04   6.090000e+02   0.000000e+00  -9.697800e-02  -1.931151e-01  -2.876182e-01  -3.797857e-01  -4.690409e-01  -5.583462e-01  -6.476012e-01  -7.397688e-01  -8.342721e-01  -9.304094e-01  -1.027387e+00   0.000000e+00   2.061304e-01   4.121777e-01   6.180359e-01   8.235559e-01   1.028531e+00   1.028531e+00   8.235564e-01   6.180362e-01   4.121779e-01   2.061305e-01   0.000000e+00
   8.216909e-01   4.302600e+04   6.100000e+02   0.000000e+00  -9.720778e-02  -1.935738e-01  -2.883044e-01  -3.806969e-01  -4.701742e-01  -5.597003e-01  -6.491775e-01  -7.415702e-01  -8.363009e-01  -9.326671e-01  -1.029875e+00   0.000000e+00   2.063321e-01   4.125820e-01   6.186446e-01   8.243715e-01   1.029557e+00   1.029557e+00   8.243720e-01   6.186449e-01   4.125822e-01   2.063322e-01   0.000000e+00
   8.227602e-01   4.298400e+04   6.110000e+02   0.000000e+00  -9.743756e-02  -1.940326e-01  -2.889905e-01  -3.816081e-01  -4.713076e-01  -5.610545e-01  -6.507538e-01  -7.433716e-01  -8.383296e-01  -9.349248e-01  -1.032363e+00   0.000000e+00   2.065334e-01   4.129854e-01   6.192519e-01   8.251853e-01   1.030580e+00   1.030580e+00   8.251858e-01   6.192523e-01   4.129857e-01   2.065335e-01   0.000000e+00
   8.238285e-01   4.294200e+04   6.120000e+02   0.000000e+00  -9.766732e-02  -1.944913e-01  -2.896766e-01  -3.825193e-01  -4.724410e-01  -5.624086e-01  -6.523301e-01  -7.451730e-01  -8.403584e-01  -9.371825e-01  -1.034850e+00   0.000000e+00   2.067342e-01   4.133880e-01   6.198580e-01   8.259974e-01   1.031601e+00   1.031601e+00   8.259979e-01   6.198584e-01   4.133882e-01   2.067343e-01   0.000000e+00
   8.248957e-01   4.290100e+04   6.130000e+02   0.000000e+00  -9.789708e-02  -1.949500e-01  -2.903627e-01  -3.834305e-01  -4.735743e-01  -5.637628e-01  -6.539064e-01  -7.469744e-01  -8.423872e-01  -9.394403e-01  -1.037338e+00   0.000000e+00   2.069346e-01   4.137897e-01   6.204627e-01   8.268077e-01   1.032621e+00   1.032620e+00   8.268083e-01   6.204631e-01   4.137899e-01   2.069347e-01   0.000000e+00
   8.259619e-01   4.286000e+04   6.140000e+02   0.000000e+00  -9.812683e-02  -1.954087e-01  -2.910487e-01  -3.843417e-01  -4.747076e-01  -5.651169e-01  -6.554828e-01  -7.487758e-01  -8.444160e-01  -9.416980e-01  -1.039825e+00   0.000000e+00   2.071345e-01   4.141905e-01   6.210662e-01   8.276163e-01   1.033637e+00   1.033637e+00   8.276168e-01   6.210666e-01   4.141907e-01   2.071346e-01   0.000000e+00
   8.270271e-01   4.281900e+04   6.150000e+02   0.000000e+00  -9.835657e-02  -1.958674e-01  -2.917348e-01  -3.852528e-01  -4.758410e-01  -5.664711e-01  -6.570591e-01  -7.505773e-01  -8.464448e-01  -9.439558e-01  -1.042312e+00   0.000000e+00   2.073340e-01   4.145904e-01   6.216683e-01   8.284231e-01   1.034652e+00   1.034652e+00   8.284237e-01   6.216687e-01   4.145906e-01   2.073341e-01   0.000000e+00
   8.280913e-01   4.277800e+04   6.160000e+02   0.000000e+00  -9.858630e-02  -1.963260e-01  -2.924208e-01  -3.861639e-01  -4.769743e-01  -5.678253e-01  -6.586355e-01  -7.523787e-01  -8.484737e-01  -9.462135e-01  -1.044800e+00   0.000000e+00   2.075331e-01   4.149894e-01   6.222691e-01   8.292282e-01   1.035665e+00   1.035665e+00   8.292287e-01   6.222695e-01   4.149897e-01   2.075332e-01   0.000000e+00
   8.291544e-01   4.273700e+04   6.170000e+02   0.000000e+00  -9.881603e-02  -1.967847e-01  -2.931068e-01  -3.870750e-01  -4.781076e-01  -5.691794e-01  -6.602119e-01  -7.541802e-01  -8.505025e-01  -9.484713e-01  -1.047287e+00   0.000000e+00   2.077317e-01   4.153876e-01   6.228686e-01   8.300316e-01   1.036675e+00   1.036675e+00   8.300321e-01   6.228690e-01   4.153879e-01   2.077319e-01   0.000000e+00
   8.302166e-01   4.269600e+04   6.180000e+02   0.000000e+00  -9.904575e-02  -1.972433e-01  -2.937928e-01  -3.879861e-01  -4.792410e-01  -5.705336e-01  -6.617883e-01  -7.559817e-01  -8.525314e-01  -9.507291e-01  -1.049775e+00   0.000000e+00   2.079299e-01   4.157850e-01   6.234668e-01   8.308332e-01   1.037683e+00   1.037683e+00   8.308337e-01   6.234672e-01   4.157852e-01   2.079301e-01   0.000000e+00
   8.312777e-01   4.265600e+04   6.190000e+02   0.000000e+00  -9.927546e-02  -1.977020e-01  -2.944788e-01  -3.888972e-01  -4.803743e-01  -5.718878e-01  -6.633647e-01  -7.577832e-01  -8.545602e-01  -9.529869e-01  -1.052263e+00   0.000000e+00   2.081277e-01   4.161814e-01   6.240637e-01   8.316331e-01   1.038689e+00   1.038689e+00   8.316336e-01   6.240641e-01   4.161817e-01   2.081278e-01   0.000000e+00
   8.323378e-01   4.261600e+04   6.200000e+02   0.000000e+00  -9.950516e-02  -1.981606e-01  -2.951648e-01  -3.898083e-01  -4.815076e-01  -5.732420e-01  -6.649411e-01  -7.595847e-01  -8.565891e-01  -9.552447e-01  -1.054750e+00   0.000000e+00   2.083251e-01   4.165770e-01   6.246594e-01   8.324313e-01   1.039693e+00   1.039693e+00   8.324318e-01   6.246598e-01   4.165773e-01   2.083252e-01   0.000000e+00
   8.333969e-01   4.257500e+04   6.210000e+02   0.000000e+00  -9.973486e-02  -1.986192e-01  -2.958508e-01  -3.907194e-01  -4.826409e-01  -5.745962e-01  -6.665175e-01  -7.613863e-01  -8.586180e-01  -9.575025e-01  -1.057238e+00   0.000000e+00   2.085220e-01   4.169718e-01   6.252537e-01   8.332277e-01   1.040695e+00   1.040695e+00   8.332282e-01   6.252541e-01   4.169720e-01   2.085221e-01   0.000000e+00
   8.344551e-01   4.253600e+04   6.220000e+02   0.000000e+00  -9.996454e-02  -1.990778e-01  -2.965367e-01  -3.916304e-01  -4.837742e-01  -5.759504e-01  -6.680940e-01  -7.631878e-01  -8.606469e-01  -9.597603e-01  -1.059725e+00   0.000000e+00   2.087185e-01   4.173657e-01   6.258468e-01   8.340225e-01   1.041694e+00   1.041694e+00   8.340230e-01   6.258471e-01   4.173659e-01   2.087186e-01   0.000000e+00
   8.355122e-01   4.249600e+04   6.230000e+02   0.000000e+00  -1.001942e-01  -1.995363e-01  -2.972226e-01  -3.925414e-01  -4.849075e-01  -5.773046e-01  -6.696705e-01  -7.649894e-01  -8.626759e-01  -9.620181e-01  -1.062213e+00   0.000000e+00   2.089145e-01   4.177587e-01   6.264385e-01   8.348155e-01   1.042692e+00   1.042692e+00   8.348160e-01   6.264389e-01   4.177590e-01   2.089147e-01   0.000000e+00
   8.365684e-01   4.245600e+04   6.240000e+02   0.000000e+00  -1.004239e-01  -1.999949e-01  -2.979085e-01  -3.934525e-01  -4.860408e-01  -5.786588e-01  -6.712469e-01  -7.667910e-01  -8.647048e-01  -9.642759e-01  -1.064700e+00   0.000000e+00   2.091102e-01   4.181509e-01   6.270290e-01   8.356068e-01   1.043687e+00   1.043687e+00   8.356073e-01   6.270294e-01   4.181511e-01   2.091103e-01   0.000000e+00
   8.376235e-01   4.241700e+04   6.250000e+02   0.000000e+00  -1.006536e-01  -2.004534e-01  -2.985944e-01  -3.943635e-01  -4.871740e-01  -5.800130e-01  -6.728234e-01  -7.685926e-01  -8.667337e-01  -9.665338e-01  -1.067187e+00   0.000000e+00   2.093054e-01   4.185422e-01   6.276182e-01   8.363964e-01   1.044680e+00   1.044680e+00   8.363970e-01   6.276186e-01   4.185425e-01   2.093055e-01   0.000000e+00
   8.386777e-01   4.237700e+04   6.260000e+02   0.000000e+00  -1.008832e-01  -2.009120e-01  -2.992803e-01  -3.952745e-01  -4.883073e-01  -5.813672e-01  -6.743999e-01  -7.703942e-01  -8.687627e-01  -9.687916e-01  -1.069675e+00   0.000000e+00   2.095002e-01   4.189327e-01   6.282062e-01   8.371844e-01   1.045671e+00   1.045671e+00   8.371849e-01   6.282066e-01   4.189330e-01   2.095003e-01   0.000000e+00
   8.397309e-01   4.233800e+04   6.270000e+02   0.000000e+00  -1.011129e-01  -2.013705e-01  -2.999662e-01  -3.961854e-01  -4.894406e-01  -5.827215e-01  -6.759765e-01  -7.721959e-01  -8.707917e-01  -9.710495e-01  -1.072162e+00   0.000000e+00   2.096945e-01   4.193223e-01   6.287929e-01   8.379706e-01   1.046660e+00   1.046660e+00   8.379712e-01   6.287933e-01   4.193226e-01   2.096947e-01   0.000000e+00
   8.407832e-01   4.229900e+04   6.280000e+02   0.000000e+00  -1.013425e-01  -2.018290e-01  -3.006520e-01  -3.970964e-01  -4.905738e-01  -5.840757e-01  -6.775530e-01  -7.739975e-01  -8.728207e-01  -9.733073e-01  -1.074650e+00   0.000000e+00   2.098885e-01   4.197111e-01   6.293783e-01   8.387552e-01   1.047647e+00   1.047647e+00   8.387557e-01   6.293787e-01   4.197114e-01   2.098886e-01   0.000000e+00
   8.418345e-01   4.226000e+04   6.290000e+02   0.000000e+00  -1.015722e-01  -2.022875e-01  -3.013378e-01  -3.980073e-01  -4.917071e-01  -5.854300e-01  -6.791295e-01  -7.757992e-01  -8.748497e-01  -9.755652e-01  -1.077138e+00   0.000000e+00   2.100820e-01   4.200991e-01   6.299625e-01   8.395381e-01   1.048632e+00   1.048632e+00   8.395386e-01   6.299629e-01   4.200994e-01   2.100821e-01   0.000000e+00
   8.428848e-01   4.222200e+04   6.300000e+02   0.000000e+00  -1.018018e-01  -2.027460e-01  -3.020236e-01  -3.989183e-01  -4.928404e-01  -5.867842e-01  -6.807061e-01  -7.776009e-01  -8.768787e-01  -9.778231e-01  -1.079625e+00   0.000000e+00   2.102751e-01   4.204862e-01   6.305454e-01   8.403193e-01   1.049614e+00   1.049614e+00   8.403198e-01   6.305458e-01   4.204865e-01   2.102752e-01   0.000000e+00
   8.439341e-01   4.218300e+04   6.310000e+02   0.000000e+00  -1.020314e-01  -2.032045e-01  -3.027094e-01  -3.998292e-01  -4.939736e-01  -5.881385e-01  -6.822827e-01  -7.794026e-01  -8.789077e-01  -9.800809e-01  -1.082113e+00   0.000000e+00   2.104678e-01   4.208725e-01   6.311270e-01   8.410988e-01   1.050595e+00   1.050595e+00   8.410994e-01   6.311274e-01   4.208728e-01   2.104679e-01   0.000000e+00
   8.449825e-01   4.214500e+04   6.320000e+02   0.000000e+00  -1.022610e-01  -2.036629e-01  -3.033952e-01  -4.007401e-01  -4.951068e-01  -5.894927e-01  -6.838593e-01  -7.812043e-01  -8.809368e-01  -9.823388e-01  -1.084600e+00   0.000000e+00   2.106601e-01   4.212580e-01   6.317074e-01   8.418767e-01   1.051573e+00   1.051573e+00   8.418773e-01   6.317078e-01   4.212582e-01   2.106602e-01   0.000000e+00
   8.460300e-01   4.210600e+04   6.330000e+02   0.000000e+00  -1.024906e-01  -2.041213e-01  -3.040810e-01  -4.016510e-01  -4.962401e-01  -5.908470e-01  -6.854359e-01  -7.830061e-01  -8.829658e-01  -9.845967e-01  -1.087087e+00   0.000000e+00   2.108519e-01   4.216426e-01   6.322866e-01   8.426529e-01   1.052550e+00   1.052550e+00   8.426535e-01   6.322870e-01   4.216429e-01   2.108521e-01   0.000000e+00
   8.470765e-01   4.206800e+04   6.340000e+02   0.000000e+00  -1.027202e-01  -2.045798e-01  -3.047667e-01  -4.025619e-01  -4.973733e-01  -5.922012e-01  -6.870125e-01  -7.848078e-01  -8.849949e-01  -9.868546e-01  -1.089575e+00   0.000000e+00   2.110434e-01   4.220264e-01   6.328645e-01   8.434275e-01   1.053524e+00   1.053524e+00   8.434280e-01   6.328649e-01   4.220267e-01   2.110435e-01   0.000000e+00
   8.481221e-01   4.203000e+04   6.350000e+02   0.000000e+00  -1.029498e-01  -2.050382e-01  -3.054525e-01  -4.034728e-01  -4.985065e-01  -5.935555e-01  -6.885891e-01  -7.866096e-01  -8.870240e-01  -9.891125e-01  -1.092062e+00   0.000000e+00   2.112344e-01   4.224094e-01   6.334412e-01   8.442004e-01   1.054497e+00   1.054496e+00   8.442009e-01   6.334416e-01   4.224096e-01   2.112345e-01   0.000000e+00
   8.491667e-01   4.199300e+04   6.360000e+02   0.000000e+00  -1.031794e-01  -2.054966e-01  -3.061382e-01  -4.043836e-01  -4.996398e-01  -5.949098e-01  -6.901658e-01  -7.884113e-01  -8.890531e-01  -9.913704e-01  -1.094550e+00   0.000000e+00   2.114250e-01   4.227915e-01   6.340166e-01   8.449717e-01   1.055467e+00   1.055467e+00   8.449722e-01   6.340170e-01   4.227918e-01   2.114252e-01   0.000000e+00
   8.502103e-01   4.195500e+04   6.370000e+02   0.000000e+00  -1.034090e-01  -2.059550e-01  -3.068239e-01  -4.052945e-01  -5.007730e-01  -5.962641e-01  -6.917424e-01  -7.902131e-01  -8.910822e-01  -9.936284e-01  -1.097038e+00   0.000000e+00   2.116152e-01   4.231728e-01   6.345908e-01   8.457413e-01   1.056435e+00   1.056435e+00   8.457418e-01   6.345912e-01   4.231731e-01   2.116154e-01   0.000000e+00
   8.512531e-01   4.191700e+04   6.380000e+02   0.000000e+00  -1.036385e-01  -2.064134e-01  -3.075096e-01  -4.062053e-01  -5.019062e-01  -5.976184e-01  -6.933191e-01  -7.920150e-01  -8.931113e-01  -9.958863e-01  -1.099525e+00   0.000000e+00   2.118050e-01   4.235533e-01   6.351638e-01   8.465093e-01   1.057401e+00   1.057401e+00   8.465098e-01   6.351642e-01   4.235536e-01   2.118052e-01   0.000000e+00
   8.522949e-01   4.188000e+04   6.390000e+02   0.000000e+00  -1.038681e-01  -2.068717e-01  -3.081952e-01  -4.071161e-01  -5.030394e-01  -5.989727e-01  -6.948958e-01  -7.938168e-01  -8.951405e-01  -9.981442e-01  -1.102013e+00   0.000000e+00   2.119944e-01   4.239330e-01   6.357356e-01   8.472756e-01   1.058365e+00   1.058365e+00   8.472762e-01   6.357360e-01   4.239333e-01   2.119946e-01   0.000000e+00
   8.533358e-01   4.184300e+04   6.400000e+02   0.000000e+00  -1.040977e-01  -2.073301e-01  -3.088809e-01  -4.080269e-01  -5.041726e-01  -6.003270e-01  -6.964725e-01  -7.956186e-01  -8.971696e-01  -1.000402e+00  -1.104500e+00   0.000000e+00   2.121834e-01   4.243119e-01   6.363061e-01   8.480403e-01   1.059327e+00   1.059327e+00   8.480409e-01   6.363065e-01   4.243122e-01   2.121835e-01   0.000000e+00
   8.543757e-01   4.180600e+04   6.410000e+02   0.000000e+00  -1.043272e-01  -2.077884e-01  -3.095665e-01  -4.089377e-01  -5.053058e-01  -6.016813e-01  -6.980492e-01  -7.974205e-01  -8.991988e-01  -1.002660e+00  -1.106988e+00   0.000000e+00   2.123720e-01   4.246900e-01   6.368754e-01   8.488034e-01   1.060287e+00   1.060287e+00   8.488040e-01   6.368758e-01   4.246902e-01   2.123721e-01   0.000000e+00
   8.554148e-01   4.176900e+04   6.420000e+02   0.000000e+00  -1.045568e-01  -2.082467e-01  -3.102522e-01  -4.098485e-01  -5.064390e-01  -6.030356e-01  -6.996259e-01  -7.992224e-01  -9.012279e-01  -1.004918e+00  -1.109475e+00   0.000000e+00   2.125602e-01   4.250672e-01   6.374435e-01   8.495649e-01   1.061245e+00   1.061245e+00   8.495654e-01   6.374439e-01   4.250675e-01   2.125603e-01   0.000000e+00
   8.564529e-01   4.173200e+04   6.430000e+02   0.000000e+00  -1.047863e-01  -2.087051e-01  -3.109378e-01  -4.107592e-01  -5.075721e-01  -6.043899e-01  -7.012026e-01  -8.010242e-01  -9.032571e-01  -1.007176e+00  -1.111962e+00   0.000000e+00   2.127479e-01   4.254437e-01   6.380104e-01   8.503247e-01   1.062201e+00   1.062201e+00   8.503253e-01   6.380108e-01   4.254439e-01   2.127481e-01   0.000000e+00
   8.574901e-01   4.169500e+04   6.440000e+02   0.000000e+00  -1.050158e-01  -2.091634e-01  -3.116234e-01  -4.116700e-01  -5.087053e-01  -6.057442e-01  -7.027794e-01  -8.028261e-01  -9.052863e-01  -1.009434e+00  -1.114450e+00   0.000000e+00   2.129353e-01   4.258193e-01   6.385761e-01   8.510830e-01   1.063155e+00   1.063155e+00   8.510835e-01   6.385765e-01   4.258196e-01   2.129354e-01   0.000000e+00
   8.585264e-01   4.165900e+04   6.450000e+02   0.000000e+00  -1.052453e-01  -2.096216e-01  -3.123090e-01  -4.125807e-01  -5.098385e-01  -6.070985e-01  -7.043561e-01  -8.046281e-01  -9.073155e-01  -1.011692e+00  -1.116937e+00   0.000000e+00   2.131223e-01   4.261942e-01   6.391406e-01   8.518396e-01   1.064107e+00   1.064107e+00   8.518402e-01   6.391410e-01   4.261944e-01   2.131224e-01   0.000000e+00
   8.595618e-01   4.162300e+04   6.460000e+02   0.000000e+00  -1.054748e-01  -2.100799e-01  -3.129945e-01  -4.134914e-01  -5.109717e-01  -6.084529e-01  -7.059329e-01  -8.064300e-01  -9.093448e-01  -1.013950e+00  -1.119425e+00   0.000000e+00   2.133088e-01   4.265682e-01   6.397038e-01   8.525946e-01   1.065057e+00   1.065057e+00   8.525952e-01   6.397042e-01   4.265685e-01   2.133089e-01   0.000000e+00
   8.605963e-01   4.158600e+04   6.470000e+02   0.000000e+00  -1.057043e-01  -2.105382e-01  -3.136801e-01  -4.144022e-01  -5.121048e-01  -6.098072e-01  -7.075097e-01  -8.082319e-01  -9.113740e-01  -1.016208e+00  -1.121913e+00   0.000000e+00   2.134950e-01   4.269414e-01   6.402659e-01   8.533481e-01   1.066005e+00   1.066005e+00   8.533486e-01   6.402663e-01   4.269417e-01   2.134951e-01   0.000000e+00
   8.616299e-01   4.155000e+04   6.480000e+02   0.000000e+00  -1.059338e-01  -2.109964e-01  -3.143656e-01  -4.153129e-01  -5.132380e-01  -6.111616e-01  -7.090865e-01  -8.100339e-01  -9.134032e-01  -1.018466e+00  -1.124400e+00   0.000000e+00   2.136807e-01   4.273139e-01   6.408268e-01   8.540999e-01   1.066951e+00   1.066951e+00   8.541004e-01   6.408272e-01   4.273141e-01   2.136809e-01   0.000000e+00
   8.626627e-01   4.151400e+04   6.490000e+02   0.000000e+00  -1.061633e-01  -2.114547e-01  -3.150511e-01  -4.162235e-01  -5.143711e-01  -6.125159e-01  -7.106633e-01  -8.118359e-01  -9.154325e-01  -1.020724e+00  -1.126888e+00   0.000000e+00   2.138661e-01   4.276855e-01   6.413865e-01   8.548501e-01   1.067895e+00   1.067895e+00   8.548507e-01   6.413869e-01   4.276858e-01   2.138662e-01   0.000000e+00
   8.636945e-01   4.147800e+04   6.500000e+02   0.000000e+00  -1.063928e-01  -2.119129e-01  -3.157366e-01  -4.171342e-01  -5.155043e-01  -6.138703e-01  -7.122401e-01  -8.136379e-01  -9.174618e-01  -1.022982e+00  -1.129375e+00   0.000000e+00   2.140511e-01   4.280563e-01   6.419450e-01   8.555988e-01   1.068837e+00   1.068837e+00   8.555993e-01   6.419454e-01   4.280566e-01   2.140512e-01   0.000000e+00
   8.647254e-01   4.144300e+04   6.510000e+02   0.000000e+00  -1.066223e-01  -2.123711e-01  -3.164221e-01  -4.180449e-01  -5.166374e-01  -6.152246e-01  -7.138170e-01  -8.154399e-01  -9.194911e-01  -1.025240e+00  -1.131862e+00   0.000000e+00   2.142356e-01   4.284264e-01   6.425023e-01   8.563459e-01   1.069777e+00   1.069777e+00   8.563464e-01   6.425027e-01   4.284267e-01   2.142358e-01   0.000000e+00
   8.657554e-01   4.140700e+04   6.520000e+02   0.000000e+00  -1.068518e-01  -2.128293e-01  -3.171076e-01  -4.189555e-01  -5.177705e-01  -6.165790e-01  -7.153938e-01  -8.172419e-01  -9.215204e-01  -1.027498e+00  -1.134350e+00   0.000000e+00   2.144198e-01   4.287957e-01   6.430584e-01   8.570913e-01   1.070715e+00   1.070715e+00   8.570919e-01   6.430588e-01   4.287959e-01   2.144200e-01   0.000000e+00
   8.667846e-01   4.137200e+04   6.530000e+02   0.000000e+00  -1.070812e-01  -2.132875e-01  -3.177931e-01  -4.198662e-01  -5.189037e-01  -6.179333e-01  -7.169707e-01  -8.190439e-01  -9.235497e-01  -1.029756e+00  -1.136837e+00   0.000000e+00   2.146036e-01   4.291641e-01   6.436133e-01   8.578353e-01   1.071651e+00   1.071651e+00   8.578358e-01   6.436137e-01   4.291644e-01   2.146037e-01   0.000000e+00
   8.678129e-01   4.133700e+04   6.540000e+02   0.000000e+00  -1.073107e-01  -2.137457e-01  -3.184785e-01  -4.207768e-01  -5.200368e-01  -6.192877e-01  -7.185476e-01  -8.208460e-01  -9.255790e-01  -1.032014e+00  -1.139325e+00   0.000000e+00   2.147870e-01   4.295318e-01   6.441671e-01   8.585776e-01   1.072585e+00   1.072585e+00   8.585781e-01   6.441675e-01   4.295321e-01   2.147871e-01   0.000000e+00
   8.688403e-01   4.130100e+04   6.550000e+02   0.000000e+00  -1.075401e-01  -2.142038e-01  -3.191640e-01  -4.216874e-01  -5.211699e-01  -6.206421e-01  -7.201244e-01  -8.226480e-01  -9.276083e-01  -1.034272e+00  -1.141812e+00   0.000000e+00   2.149700e-01   4.298987e-01   6.447196e-01   8.593184e-01   1.073517e+00   1.073517e+00   8.593189e-01   6.447200e-01   4.298990e-01   2.149701e-01   0.000000e+00
   8.698668e-01   4.126600e+04   6.560000e+02   0.000000e+00  -1.077696e-01  -2.146620e-01  -3.198494e-01  -4.225980e-01  -5.223030e-01  -6.219965e-01  -7.217013e-01  -8.244501e-01  -9.296377e-01  -1.036530e+00  -1.144300e+00   0.000000e+00   2.151526e-01   4.302649e-01   6.452711e-01   8.600576e-01   1.074447e+00   1.074447e+00   8.600581e-01   6.452715e-01   4.302651e-01   2.151527e-01   0.000000e+00
   8.708925e-01   4.123200e+04   6.570000e+02   0.000000e+00  -1.079990e-01  -2.151201e-01  -3.205348e-01  -4.235086e-01  -5.234361e-01  -6.233509e-01  -7.232783e-01  -8.262522e-01  -9.316670e-01  -1.038788e+00  -1.146788e+00   0.000000e+00   2.153348e-01   4.306302e-01   6.458213e-01   8.607952e-01   1.075375e+00   1.075375e+00   8.607958e-01   6.458217e-01   4.306305e-01   2.153350e-01   0.000000e+00
   8.719173e-01   4.119700e+04   6.580000e+02   0.000000e+00  -1.082284e-01  -2.155782e-01  -3.212202e-01  -4.244191e-01  -5.245692e-01  -6.247053e-01  -7.248552e-01  -8.280543e-01  -9.336964e-01  -1.041046e+00  -1.149275e+00   0.000000e+00   2.155167e-01   4.309948e-01   6.463704e-01   8.615313e-01   1.076301e+00   1.076301e+00   8.615319e-01   6.463708e-01   4.309950e-01   2.155168e-01   0.000000e+00
   8.729413e-01   4.116200e+04   6.590000e+02   0.000000e+00  -1.084579e-01  -2.160364e-01  -3.219055e-01  -4.253297e-01  -5.257023e-01  -6.260597e-01  -7.264321e-01  -8.298565e-01  -9.357258e-01  -1.043304e+00  -1.151763e+00   0.000000e+00   2.156981e-01   4.313586e-01   6.469183e-01   8.622659e-01   1.077226e+00   1.077226e+00   8.622664e-01   6.469187e-01   4.313588e-01   2.156982e-01   0.000000e+00
   8.739643e-01   4.112800e+04   6.600000e+02   0.000000e+00  -1.086873e-01  -2.164945e-01  -3.225909e-01  -4.262402e-01  -5.268354e-01  -6.274141e-01  -7.280091e-01  -8.316586e-01  -9.377552e-01  -1.045563e+00  -1.154250e+00   0.000000e+00   2.158792e-01   4.317216e-01   6.474650e-01   8.629989e-01   1.078148e+00   1.078148e+00   8.629994e-01   6.474654e-01   4.317219e-01   2.158793e-01   0.000000e+00
   8.749866e-01   4.109300e+04   6.610000e+02   0.000000e+00  -1.089167e-01  -2.169525e-01  -3.232762e-01  -4.271508e-01  -5.279685e-01  -6.287685e-01  -7.295860e-01  -8.334607e-01  -9.397846e-01  -1.047821e+00  -1.156737e+00   0.000000e+00   2.160598e-01   4.320838e-01   6.480106e-01   8.637303e-01   1.079069e+00   1.079069e+00   8.637309e-01   6.480110e-01   4.320841e-01   2.160600e-01   0.000000e+00
   8.760080e-01   4.105900e+04   6.620000e+02   0.000000e+00  -1.091461e-01  -2.174106e-01  -3.239616e-01  -4.280613e-01  -5.291016e-01  -6.301229e-01  -7.311630e-01  -8.352629e-01  -9.418140e-01  -1.050079e+00  -1.159225e+00   0.000000e+00   2.162401e-01   4.324453e-01   6.485550e-01   8.644603e-01   1.079987e+00   1.079987e+00   8.644608e-01   6.485555e-01   4.324456e-01   2.162402e-01   0.000000e+00
   8.770285e-01   4.102500e+04   6.630000e+02   0.000000e+00  -1.093755e-01  -2.178687e-01  -3.246469e-01  -4.289718e-01  -5.302347e-01  -6.314773e-01  -7.327400e-01  -8.370651e-01  -9.438435e-01  -1.052337e+00  -1.161712e+00   0.000000e+00   2.164200e-01   4.328060e-01   6.490983e-01   8.651886e-01   1.080904e+00   1.080904e+00   8.651892e-01   6.490987e-01   4.328063e-01   2.164201e-01   0.000000e+00
   8.780482e-01   4.099100e+04   6.640000e+02   0.000000e+00  -1.096049e-01  -2.183267e-01  -3.253322e-01  -4.298823e-01  -5.313678e-01  -6.328317e-01  -7.343170e-01  -8.388673e-01  -9.458729e-01  -1.054595e+00  -1.164200e+00   0.000000e+00   2.165995e-01   4.331660e-01   6.496405e-01   8.659155e-01   1.081818e+00   1.081818e+00   8.659160e-01   6.496409e-01   4.331662e-01   2.165997e-01   0.000000e+00
   8.790670e-01   4.095700e+04   6.650000e+02   0.000000e+00  -1.098343e-01  -2.187848e-01  -3.260175e-01  -4.307928e-01  -5.325008e-01  -6.341862e-01  -7.358940e-01  -8.406695e-01  -9.479024e-01  -1.056853e+00  -1.166688e+00   0.000000e+00   2.167787e-01   4.335252e-01   6.501815e-01   8.666408e-01   1.082731e+00   1.082731e+00   8.666413e-01   6.501819e-01   4.335254e-01   2.167788e-01   0.000000e+00
   8.800850e-01   4.092400e+04   6.660000e+02   0.000000e+00  -1.100636e-01  -2.192428e-01  -3.267028e-01  -4.317033e-01  -5.336339e-01  -6.355406e-01  -7.374710e-01  -8.424717e-01  -9.499318e-01  -1.059111e+00  -1.169175e+00   0.000000e+00   2.169574e-01   4.338836e-01   6.507213e-01   8.673646e-01   1.083642e+00   1.083642e+00   8.673651e-01   6.507217e-01   4.338838e-01   2.169576e-01   0.000000e+00
   8.811022e-01   4.089000e+04   6.670000e+02   0.000000e+00  -1.102930e-01  -2.197008e-01  -3.273880e-01  -4.326137e-01  -5.347669e-01  -6.368951e-01  -7.390481e-01  -8.442740e-01  -9.519613e-01  -1.061369e+00  -1.171663e+00   0.000000e+00   2.171358e-01   4.342412e-01   6.512600e-01   8.680869e-01   1.084551e+00   1.084551e+00   8.680874e-01   6.512604e-01   4.342415e-01   2.171359e-01   0.000000e+00
   8.821185e-01   4.085700e+04   6.680000e+02   0.000000e+00  -1.105224e-01  -2.201588e-01  -3.280733e-01  -4.335242e-01  -5.359000e-01  -6.382495e-01  -7.406251e-01  -8.460762e-01  -9.539908e-01  -1.063627e+00  -1.174150e+00   0.000000e+00   2.173138e-01   4.345981e-01   6.517976e-01   8.688076e-01   1.085458e+00   1.085458e+00   8.688082e-01   6.517980e-01   4.345984e-01   2.173139e-01   0.000000e+00
   8.831340e-01   4.082300e+04   6.690000e+02   0.000000e+00  -1.107517e-01  -2.206168e-01  -3.287585e-01  -4.344346e-01  -5.370330e-01  -6.396040e-01  -7.422022e-01  -8.478785e-01  -9.560203e-01  -1.065886e+00  -1.176638e+00   0.000000e+00   2.174914e-01   4.349543e-01   6.523340e-01   8.695269e-01   1.086363e+00   1.086363e+00   8.695274e-01   6.523344e-01   4.349545e-01   2.174915e-01   0.000000e+00
   8.841487e-01   4.079000e+04   6.700000e+02   0.000000e+00  -1.109811e-01  -2.210748e-01  -3.294437e-01  -4.353450e-01  -5.381661e-01  -6.409584e-01  -7.437793e-01  -8.496808e-01  -9.580498e-01  -1.068144e+00  -1.179125e+00   0.000000e+00   2.176686e-01   4.353097e-01   6.528693e-01   8.702446e-01   1.087267e+00   1.087267e+00   8.702452e-01   6.528697e-01   4.353099e-01   2.176688e-01   0.000000e+00
   8.851626e-01   4.075700e+04   6.710000e+02   0.000000e+00  -1.112104e-01  -2.215328e-01  -3.301289e-01  -4.362554e-01  -5.392991e-01  -6.423129e-01  -7.453564e-01  -8.514831e-01  -9.600794e-01  -1.070402e+00  -1.181612e+00   0.000000e+00   2.178455e-01   4.356643e-01   6.534035e-01   8.709608e-01   1.088168e+00   1.088168e+00   8.709614e-01   6.534039e-01   4.356646e-01   2.178457e-01   0.000000e+00
   8.861756e-01   4.072400e+04   6.720000e+02   0.000000e+00  -1.114397e-01  -2.219907e-01  -3.308141e-01  -4.371658e-01  -5.404322e-01  -6.436673e-01  -7.469335e-01  -8.532854e-01  -9.621089e-01  -1.072660e+00  -1.184100e+00   0.000000e+00   2.180220e-01   4.360182e-01   6.539365e-01   8.716756e-01   1.089068e+00   1.089068e+00   8.716761e-01   6.539369e-01   4.360185e-01   2.180221e-01   0.000000e+00
   8.871878e-01   4.069100e+04   6.730000e+02   0.000000e+00  -1.116691e-01  -2.224487e-01  -3.314993e-01  -4.380762e-01  -5.415652e-01  -6.450218e-01  -7.485106e-01  -8.550877e-01  -9.641385e-01  -1.074918e+00  -1.186587e+00   0.000000e+00   2.181981e-01   4.363713e-01   6.544684e-01   8.723888e-01   1.089965e+00   1.089965e+00   8.723893e-01   6.544689e-01   4.363716e-01   2.181983e-01   0.000000e+00
   8.881992e-01   4.065800e+04   6.740000e+02   0.000000e+00  -1.118984e-01  -2.229066e-01  -3.321844e-01  -4.389866e-01  -5.426982e-01  -6.463763e-01  -7.500877e-01  -8.568900e-01  -9.661680e-01  -1.077176e+00  -1.189075e+00   0.000000e+00   2.183739e-01   4.367237e-01   6.549992e-01   8.731005e-01   1.090861e+00   1.090861e+00   8.731011e-01   6.549997e-01   4.367240e-01   2.183740e-01   0.000000e+00
   8.892098e-01   4.062600e+04   6.750000e+02   0.000000e+00  -1.121277e-01  -2.233645e-01  -3.328696e-01  -4.398970e-01  -5.438312e-01  -6.477308e-01  -7.516648e-01  -8.586924e-01  -9.681976e-01  -1.079435e+00  -1.191563e+00   0.000000e+00   2.185492e-01   4.370753e-01   6.555289e-01   8.738108e-01   1.091755e+00   1.091755e+00   8.738113e-01   6.555293e-01   4.370756e-01   2.185494e-01   0.000000e+00
   8.902196e-01   4.059300e+04   6.760000e+02   0.000000e+00  -1.123570e-01  -2.238225e-01  -3.335547e-01  -4.408073e-01  -5.449642e-01  -6.490852e-01  -7.532420e-01  -8.604947e-01  -9.702272e-01  -1.081693e+00  -1.194050e+00   0.000000e+00   2.187242e-01   4.374262e-01   6.560575e-01   8.745195e-01   1.092647e+00   1.092647e+00   8.745201e-01   6.560579e-01   4.374265e-01   2.187244e-01   0.000000e+00
   8.912286e-01   4.056100e+04   6.770000e+02   0.000000e+00  -1.125863e-01  -2.242804e-01  -3.342398e-01  -4.417176e-01  -5.460972e-01  -6.504397e-01  -7.548191e-01  -8.622971e-01  -9.722568e-01  -1.083951e+00  -1.196538e+00   0.000000e+00   2.188988e-01   4.377764e-01   6.565849e-01   8.752268e-01   1.093537e+00   1.093537e+00   8.752273e-01   6.565854e-01   4.377767e-01   2.188990e-01   0.000000e+00
   8.922367e-01   4.052900e+04   6.780000e+02   0.000000e+00  -1.128156e-01  -2.247382e-01  -3.349249e-01  -4.426280e-01  -5.472302e-01  -6.517942e-01  -7.563963e-01  -8.640995e-01  -9.742864e-01  -1.086209e+00  -1.199025e+00   0.000000e+00   2.190731e-01   4.381258e-01   6.571113e-01   8.759326e-01   1.094426e+00   1.094426e+00   8.759331e-01   6.571117e-01   4.381261e-01   2.190732e-01   0.000000e+00
   8.932441e-01   4.049700e+04   6.790000e+02   0.000000e+00  -1.130449e-01  -2.251961e-01  -3.356100e-01  -4.435383e-01  -5.483632e-01  -6.531487e-01  -7.579735e-01  -8.659019e-01  -9.763160e-01  -1.088467e+00  -1.201512e+00   0.000000e+00   2.192470e-01   4.384745e-01   6.576365e-01   8.766369e-01   1.095312e+00   1.095312e+00   8.766374e-01   6.576369e-01   4.384748e-01   2.192471e-01   0.000000e+00
   8.942507e-01   4.046500e+04   6.800000e+02   0.000000e+00  -1.132742e-01  -2.256540e-01  -3.362951e-01  -4.444486e-01  -5.494962e-01  -6.545032e-01  -7.595507e-01  -8.677043e-01  -9.783457e-01  -1.090726e+00  -1.204000e+00   0.000000e+00   2.194205e-01   4.388224e-01   6.581607e-01   8.773397e-01   1.096197e+00   1.096197e+00   8.773403e-01   6.581611e-01   4.388227e-01   2.194206e-01   0.000000e+00
   8.952565e-01   4.043300e+04   6.810000e+02   0.000000e+00  -1.135034e-01  -2.261118e-01  -3.369802e-01  -4.453589e-01  -5.506292e-01  -6.558577e-01  -7.611279e-01  -8.695068e-01  -9.803753e-01  -1.092984e+00  -1.206487e+00   0.000000e+00   2.195936e-01   4.391696e-01   6.586837e-01   8.780411e-01   1.097080e+00   1.097080e+00   8.780416e-01   6.586841e-01   4.391699e-01   2.195938e-01   0.000000e+00
   8.962614e-01   4.040100e+04   6.820000e+02   0.000000e+00  -1.137327e-01  -2.265697e-01  -3.376652e-01  -4.462692e-01  -5.517622e-01  -6.572123e-01  -7.627051e-01  -8.713092e-01  -9.824050e-01  -1.095242e+00  -1.208975e+00   0.000000e+00   2.197664e-01   4.395161e-01   6.592056e-01   8.787410e-01   1.097961e+00   1.097961e+00   8.787415e-01   6.592060e-01   4.395164e-01   2.197666e-01   0.000000e+00
   8.972657e-01   4.036900e+04   6.830000e+02   0.000000e+00  -1.139620e-01  -2.270275e-01  -3.383503e-01  -4.471794e-01  -5.528952e-01  -6.585668e-01  -7.642824e-01  -8.731117e-01  -9.844346e-01  -1.097500e+00  -1.211463e+00   0.000000e+00   2.199388e-01   4.398619e-01   6.597264e-01   8.794394e-01   1.098840e+00   1.098840e+00   8.794400e-01   6.597268e-01   4.398621e-01   2.199390e-01   0.000000e+00
   8.982691e-01   4.033800e+04   6.840000e+02   0.000000e+00  -1.141912e-01  -2.274853e-01  -3.390353e-01  -4.480897e-01  -5.540282e-01  -6.599213e-01  -7.658596e-01  -8.749142e-01  -9.864643e-01  -1.099759e+00  -1.213950e+00   0.000000e+00   2.201109e-01   4.402069e-01   6.602462e-01   8.801364e-01   1.099717e+00   1.099717e+00   8.801369e-01   6.602466e-01   4.402071e-01   2.201110e-01   0.000000e+00
   8.992717e-01   4.030600e+04   6.850000e+02   0.000000e+00  -1.144205e-01  -2.279431e-01  -3.397203e-01  -4.489999e-01  -5.551611e-01  -6.612758e-01  -7.674369e-01  -8.767167e-01  -9.884940e-01  -1.102017e+00  -1.216438e+00   0.000000e+00   2.202826e-01   4.405512e-01   6.607648e-01   8.808319e-01   1.100593e+00   1.100593e+00   8.808325e-01   6.607652e-01   4.405514e-01   2.202827e-01   0.000000e+00
   9.002736e-01   4.027500e+04   6.860000e+02   0.000000e+00  -1.146497e-01  -2.284009e-01  -3.404053e-01  -4.499102e-01  -5.562941e-01  -6.626304e-01  -7.690141e-01  -8.785192e-01  -9.905237e-01  -1.104275e+00  -1.218925e+00   0.000000e+00   2.204539e-01   4.408947e-01   6.612824e-01   8.815260e-01   1.101467e+00   1.101467e+00   8.815265e-01   6.612828e-01   4.408950e-01   2.204540e-01   0.000000e+00
   9.012746e-01   4.024400e+04   6.870000e+02   0.000000e+00  -1.148790e-01  -2.288587e-01  -3.410903e-01  -4.508204e-01  -5.574270e-01  -6.639849e-01  -7.705914e-01  -8.803217e-01  -9.925534e-01  -1.106533e+00  -1.221413e+00   0.000000e+00   2.206249e-01   4.412375e-01   6.617988e-01   8.822186e-01   1.102339e+00   1.102339e+00   8.822191e-01   6.617992e-01   4.412378e-01   2.206250e-01   0.000000e+00
   9.022749e-01   4.021300e+04   6.880000e+02   0.000000e+00  -1.151082e-01  -2.293165e-01  -3.417752e-01  -4.517306e-01  -5.585600e-01  -6.653395e-01  -7.721687e-01  -8.821242e-01  -9.945831e-01  -1.108792e+00  -1.223900e+00   0.000000e+00   2.207955e-01   4.415796e-01   6.623142e-01   8.829098e-01   1.103209e+00   1.103209e+00   8.829103e-01   6.623146e-01   4.415799e-01   2.207956e-01   0.000000e+00
   9.032745e-01   4.018200e+04   6.890000e+02   0.000000e+00  -1.153374e-01  -2.297742e-01  -3.424602e-01  -4.526408e-01  -5.596929e-01  -6.666940e-01  -7.737460e-01  -8.839267e-01  -9.966129e-01  -1.111050e+00  -1.226387e+00   0.000000e+00   2.209657e-01   4.419210e-01   6.628285e-01   8.835995e-01   1.104077e+00   1.104077e+00   8.836000e-01   6.628289e-01   4.419213e-01   2.209659e-01   0.000000e+00
   9.042732e-01   4.015100e+04   6.900000e+02   0.000000e+00  -1.155666e-01  -2.302320e-01  -3.431451e-01  -4.535510e-01  -5.608259e-01  -6.680486e-01  -7.753233e-01  -8.857293e-01  -9.986426e-01  -1.113308e+00  -1.228875e+00   0.000000e+00   2.211356e-01   4.422617e-01   6.633417e-01   8.842878e-01   1.104943e+00   1.104943e+00   8.842883e-01   6.633421e-01   4.422620e-01   2.211357e-01   0.000000e+00
   9.052712e-01   4.012000e+04   6.910000e+02   0.000000e+00  -1.157958e-01  -2.306897e-01  -3.438301e-01  -4.544611e-01  -5.619588e-01  -6.694031e-01  -7.769006e-01  -8.875319e-01  -1.000672e+00  -1.115566e+00  -1.231362e+00   0.000000e+00   2.213051e-01   4.426017e-01   6.638539e-01   8.849746e-01   1.105808e+00   1.105808e+00   8.849752e-01   6.638543e-01   4.426019e-01   2.213053e-01   0.000000e+00
   9.062685e-01   4.008900e+04   6.920000e+02   0.000000e+00  -1.160250e-01  -2.311475e-01  -3.445150e-01  -4.553713e-01  -5.630918e-01  -6.707577e-01  -7.784780e-01  -8.893345e-01  -1.002702e+00  -1.117825e+00  -1.233850e+00   0.000000e+00   2.214743e-01   4.429409e-01   6.643649e-01   8.856601e-01   1.106671e+00   1.106671e+00   8.856606e-01   6.643653e-01   4.429412e-01   2.214744e-01   0.000000e+00
   9.072649e-01   4.005900e+04   6.930000e+02   0.000000e+00  -1.162542e-01  -2.316052e-01  -3.451999e-01  -4.562814e-01  -5.642247e-01  -6.721122e-01  -7.800553e-01  -8.911371e-01  -1.004732e+00  -1.120083e+00  -1.236338e+00   0.000000e+00   2.216431e-01   4.432794e-01   6.648749e-01   8.863440e-01   1.107532e+00   1.107532e+00   8.863446e-01   6.648753e-01   4.432797e-01   2.216432e-01   0.000000e+00
   9.082607e-01   4.002800e+04   6.940000e+02   0.000000e+00  -1.164834e-01  -2.320629e-01  -3.458848e-01  -4.571916e-01  -5.653576e-01  -6.734668e-01  -7.816327e-01  -8.929397e-01  -1.006762e+00  -1.122341e+00  -1.238825e+00   0.000000e+00   2.218115e-01   4.436172e-01   6.653838e-01   8.870266e-01   1.108392e+00   1.108392e+00   8.870272e-01   6.653843e-01   4.436175e-01   2.218117e-01   0.000000e+00
   9.092556e-01   3.999800e+04   6.950000e+02   0.000000e+00  -1.167126e-01  -2.325206e-01  -3.465696e-01  -4.581017e-01  -5.664905e-01  -6.748214e-01  -7.832100e-01  -8.947423e-01  -1.008792e+00  -1.124600e+00  -1.241313e+00   0.000000e+00   2.219796e-01   4.439543e-01   6.658917e-01   8.877077e-01   1.109249e+00   1.109249e+00   8.877083e-01   6.658921e-01   4.439546e-01   2.219798e-01   0.000000e+00
   9.102498e-01   3.996800e+04   6.960000e+02   0.000000e+00  -1.169418e-01  -2.329783e-01  -3.472545e-01  -4.590118e-01  -5.676235e-01  -6.761760e-01  -7.847874e-01  -8.965449e-01  -1.010821e+00  -1.126858e+00  -1.243800e+00   0.000000e+00   2.221474e-01   4.442907e-01   6.663985e-01   8.883875e-01   1.110105e+00   1.110105e+00   8.883880e-01   6.663989e-01   4.442910e-01   2.221475e-01   0.000000e+00
   9.112433e-01   3.993800e+04   6.970000e+02   0.000000e+00  -1.171710e-01  -2.334359e-01  -3.479394e-01  -4.599219e-01  -5.687564e-01  -6.775306e-01  -7.863648e-01  -8.983476e-01  -1.012851e+00  -1.129116e+00  -1.246287e+00   0.000000e+00   2.223148e-01   4.446264e-01   6.669042e-01   8.890658e-01   1.110959e+00   1.110959e+00   8.890663e-01   6.669046e-01   4.446266e-01   2.223149e-01   0.000000e+00
   9.122360e-01   3.990800e+04   6.980000e+02   0.000000e+00  -1.174001e-01  -2.338936e-01  -3.486242e-01  -4.608320e-01  -5.698893e-01  -6.788852e-01  -7.879422e-01  -9.001502e-01  -1.014881e+00  -1.131375e+00  -1.248775e+00   0.000000e+00   2.224818e-01   4.449613e-01   6.674089e-01   8.897427e-01   1.111811e+00   1.111811e+00   8.897432e-01   6.674093e-01   4.449616e-01   2.224819e-01   0.000000e+00
   9.132280e-01   3.987800e+04   6.990000e+02   0.000000e+00  -1.176293e-01  -2.343512e-01  -3.493090e-01  -4.617421e-01  -5.710222e-01  -6.802398e-01  -7.895197e-01  -9.019529e-01  -1.016911e+00  -1.133633e+00  -1.251262e+00   0.000000e+00   2.226485e-01   4.452956e-01   6.679125e-01   8.904181e-01   1.112662e+00   1.112662e+00   8.904187e-01   6.679129e-01   4.452959e-01   2.226486e-01   0.000000e+00
   9.142192e-01   3.984800e+04   7.000000e+02   0.000000e+00  -1.178585e-01  -2.348089e-01  -3.499938e-01  -4.626522e-01  -5.721551e-01  -6.815944e-01  -7.910971e-01  -9.037556e-01  -1.018941e+00  -1.135891e+00  -1.253750e+00   0.000000e+00   2.228148e-01   4.456292e-01   6.684151e-01   8.910922e-01   1.113510e+00   1.113510e+00   8.910928e-01   6.684155e-01   4.456294e-01   2.228149e-01   0.000000e+00
   9.152097e-01   3.981800e+04   7.010000e+02   0.000000e+00  -1.180876e-01  -2.352665e-01  -3.506786e-01  -4.635622e-01  -5.732880e-01  -6.829490e-01  -7.926745e-01  -9.055583e-01  -1.020971e+00  -1.138150e+00  -1.256237e+00   0.000000e+00   2.229808e-01   4.459620e-01   6.689166e-01   8.917649e-01   1.114357e+00   1.114357e+00   8.917654e-01   6.689170e-01   4.459623e-01   2.229809e-01   0.000000e+00
   9.161995e-01   3.978900e+04   7.020000e+02   0.000000e+00  -1.183167e-01  -2.357241e-01  -3.513634e-01  -4.644723e-01  -5.744208e-01  -6.843036e-01  -7.942520e-01  -9.073610e-01  -1.023000e+00  -1.140408e+00  -1.258725e+00   0.000000e+00   2.231464e-01   4.462942e-01   6.694170e-01   8.924361e-01   1.115203e+00   1.115203e+00   8.924367e-01   6.694174e-01   4.462945e-01   2.231465e-01   0.000000e+00
   9.171885e-01   3.975900e+04   7.030000e+02   0.000000e+00  -1.185459e-01  -2.361817e-01  -3.520482e-01  -4.653823e-01  -5.755537e-01  -6.856582e-01  -7.958294e-01  -9.091638e-01  -1.025030e+00  -1.142666e+00  -1.261213e+00   0.000000e+00   2.233117e-01   4.466256e-01   6.699164e-01   8.931060e-01   1.116046e+00   1.116046e+00   8.931066e-01   6.699168e-01   4.466259e-01   2.233118e-01   0.000000e+00
   9.181768e-01   3.973000e+04   7.040000e+02   0.000000e+00  -1.187750e-01  -2.366393e-01  -3.527329e-01  -4.662923e-01  -5.766866e-01  -6.870128e-01  -7.974069e-01  -9.109665e-01  -1.027060e+00  -1.144925e+00  -1.263700e+00   0.000000e+00   2.234766e-01   4.469564e-01   6.704148e-01   8.937745e-01   1.116888e+00   1.116888e+00   8.937751e-01   6.704152e-01   4.469567e-01   2.234767e-01   0.000000e+00
   9.191643e-01   3.970100e+04   7.050000e+02   0.000000e+00  -1.190041e-01  -2.370969e-01  -3.534177e-01  -4.672023e-01  -5.778195e-01  -6.883674e-01  -7.989844e-01  -9.127693e-01  -1.029090e+00  -1.147183e+00  -1.266188e+00   0.000000e+00   2.236412e-01   4.472865e-01   6.709121e-01   8.944416e-01   1.117728e+00   1.117728e+00   8.944421e-01   6.709125e-01   4.472867e-01   2.236413e-01   0.000000e+00
   9.201512e-01   3.967100e+04   7.060000e+02   0.000000e+00  -1.192332e-01  -2.375545e-01  -3.541024e-01  -4.681123e-01  -5.789524e-01  -6.897221e-01  -8.005619e-01  -9.145720e-01  -1.031120e+00  -1.149442e+00  -1.268675e+00   0.000000e+00   2.238054e-01   4.476158e-01   6.714084e-01   8.951073e-01   1.118566e+00   1.118566e+00   8.951078e-01   6.714088e-01   4.476161e-01   2.238055e-01   0.000000e+00
   9.211373e-01   3.964200e+04   7.070000e+02   0.000000e+00  -1.194624e-01  -2.380120e-01  -3.547871e-01  -4.690223e-01  -5.800852e-01  -6.910767e-01  -8.021394e-01  -9.163748e-01  -1.033150e+00  -1.151700e+00  -1.271162e+00   0.000000e+00   2.239693e-01   4.479445e-01   6.719036e-01   8.957716e-01   1.119403e+00   1.119403e+00   8.957721e-01   6.719040e-01   4.479448e-01   2.239694e-01   0.000000e+00
   9.221227e-01   3.961300e+04   7.080000e+02   0.000000e+00  -1.196915e-01  -2.384696e-01  -3.554718e-01  -4.699323e-01  -5.812181e-01  -6.924313e-01  -8.037169e-01  -9.181776e-01  -1.035180e+00  -1.153958e+00  -1.273650e+00   0.000000e+00   2.241328e-01   4.482725e-01   6.723978e-01   8.964345e-01   1.120237e+00   1.120237e+00   8.964351e-01   6.723982e-01   4.482728e-01   2.241330e-01   0.000000e+00
   9.231073e-01   3.958500e+04   7.090000e+02   0.000000e+00  -1.199206e-01  -2.389271e-01  -3.561565e-01  -4.708423e-01  -5.823509e-01  -6.937860e-01  -8.052945e-01  -9.199804e-01  -1.037210e+00  -1.156217e+00  -1.276137e+00   0.000000e+00   2.242960e-01   4.485998e-01   6.728910e-01   8.970960e-01   1.121070e+00   1.121070e+00   8.970966e-01   6.728914e-01   4.486001e-01   2.242962e-01   0.000000e+00
   9.240913e-01   3.955600e+04   7.100000e+02   0.000000e+00  -1.201497e-01  -2.393847e-01  -3.568412e-01  -4.717522e-01  -5.834838e-01  -6.951406e-01  -8.068720e-01  -9.217832e-01  -1.039240e+00  -1.158475e+00  -1.278625e+00   0.000000e+00   2.244589e-01   4.489264e-01   6.733831e-01   8.977562e-01   1.121902e+00   1.121902e+00   8.977568e-01   6.733835e-01   4.489267e-01   2.244590e-01   0.000000e+00
   9.250745e-01   3.952700e+04   7.110000e+02   0.000000e+00  -1.203787e-01  -2.398422e-01  -3.575258e-01  -4.726622e-01  -5.846166e-01  -6.964953e-01  -8.084495e-01  -9.235861e-01  -1.041270e+00  -1.160734e+00  -1.281113e+00   0.000000e+00   2.246214e-01   4.492523e-01   6.738742e-01   8.984150e-01   1.122731e+00   1.122731e+00   8.984156e-01   6.738746e-01   4.492526e-01   2.246215e-01   0.000000e+00
   9.260571e-01   3.949900e+04   7.120000e+02   0.000000e+00  -1.206078e-01  -2.402997e-01  -3.582105e-01  -4.735721e-01  -5.857495e-01  -6.978499e-01  -8.100271e-01  -9.253889e-01  -1.043300e+00  -1.162992e+00  -1.283600e+00   0.000000e+00   2.247836e-01   4.495776e-01   6.743643e-01   8.990724e-01   1.123559e+00   1.123559e+00   8.990730e-01   6.743647e-01   4.495779e-01   2.247837e-01   0.000000e+00
   9.270389e-01   3.947000e+04   7.130000e+02   0.000000e+00  -1.208369e-01  -2.407572e-01  -3.588951e-01  -4.744820e-01  -5.868823e-01  -6.992046e-01  -8.116047e-01  -9.271918e-01  -1.045330e+00  -1.165250e+00  -1.286088e+00   0.000000e+00   2.249454e-01   4.499021e-01   6.748533e-01   8.997285e-01   1.124386e+00   1.124386e+00   8.997291e-01   6.748537e-01   4.499024e-01   2.249455e-01   0.000000e+00
   9.280200e-01   3.944200e+04   7.140000e+02   0.000000e+00  -1.210660e-01  -2.412147e-01  -3.595797e-01  -4.753919e-01  -5.880151e-01  -7.005593e-01  -8.131823e-01  -9.289947e-01  -1.047360e+00  -1.167509e+00  -1.288575e+00   0.000000e+00   2.251069e-01   4.502260e-01   6.753413e-01   9.003832e-01   1.125210e+00   1.125210e+00   9.003838e-01   6.753418e-01   4.502263e-01   2.251070e-01   0.000000e+00
   9.290004e-01   3.941400e+04   7.150000e+02   0.000000e+00  -1.212950e-01  -2.416721e-01  -3.602644e-01  -4.763018e-01  -5.891480e-01  -7.019139e-01  -8.147599e-01  -9.307975e-01  -1.049390e+00  -1.169767e+00  -1.291063e+00   0.000000e+00   2.252680e-01   4.505492e-01   6.758283e-01   9.010365e-01   1.126033e+00   1.126033e+00   9.010371e-01   6.758288e-01   4.505495e-01   2.252681e-01   0.000000e+00
   9.299801e-01   3.938500e+04   7.160000e+02   0.000000e+00  -1.215241e-01  -2.421296e-01  -3.609490e-01  -4.772117e-01  -5.902808e-01  -7.032686e-01  -8.163375e-01  -9.326004e-01  -1.051420e+00  -1.172026e+00  -1.293550e+00   0.000000e+00   2.254288e-01   4.508717e-01   6.763143e-01   9.016885e-01   1.126854e+00   1.126854e+00   9.016891e-01   6.763148e-01   4.508720e-01   2.254289e-01   0.000000e+00
   9.309592e-01   3.935700e+04   7.170000e+02   0.000000e+00  -1.217531e-01  -2.425870e-01  -3.616336e-01  -4.781216e-01  -5.914136e-01  -7.046233e-01  -8.179151e-01  -9.344034e-01  -1.053450e+00  -1.174284e+00  -1.296037e+00   0.000000e+00   2.255893e-01   4.511935e-01   6.767993e-01   9.023391e-01   1.127673e+00   1.127673e+00   9.023397e-01   6.767997e-01   4.511938e-01   2.255894e-01   0.000000e+00
   9.319375e-01   3.932900e+04   7.180000e+02   0.000000e+00  -1.219822e-01  -2.430445e-01  -3.623181e-01  -4.790315e-01  -5.925464e-01  -7.059780e-01  -8.194927e-01  -9.362063e-01  -1.055480e+00  -1.176543e+00  -1.298525e+00   0.000000e+00   2.257494e-01   4.515147e-01   6.772833e-01   9.029884e-01   1.128491e+00   1.128491e+00   9.029890e-01   6.772837e-01   4.515150e-01   2.257495e-01   0.000000e+00
   9.329151e-01   3.930200e+04   7.190000e+02   0.000000e+00  -1.222112e-01  -2.435019e-01  -3.630027e-01  -4.799413e-01  -5.936792e-01  -7.073327e-01  -8.210704e-01  -9.380092e-01  -1.057510e+00  -1.178801e+00  -1.301012e+00   0.000000e+00   2.259092e-01   4.518352e-01   6.777662e-01   9.036363e-01   1.129307e+00   1.129307e+00   9.036369e-01   6.777666e-01   4.518355e-01   2.259093e-01   0.000000e+00
   9.338920e-01   3.927400e+04   7.200000e+02   0.000000e+00  -1.224402e-01  -2.439593e-01  -3.636872e-01  -4.808512e-01  -5.948120e-01  -7.086874e-01  -8.226480e-01  -9.398122e-01  -1.059540e+00  -1.181060e+00  -1.303500e+00   0.000000e+00   2.260686e-01   4.521550e-01   6.782481e-01   9.042829e-01   1.130122e+00   1.130121e+00   9.042834e-01   6.782485e-01   4.521553e-01   2.260688e-01   0.000000e+00
   9.348683e-01   3.924600e+04   7.210000e+02   0.000000e+00  -1.226693e-01  -2.444168e-01  -3.643718e-01  -4.817610e-01  -5.959448e-01  -7.100421e-01  -8.242257e-01  -9.416151e-01  -1.061570e+00  -1.183318e+00  -1.305988e+00   0.000000e+00   2.262278e-01   4.524741e-01   6.787290e-01   9.049281e-01   1.130934e+00   1.130934e+00   9.049287e-01   6.787295e-01   4.524744e-01   2.262279e-01   0.000000e+00
   9.358438e-01   3.921900e+04   7.220000e+02   0.000000e+00  -1.228983e-01  -2.448742e-01  -3.650563e-01  -4.826708e-01  -5.970776e-01  -7.113968e-01  -8.258034e-01  -9.434181e-01  -1.063600e+00  -1.185577e+00  -1.308475e+00   0.000000e+00   2.263865e-01   4.527926e-01   6.792090e-01   9.055720e-01   1.131745e+00   1.131745e+00   9.055725e-01   6.792094e-01   4.527929e-01   2.263867e-01   0.000000e+00
   9.368187e-01   3.919100e+04   7.230000e+02   0.000000e+00  -1.231273e-01  -2.453315e-01  -3.657408e-01  -4.835806e-01  -5.982104e-01  -7.127515e-01  -8.273811e-01  -9.452211e-01  -1.065631e+00  -1.187835e+00  -1.310963e+00   0.000000e+00   2.265450e-01   4.531104e-01   6.796879e-01   9.062145e-01   1.132555e+00   1.132554e+00   9.062151e-01   6.796883e-01   4.531107e-01   2.265451e-01   0.000000e+00
   9.377929e-01   3.916400e+04   7.240000e+02   0.000000e+00  -1.233563e-01  -2.457889e-01  -3.664253e-01  -4.844904e-01  -5.993432e-01  -7.141062e-01  -8.289587e-01  -9.470241e-01  -1.067661e+00  -1.190093e+00  -1.313450e+00   0.000000e+00   2.267031e-01   4.534275e-01   6.801658e-01   9.068557e-01   1.133362e+00   1.133362e+00   9.068563e-01   6.801662e-01   4.534278e-01   2.267032e-01   0.000000e+00
   9.387664e-01   3.913600e+04   7.250000e+02   0.000000e+00  -1.235853e-01  -2.462463e-01  -3.671098e-01  -4.854002e-01  -6.004760e-01  -7.154609e-01  -8.305365e-01  -9.488271e-01  -1.069691e+00  -1.192352e+00  -1.315937e+00   0.000000e+00   2.268609e-01   4.537440e-01   6.806427e-01   9.074956e-01   1.134168e+00   1.134168e+00   9.074962e-01   6.806431e-01   4.537443e-01   2.268610e-01   0.000000e+00
   9.397393e-01   3.910900e+04   7.260000e+02   0.000000e+00  -1.238143e-01  -2.467036e-01  -3.677943e-01  -4.863100e-01  -6.016088e-01  -7.168156e-01  -8.321142e-01  -9.506301e-01  -1.071721e+00  -1.194610e+00  -1.318425e+00   0.000000e+00   2.270183e-01   4.540598e-01   6.811186e-01   9.081342e-01   1.134972e+00   1.134972e+00   9.081347e-01   6.811190e-01   4.540601e-01   2.270185e-01   0.000000e+00
   9.407114e-01   3.908200e+04   7.270000e+02   0.000000e+00  -1.240433e-01  -2.471610e-01  -3.684787e-01  -4.872198e-01  -6.027415e-01  -7.181704e-01  -8.336919e-01  -9.524332e-01  -1.073751e+00  -1.196869e+00  -1.320912e+00   0.000000e+00   2.271754e-01   4.543749e-01   6.815935e-01   9.087714e-01   1.135775e+00   1.135775e+00   9.087719e-01   6.815940e-01   4.543752e-01   2.271756e-01   0.000000e+00
   9.416829e-01   3.905500e+04   7.280000e+02   0.000000e+00  -1.242723e-01  -2.476183e-01  -3.691632e-01  -4.881295e-01  -6.038743e-01  -7.195251e-01  -8.352696e-01  -9.542362e-01  -1.075781e+00  -1.199128e+00  -1.323400e+00   0.000000e+00   2.273322e-01   4.546894e-01   6.820674e-01   9.094073e-01   1.136576e+00   1.136576e+00   9.094078e-01   6.820679e-01   4.546897e-01   2.273324e-01   0.000000e+00
   9.426537e-01   3.902800e+04   7.290000e+02   0.000000e+00  -1.245013e-01  -2.480757e-01  -3.698476e-01  -4.890393e-01  -6.050071e-01  -7.208798e-01  -8.368474e-01  -9.560393e-01  -1.077811e+00  -1.201386e+00  -1.325888e+00   0.000000e+00   2.274887e-01   4.550032e-01   6.825404e-01   9.100418e-01   1.137375e+00   1.137375e+00   9.100424e-01   6.825408e-01   4.550035e-01   2.274888e-01   0.000000e+00
   9.436239e-01   3.900100e+04   7.300000e+02   0.000000e+00  -1.247302e-01  -2.485330e-01  -3.705320e-01  -4.899490e-01  -6.061398e-01  -7.222346e-01  -8.384252e-01  -9.578423e-01  -1.079842e+00  -1.203645e+00  -1.328375e+00   0.000000e+00   2.276448e-01   4.553164e-01   6.830123e-01   9.106751e-01   1.138173e+00   1.138173e+00   9.106757e-01   6.830128e-01   4.553167e-01   2.276449e-01   0.000000e+00
   9.445934e-01   3.897500e+04   7.310000e+02   0.000000e+00  -1.249592e-01  -2.489903e-01  -3.712164e-01  -4.908587e-01  -6.072726e-01  -7.235893e-01  -8.400029e-01  -9.596454e-01  -1.081872e+00  -1.205903e+00  -1.330863e+00   0.000000e+00   2.278006e-01   4.556289e-01   6.834833e-01   9.113070e-01   1.138969e+00   1.138969e+00   9.113076e-01   6.834837e-01   4.556291e-01   2.278007e-01   0.000000e+00
   9.455622e-01   3.894800e+04   7.320000e+02   0.000000e+00  -1.251882e-01  -2.494476e-01  -3.719008e-01  -4.917685e-01  -6.084053e-01  -7.249440e-01  -8.415807e-01  -9.614485e-01  -1.083902e+00  -1.208162e+00  -1.333350e+00   0.000000e+00   2.279561e-01   4.559407e-01   6.839532e-01   9.119376e-01   1.139764e+00   1.139764e+00   9.119382e-01   6.839537e-01   4.559410e-01   2.279562e-01   0.000000e+00
   9.465304e-01   3.892100e+04   7.330000e+02   0.000000e+00  -1.254171e-01  -2.499049e-01  -3.725852e-01  -4.926782e-01  -6.095381e-01  -7.262988e-01  -8.431585e-01  -9.632516e-01  -1.085932e+00  -1.210420e+00  -1.335838e+00   0.000000e+00   2.281112e-01   4.562519e-01   6.844222e-01   9.125670e-01   1.140556e+00   1.140556e+00   9.125675e-01   6.844227e-01   4.562522e-01   2.281113e-01   0.000000e+00
   9.474979e-01   3.889500e+04   7.340000e+02   0.000000e+00  -1.256461e-01  -2.503621e-01  -3.732696e-01  -4.935879e-01  -6.106708e-01  -7.276536e-01  -8.447363e-01  -9.650548e-01  -1.087962e+00  -1.212679e+00  -1.338325e+00   0.000000e+00   2.282660e-01   4.565624e-01   6.848902e-01   9.131950e-01   1.141348e+00   1.141347e+00   9.131955e-01   6.848907e-01   4.565627e-01   2.282661e-01   0.000000e+00
   9.484647e-01   3.886900e+04   7.350000e+02   0.000000e+00  -1.258750e-01  -2.508194e-01  -3.739540e-01  -4.944975e-01  -6.118035e-01  -7.290083e-01  -8.463141e-01  -9.668579e-01  -1.089993e+00  -1.214937e+00  -1.340812e+00   0.000000e+00   2.284205e-01   4.568723e-01   6.853573e-01   9.138216e-01   1.142137e+00   1.142137e+00   9.138222e-01   6.853577e-01   4.568726e-01   2.284206e-01   0.000000e+00
   9.494309e-01   3.884200e+04   7.360000e+02   0.000000e+00  -1.261040e-01  -2.512767e-01  -3.746383e-01  -4.954072e-01  -6.129363e-01  -7.303631e-01  -8.478919e-01  -9.686610e-01  -1.092023e+00  -1.217196e+00  -1.343300e+00   0.000000e+00   2.285746e-01   4.571815e-01   6.858233e-01   9.144470e-01   1.142925e+00   1.142925e+00   9.144476e-01   6.858237e-01   4.571818e-01   2.285748e-01   0.000000e+00
   9.503965e-01   3.881600e+04   7.370000e+02   0.000000e+00  -1.263329e-01  -2.517339e-01  -3.753227e-01  -4.963169e-01  -6.140690e-01  -7.317179e-01  -8.494698e-01  -9.704642e-01  -1.094053e+00  -1.219454e+00  -1.345787e+00   0.000000e+00   2.287285e-01   4.574901e-01   6.862884e-01   9.150711e-01   1.143711e+00   1.143711e+00   9.150717e-01   6.862888e-01   4.574904e-01   2.287286e-01   0.000000e+00
   9.513614e-01   3.879000e+04   7.380000e+02   0.000000e+00  -1.265618e-01  -2.521911e-01  -3.760070e-01  -4.972265e-01  -6.152017e-01  -7.330726e-01  -8.510476e-01  -9.722674e-01  -1.096083e+00  -1.221713e+00  -1.348275e+00   0.000000e+00   2.288820e-01   4.577980e-01   6.867525e-01   9.156939e-01   1.144496e+00   1.144496e+00   9.156945e-01   6.867529e-01   4.577983e-01   2.288821e-01   0.000000e+00
   9.523256e-01   3.876400e+04   7.390000e+02   0.000000e+00  -1.267907e-01  -2.526484e-01  -3.766913e-01  -4.981362e-01  -6.163344e-01  -7.344274e-01  -8.526255e-01  -9.740706e-01  -1.098114e+00  -1.223972e+00  -1.350763e+00   0.000000e+00   2.290352e-01   4.581053e-01   6.872156e-01   9.163154e-01   1.145279e+00   1.145279e+00   9.163160e-01   6.872161e-01   4.581056e-01   2.290353e-01   0.000000e+00
   9.532892e-01   3.873800e+04   7.400000e+02   0.000000e+00  -1.270196e-01  -2.531056e-01  -3.773756e-01  -4.990458e-01  -6.174672e-01  -7.357822e-01  -8.542034e-01  -9.758738e-01  -1.100144e+00  -1.226230e+00  -1.353250e+00   0.000000e+00   2.291880e-01   4.584119e-01   6.876778e-01   9.169356e-01   1.146060e+00   1.146060e+00   9.169362e-01   6.876782e-01   4.584122e-01   2.291882e-01   0.000000e+00
   9.542522e-01   3.871200e+04   7.410000e+02   0.000000e+00  -1.272486e-01  -2.535628e-01  -3.780599e-01  -4.999554e-01  -6.185999e-01  -7.371370e-01  -8.557812e-01  -9.776770e-01  -1.102174e+00  -1.228489e+00  -1.355738e+00   0.000000e+00   2.293406e-01   4.587179e-01   6.881390e-01   9.175546e-01   1.146840e+00   1.146840e+00   9.175551e-01   6.881394e-01   4.587182e-01   2.293407e-01   0.000000e+00
   9.552145e-01   3.868700e+04   7.420000e+02   0.000000e+00  -1.274775e-01  -2.540200e-01  -3.787442e-01  -5.008650e-01  -6.197326e-01  -7.384918e-01  -8.573591e-01  -9.794802e-01  -1.104205e+00  -1.230747e+00  -1.358225e+00   0.000000e+00   2.294928e-01   4.590232e-01   6.885992e-01   9.181722e-01   1.147618e+00   1.147618e+00   9.181728e-01   6.885996e-01   4.590235e-01   2.294929e-01   0.000000e+00
   9.561761e-01   3.866100e+04   7.430000e+02   0.000000e+00  -1.277064e-01  -2.544771e-01  -3.794284e-01  -5.017746e-01  -6.208653e-01  -7.398466e-01  -8.589370e-01  -9.812834e-01  -1.106235e+00  -1.233006e+00  -1.360712e+00   0.000000e+00   2.296447e-01   4.593279e-01   6.890585e-01   9.187885e-01   1.148395e+00   1.148395e+00   9.187891e-01   6.890589e-01   4.593282e-01   2.296448e-01   0.000000e+00
   9.571372e-01   3.863500e+04   7.440000e+02   0.000000e+00  -1.279352e-01  -2.549343e-01  -3.801127e-01  -5.026842e-01  -6.219980e-01  -7.412014e-01  -8.605149e-01  -9.830867e-01  -1.108265e+00  -1.235265e+00  -1.363200e+00   0.000000e+00   2.297963e-01   4.596320e-01   6.895168e-01   9.194036e-01   1.149170e+00   1.149170e+00   9.194042e-01   6.895172e-01   4.596323e-01   2.297964e-01   0.000000e+00
   9.580976e-01   3.861000e+04   7.450000e+02   0.000000e+00  -1.281641e-01  -2.553915e-01  -3.807969e-01  -5.035938e-01  -6.231307e-01  -7.425562e-01  -8.620929e-01  -9.848899e-01  -1.110296e+00  -1.237523e+00  -1.365687e+00   0.000000e+00   2.299475e-01   4.599354e-01   6.899741e-01   9.200174e-01   1.149943e+00   1.149943e+00   9.200179e-01   6.899745e-01   4.599357e-01   2.299477e-01   0.000000e+00
   9.590574e-01   3.858400e+04   7.460000e+02   0.000000e+00  -1.283930e-01  -2.558486e-01  -3.814811e-01  -5.045034e-01  -6.242634e-01  -7.439110e-01  -8.636708e-01  -9.866932e-01  -1.112326e+00  -1.239782e+00  -1.368175e+00   0.000000e+00   2.300985e-01   4.602382e-01   6.904305e-01   9.206299e-01   1.150715e+00   1.150715e+00   9.206305e-01   6.904309e-01   4.602385e-01   2.300986e-01   0.000000e+00
   9.600165e-01   3.855900e+04   7.470000e+02   0.000000e+00  -1.286219e-01  -2.563058e-01  -3.821654e-01  -5.054129e-01  -6.253960e-01  -7.452658e-01  -8.652487e-01  -9.884965e-01  -1.114356e+00  -1.242040e+00  -1.370662e+00   0.000000e+00   2.302491e-01   4.605403e-01   6.908859e-01   9.212411e-01   1.151485e+00   1.151485e+00   9.212417e-01   6.908863e-01   4.605406e-01   2.302492e-01   0.000000e+00
   9.609750e-01   3.853400e+04   7.480000e+02   0.000000e+00  -1.288508e-01  -2.567629e-01  -3.828496e-01  -5.063225e-01  -6.265287e-01  -7.466206e-01  -8.668267e-01  -9.902998e-01  -1.116387e+00  -1.244299e+00  -1.373150e+00   0.000000e+00   2.303994e-01   4.608418e-01   6.913404e-01   9.218511e-01   1.152254e+00   1.152254e+00   9.218516e-01   6.913408e-01   4.608421e-01   2.303995e-01   0.000000e+00
   9.619329e-01   3.850900e+04   7.490000e+02   0.000000e+00  -1.290796e-01  -2.572200e-01  -3.835338e-01  -5.072320e-01  -6.276614e-01  -7.479754e-01  -8.684046e-01  -9.921031e-01  -1.118417e+00  -1.246558e+00  -1.375638e+00   0.000000e+00   2.305494e-01   4.611427e-01   6.917939e-01   9.224597e-01   1.153021e+00   1.153021e+00   9.224603e-01   6.917943e-01   4.611430e-01   2.305495e-01   0.000000e+00
   9.628902e-01   3.848400e+04   7.500000e+02   0.000000e+00  -1.293085e-01  -2.576771e-01  -3.842179e-01  -5.081415e-01  -6.287941e-01  -7.493303e-01  -8.699826e-01  -9.939064e-01  -1.120447e+00  -1.248816e+00  -1.378125e+00   0.000000e+00   2.306990e-01   4.614430e-01   6.922465e-01   9.230672e-01   1.153786e+00   1.153786e+00   9.230678e-01   6.922469e-01   4.614432e-01   2.306992e-01   0.000000e+00
   9.638468e-01   3.845900e+04   7.510000e+02   0.000000e+00  -1.295373e-01  -2.581342e-01  -3.849021e-01  -5.090510e-01  -6.299267e-01  -7.506851e-01  -8.715606e-01  -9.957097e-01  -1.122478e+00  -1.251075e+00  -1.380613e+00   0.000000e+00   2.308484e-01   4.617426e-01   6.926981e-01   9.236733e-01   1.154550e+00   1.154550e+00   9.236739e-01   6.926985e-01   4.617429e-01   2.308485e-01   0.000000e+00
   9.648029e-01   3.843400e+04   7.520000e+02   0.000000e+00  -1.297662e-01  -2.585913e-01  -3.855863e-01  -5.099605e-01  -6.310594e-01  -7.520399e-01  -8.731386e-01  -9.975131e-01  -1.124508e+00  -1.253334e+00  -1.383100e+00   0.000000e+00   2.309974e-01   4.620415e-01   6.931488e-01   9.242782e-01   1.155312e+00   1.155312e+00   9.242788e-01   6.931492e-01   4.620418e-01   2.309976e-01   0.000000e+00
   9.657583e-01   3.840900e+04   7.530000e+02   0.000000e+00  -1.299950e-01  -2.590484e-01  -3.862704e-01  -5.108700e-01  -6.321921e-01  -7.533948e-01  -8.747166e-01  -9.993164e-01  -1.126539e+00  -1.255592e+00  -1.385587e+00   0.000000e+00   2.311461e-01   4.623399e-01   6.935985e-01   9.248819e-01   1.156073e+00   1.156073e+00   9.248824e-01   6.935989e-01   4.623402e-01   2.311463e-01   0.000000e+00
   9.667130e-01   3.838400e+04   7.540000e+02   0.000000e+00  -1.302239e-01  -2.595055e-01  -3.869545e-01  -5.117795e-01  -6.333247e-01  -7.547496e-01  -8.762946e-01  -1.001120e+00  -1.128569e+00  -1.257851e+00  -1.388075e+00   0.000000e+00   2.312945e-01   4.626376e-01   6.940473e-01   9.254842e-01   1.156832e+00   1.156832e+00   9.254848e-01   6.940477e-01   4.626379e-01   2.312947e-01   0.000000e+00
   9.676672e-01   3.836000e+04   7.550000e+02   0.000000e+00  -1.304527e-01  -2.599626e-01  -3.876387e-01  -5.126890e-01  -6.344574e-01  -7.561045e-01  -8.778726e-01  -1.002923e+00  -1.130599e+00  -1.260110e+00  -1.390562e+00   0.000000e+00   2.314426e-01   4.629347e-01   6.944951e-01   9.260854e-01   1.157589e+00   1.157589e+00   9.260859e-01   6.944956e-01   4.629350e-01   2.314428e-01   0.000000e+00
   9.686208e-01   3.833500e+04   7.560000e+02   0.000000e+00  -1.306815e-01  -2.604196e-01  -3.883228e-01  -5.135985e-01  -6.355900e-01  -7.574593e-01  -8.794507e-01  -1.004727e+00  -1.132630e+00  -1.262368e+00  -1.393050e+00   0.000000e+00   2.315904e-01   4.632312e-01   6.949420e-01   9.266852e-01   1.158345e+00   1.158345e+00   9.266858e-01   6.949425e-01   4.632314e-01   2.315906e-01   0.000000e+00
   9.695737e-01   3.831100e+04   7.570000e+02   0.000000e+00  -1.309103e-01  -2.608766e-01  -3.890069e-01  -5.145079e-01  -6.367226e-01  -7.588142e-01  -8.810287e-01  -1.006530e+00  -1.134660e+00  -1.264627e+00  -1.395538e+00   0.000000e+00   2.317379e-01   4.635270e-01   6.953880e-01   9.272838e-01   1.159100e+00   1.159100e+00   9.272844e-01   6.953885e-01   4.635273e-01   2.317380e-01   0.000000e+00
   9.705261e-01   3.828600e+04   7.580000e+02   0.000000e+00  -1.311391e-01  -2.613337e-01  -3.896910e-01  -5.154174e-01  -6.378553e-01  -7.601690e-01  -8.826068e-01  -1.008333e+00  -1.136691e+00  -1.266886e+00  -1.398025e+00   0.000000e+00   2.318850e-01   4.638222e-01   6.958330e-01   9.278812e-01   1.159853e+00   1.159853e+00   9.278818e-01   6.958335e-01   4.638225e-01   2.318852e-01   0.000000e+00
   9.714778e-01   3.826200e+04   7.590000e+02   0.000000e+00  -1.313680e-01  -2.617907e-01  -3.903750e-01  -5.163268e-01  -6.389879e-01  -7.615239e-01  -8.841848e-01  -1.010137e+00  -1.138721e+00  -1.269144e+00  -1.400513e+00   0.000000e+00   2.320319e-01   4.641168e-01   6.962771e-01   9.284773e-01   1.160604e+00   1.160604e+00   9.284779e-01   6.962776e-01   4.641171e-01   2.320320e-01   0.000000e+00
   9.724290e-01   3.823800e+04   7.600000e+02   0.000000e+00  -1.315968e-01  -2.622477e-01  -3.910591e-01  -5.172362e-01  -6.401205e-01  -7.628788e-01  -8.857629e-01  -1.011940e+00  -1.140752e+00  -1.271403e+00  -1.403000e+00   0.000000e+00   2.321784e-01   4.644108e-01   6.967203e-01   9.290722e-01   1.161354e+00   1.161354e+00   9.290728e-01   6.967208e-01   4.644111e-01   2.321786e-01   0.000000e+00
   9.733795e-01   3.821300e+04   7.610000e+02   0.000000e+00  -1.318256e-01  -2.627047e-01  -3.917431e-01  -5.181456e-01  -6.412532e-01  -7.642336e-01  -8.873410e-01  -1.013744e+00  -1.142782e+00  -1.273662e+00  -1.405488e+00   0.000000e+00   2.323246e-01   4.647041e-01   6.971626e-01   9.296659e-01   1.162102e+00   1.162102e+00   9.296664e-01   6.971630e-01   4.647044e-01   2.323248e-01   0.000000e+00
   9.743295e-01   3.818900e+04   7.620000e+02   0.000000e+00  -1.320543e-01  -2.631617e-01  -3.924272e-01  -5.190550e-01  -6.423858e-01  -7.655885e-01  -8.889191e-01  -1.015547e+00  -1.144813e+00  -1.275920e+00  -1.407975e+00   0.000000e+00   2.324705e-01   4.649968e-01   6.976039e-01   9.302583e-01   1.162849e+00   1.162848e+00   9.302588e-01   6.976043e-01   4.649971e-01   2.324707e-01   0.000000e+00
   9.752788e-01   3.816500e+04   7.630000e+02   0.000000e+00  -1.322831e-01  -2.636187e-01  -3.931112e-01  -5.199644e-01  -6.435184e-01  -7.669434e-01  -8.904972e-01  -1.017351e+00  -1.146843e+00  -1.278179e+00  -1.410462e+00   0.000000e+00   2.326161e-01   4.652890e-01   6.980442e-01   9.308494e-01   1.163594e+00   1.163594e+00   9.308500e-01   6.980447e-01   4.652892e-01   2.326163e-01   0.000000e+00
   9.762275e-01   3.814100e+04   7.640000e+02   0.000000e+00  -1.325119e-01  -2.640757e-01  -3.937952e-01  -5.208738e-01  -6.446510e-01  -7.682983e-01  -8.920753e-01  -1.019154e+00  -1.148874e+00  -1.280438e+00  -1.412950e+00   0.000000e+00   2.327614e-01   4.655805e-01   6.984837e-01   9.314394e-01   1.164337e+00   1.164337e+00   9.314399e-01   6.984841e-01   4.655807e-01   2.327616e-01   0.000000e+00
   9.771757e-01   3.811800e+04   7.650000e+02   0.000000e+00  -1.327407e-01  -2.645326e-01  -3.944792e-01  -5.217832e-01  -6.457836e-01  -7.696532e-01  -8.936534e-01  -1.020958e+00  -1.150904e+00  -1.282697e+00  -1.415437e+00   0.000000e+00   2.329064e-01   4.658713e-01   6.989222e-01   9.320281e-01   1.165079e+00   1.165079e+00   9.320286e-01   6.989227e-01   4.658716e-01   2.329066e-01   0.000000e+00
   9.781233e-01   3.809400e+04   7.660000e+02   0.000000e+00  -1.329695e-01  -2.649896e-01  -3.951632e-01  -5.226925e-01  -6.469162e-01  -7.710081e-01  -8.952315e-01  -1.022761e+00  -1.152935e+00  -1.284955e+00  -1.417925e+00   0.000000e+00   2.330511e-01   4.661616e-01   6.993598e-01   9.326155e-01   1.165820e+00   1.165820e+00   9.326161e-01   6.993603e-01   4.661619e-01   2.330513e-01   0.000000e+00
   9.790702e-01   3.807000e+04   7.670000e+02   0.000000e+00  -1.331982e-01  -2.654465e-01  -3.958472e-01  -5.236019e-01  -6.480488e-01  -7.723630e-01  -8.968097e-01  -1.024565e+00  -1.154966e+00  -1.287214e+00  -1.420413e+00   0.000000e+00   2.331955e-01   4.664513e-01   6.997965e-01   9.332018e-01   1.166559e+00   1.166559e+00   9.332024e-01   6.997970e-01   4.664515e-01   2.331956e-01   0.000000e+00
   9.800166e-01   3.804700e+04   7.680000e+02   0.000000e+00  -1.334270e-01  -2.659035e-01  -3.965312e-01  -5.245112e-01  -6.491814e-01  -7.737179e-01  -8.983878e-01  -1.026368e+00  -1.156996e+00  -1.289473e+00  -1.422900e+00   0.000000e+00   2.333396e-01   4.667403e-01   7.002323e-01   9.337868e-01   1.167296e+00   1.167296e+00   9.337874e-01   7.002327e-01   4.667406e-01   2.333397e-01   0.000000e+00
   9.809624e-01   3.802300e+04   7.690000e+02   0.000000e+00  -1.336557e-01  -2.663604e-01  -3.972151e-01  -5.254206e-01  -6.503140e-01  -7.750728e-01  -8.999660e-01  -1.028172e+00  -1.159027e+00  -1.291732e+00  -1.425388e+00   0.000000e+00   2.334833e-01   4.670287e-01   7.006672e-01   9.343706e-01   1.168032e+00   1.168032e+00   9.343712e-01   7.006676e-01   4.670290e-01   2.334835e-01   0.000000e+00
   9.819076e-01   3.800000e+04   7.700000e+02   0.000000e+00  -1.338845e-01  -2.668173e-01  -3.978991e-01  -5.263299e-01  -6.514466e-01  -7.764277e-01  -9.015442e-01  -1.029975e+00  -1.161057e+00  -1.293990e+00  -1.427875e+00   0.000000e+00   2.336268e-01   4.673165e-01   7.011011e-01   9.349532e-01   1.168766e+00   1.168766e+00   9.349538e-01   7.011015e-01   4.673168e-01   2.336269e-01   0.000000e+00
   9.828523e-01   3.797600e+04   7.710000e+02   0.000000e+00  -1.341132e-01  -2.672742e-01  -3.985830e-01  -5.272392e-01  -6.525792e-01  -7.777826e-01  -9.031224e-01  -1.031779e+00  -1.163088e+00  -1.296249e+00  -1.430362e+00   0.000000e+00   2.337699e-01   4.676037e-01   7.015341e-01   9.355345e-01   1.169499e+00   1.169499e+00   9.355351e-01   7.015346e-01   4.676040e-01   2.337701e-01   0.000000e+00
   9.837963e-01   3.795300e+04   7.720000e+02   0.000000e+00  -1.343420e-01  -2.677311e-01  -3.992669e-01  -5.281485e-01  -6.537118e-01  -7.791375e-01  -9.047006e-01  -1.033582e+00  -1.165118e+00  -1.298508e+00  -1.432850e+00   0.000000e+00   2.339128e-01   4.678904e-01   7.019662e-01   9.361147e-01   1.170230e+00   1.170230e+00   9.361153e-01   7.019667e-01   4.678906e-01   2.339129e-01   0.000000e+00
   9.847398e-01   3.793000e+04   7.730000e+02   0.000000e+00  -1.345707e-01  -2.681880e-01  -3.999509e-01  -5.290578e-01  -6.548443e-01  -7.804925e-01  -9.062788e-01  -1.035386e+00  -1.167149e+00  -1.300767e+00  -1.435337e+00   0.000000e+00   2.340553e-01   4.681763e-01   7.023974e-01   9.366936e-01   1.170960e+00   1.170960e+00   9.366942e-01   7.023979e-01   4.681766e-01   2.340555e-01   0.000000e+00
   9.856827e-01   3.790700e+04   7.740000e+02   0.000000e+00  -1.347994e-01  -2.686449e-01  -4.006347e-01  -5.299671e-01  -6.559769e-01  -7.818474e-01  -9.078570e-01  -1.037190e+00  -1.169180e+00  -1.303025e+00  -1.437825e+00   0.000000e+00   2.341976e-01   4.684617e-01   7.028277e-01   9.372713e-01   1.171689e+00   1.171688e+00   9.372719e-01   7.028282e-01   4.684620e-01   2.341977e-01   0.000000e+00
   9.866250e-01   3.788300e+04   7.750000e+02   0.000000e+00  -1.350281e-01  -2.691017e-01  -4.013186e-01  -5.308764e-01  -6.571095e-01  -7.832023e-01  -9.094352e-01  -1.038993e+00  -1.171210e+00  -1.305284e+00  -1.440313e+00   0.000000e+00   2.343395e-01   4.687465e-01   7.032571e-01   9.378479e-01   1.172415e+00   1.172415e+00   9.378484e-01   7.032576e-01   4.687468e-01   2.343396e-01   0.000000e+00
   9.875668e-01   3.786000e+04   7.760000e+02   0.000000e+00  -1.352568e-01  -2.695586e-01  -4.020025e-01  -5.317856e-01  -6.582420e-01  -7.845572e-01  -9.110134e-01  -1.040797e+00  -1.173241e+00  -1.307543e+00  -1.442800e+00   0.000000e+00   2.344811e-01   4.690307e-01   7.036856e-01   9.384232e-01   1.173141e+00   1.173141e+00   9.384237e-01   7.036861e-01   4.690310e-01   2.344813e-01   0.000000e+00
   9.885080e-01   3.783800e+04   7.770000e+02   0.000000e+00  -1.354856e-01  -2.700154e-01  -4.026864e-01  -5.326949e-01  -6.593746e-01  -7.859122e-01  -9.125917e-01  -1.042600e+00  -1.175272e+00  -1.309802e+00  -1.445288e+00   0.000000e+00   2.346225e-01   4.693143e-01   7.041132e-01   9.389973e-01   1.173864e+00   1.173864e+00   9.389979e-01   7.041136e-01   4.693146e-01   2.346226e-01   0.000000e+00
   9.894486e-01   3.781500e+04   7.780000e+02   0.000000e+00  -1.357143e-01  -2.704723e-01  -4.033702e-01  -5.336041e-01  -6.605071e-01  -7.872671e-01  -9.141699e-01  -1.044404e+00  -1.177302e+00  -1.312061e+00  -1.447775e+00   0.000000e+00   2.347635e-01   4.695973e-01   7.045399e-01   9.395702e-01   1.174587e+00   1.174587e+00   9.395708e-01   7.045403e-01   4.695976e-01   2.347637e-01   0.000000e+00
   9.903886e-01   3.779200e+04   7.790000e+02   0.000000e+00  -1.359430e-01  -2.709291e-01  -4.040541e-01  -5.345133e-01  -6.616397e-01  -7.886221e-01  -9.157482e-01  -1.046208e+00  -1.179333e+00  -1.314319e+00  -1.450263e+00   0.000000e+00   2.349043e-01   4.698796e-01   7.049657e-01   9.401419e-01   1.175307e+00   1.175307e+00   9.401424e-01   7.049661e-01   4.698799e-01   2.349044e-01   0.000000e+00
   9.913281e-01   3.776900e+04   7.800000e+02   0.000000e+00  -1.361717e-01  -2.713859e-01  -4.047379e-01  -5.354226e-01  -6.627722e-01  -7.899770e-01  -9.173265e-01  -1.048011e+00  -1.181364e+00  -1.316578e+00  -1.452750e+00   0.000000e+00   2.350447e-01   4.701614e-01   7.053905e-01   9.407124e-01   1.176027e+00   1.176027e+00   9.407130e-01   7.053910e-01   4.701617e-01   2.350448e-01   0.000000e+00
   9.922670e-01   3.774700e+04   7.810000e+02   0.000000e+00  -1.364003e-01  -2.718428e-01  -4.054217e-01  -5.363318e-01  -6.639048e-01  -7.913320e-01  -9.189048e-01  -1.049815e+00  -1.183394e+00  -1.318837e+00  -1.455237e+00   0.000000e+00   2.351848e-01   4.704426e-01   7.058145e-01   9.412817e-01   1.176744e+00   1.176744e+00   9.412823e-01   7.058150e-01   4.704429e-01   2.351850e-01   0.000000e+00
   9.932054e-01   3.772400e+04   7.820000e+02   0.000000e+00  -1.366290e-01  -2.722996e-01  -4.061055e-01  -5.372410e-01  -6.650373e-01  -7.926870e-01  -9.204831e-01  -1.051619e+00  -1.185425e+00  -1.321096e+00  -1.457725e+00   0.000000e+00   2.353247e-01   4.707232e-01   7.062376e-01   9.418498e-01   1.177461e+00   1.177461e+00   9.418504e-01   7.062381e-01   4.707235e-01   2.353248e-01   0.000000e+00
   9.941432e-01   3.770200e+04   7.830000e+02   0.000000e+00  -1.368577e-01  -2.727563e-01  -4.067893e-01  -5.381502e-01  -6.661698e-01  -7.940419e-01  -9.220614e-01  -1.053422e+00  -1.187456e+00  -1.323355e+00  -1.460212e+00   0.000000e+00   2.354642e-01   4.710032e-01   7.066598e-01   9.424167e-01   1.178176e+00   1.178175e+00   9.424173e-01   7.066603e-01   4.710035e-01   2.354644e-01   0.000000e+00
   9.950804e-01   3.767900e+04   7.840000e+02   0.000000e+00  -1.370864e-01  -2.732131e-01  -4.074731e-01  -5.390594e-01  -6.673024e-01  -7.953969e-01  -9.236397e-01  -1.055226e+00  -1.189486e+00  -1.325613e+00  -1.462700e+00   0.000000e+00   2.356035e-01   4.712826e-01   7.070811e-01   9.429824e-01   1.178889e+00   1.178889e+00   9.429830e-01   7.070816e-01   4.712829e-01   2.356036e-01   0.000000e+00
   9.960171e-01   3.765700e+04   7.850000e+02   0.000000e+00  -1.373150e-01  -2.736699e-01  -4.081569e-01  -5.399685e-01  -6.684349e-01  -7.967519e-01  -9.252180e-01  -1.057030e+00  -1.191517e+00  -1.327872e+00  -1.465188e+00   0.000000e+00   2.357424e-01   4.715614e-01   7.075015e-01   9.435470e-01   1.179601e+00   1.179601e+00   9.435476e-01   7.075020e-01   4.715617e-01   2.357426e-01   0.000000e+00
   9.969532e-01   3.763500e+04   7.860000e+02   0.000000e+00  -1.375437e-01  -2.741267e-01  -4.088407e-01  -5.408777e-01  -6.695674e-01  -7.981068e-01  -9.267963e-01  -1.058834e+00  -1.193548e+00  -1.330131e+00  -1.467675e+00   0.000000e+00   2.358811e-01   4.718396e-01   7.079211e-01   9.441103e-01   1.180311e+00   1.180311e+00   9.441109e-01   7.079215e-01   4.718399e-01   2.358812e-01   0.000000e+00
   9.978888e-01   3.761200e+04   7.870000e+02   0.000000e+00  -1.377724e-01  -2.745834e-01  -4.095244e-01  -5.417869e-01  -6.706999e-01  -7.994618e-01  -9.283747e-01  -1.060637e+00  -1.195579e+00  -1.332390e+00  -1.470163e+00   0.000000e+00   2.360194e-01   4.721172e-01   7.083397e-01   9.446725e-01   1.181020e+00   1.181020e+00   9.446731e-01   7.083401e-01   4.721175e-01   2.360196e-01   0.000000e+00
   9.988238e-01   3.759000e+04   7.880000e+02   0.000000e+00  -1.380010e-01  -2.750402e-01  -4.102082e-01  -5.426960e-01  -6.718324e-01  -8.008168e-01  -9.299530e-01  -1.062441e+00  -1.197609e+00  -1.334649e+00  -1.472650e+00   0.000000e+00   2.361575e-01   4.723942e-01   7.087575e-01   9.452335e-01   1.181727e+00   1.181727e+00   9.452341e-01   7.087579e-01   4.723945e-01   2.361576e-01   0.000000e+00
   9.997583e-01   3.756800e+04   7.890000e+02   0.000000e+00  -1.382297e-01  -2.754969e-01  -4.108919e-01  -5.436051e-01  -6.729649e-01  -8.021718e-01  -9.315314e-01  -1.064245e+00  -1.199640e+00  -1.336908e+00  -1.475137e+00   0.000000e+00   2.362952e-01   4.726707e-01   7.091743e-01   9.457933e-01   1.182433e+00   1.182433e+00   9.457939e-01   7.091748e-01   4.726710e-01   2.362954e-01   0.000000e+00
   1.000692e+00   3.754600e+04   7.900000e+02   0.000000e+00  -1.384583e-01  -2.759536e-01  -4.115756e-01  -5.445143e-01  -6.740974e-01  -8.035268e-01  -9.331098e-01  -1.066049e+00  -1.201671e+00  -1.339166e+00  -1.477625e+00   0.000000e+00   2.364327e-01   4.729465e-01   7.095903e-01   9.463520e-01   1.183138e+00   1.183137e+00   9.463526e-01   7.095908e-01   4.729468e-01   2.364329e-01   0.000000e+00
   1.001626e+00   3.752400e+04   7.910000e+02   0.000000e+00  -1.386869e-01  -2.764103e-01  -4.122593e-01  -5.454234e-01  -6.752299e-01  -8.048818e-01  -9.346881e-01  -1.067852e+00  -1.203702e+00  -1.341425e+00  -1.480112e+00   0.000000e+00   2.365699e-01   4.732218e-01   7.100054e-01   9.469094e-01   1.183841e+00   1.183840e+00   9.469100e-01   7.100059e-01   4.732221e-01   2.365700e-01   0.000000e+00
   1.002558e+00   3.750300e+04   7.920000e+02   0.000000e+00  -1.389156e-01  -2.768670e-01  -4.129430e-01  -5.463325e-01  -6.763624e-01  -8.062368e-01  -9.362665e-01  -1.069656e+00  -1.205732e+00  -1.343684e+00  -1.482600e+00   0.000000e+00   2.367068e-01   4.734965e-01   7.104196e-01   9.474657e-01   1.184542e+00   1.184542e+00   9.474663e-01   7.104201e-01   4.734968e-01   2.367069e-01   0.000000e+00
   1.003491e+00   3.748100e+04   7.930000e+02   0.000000e+00  -1.391442e-01  -2.773237e-01  -4.136267e-01  -5.472416e-01  -6.774949e-01  -8.075918e-01  -9.378449e-01  -1.071460e+00  -1.207763e+00  -1.345943e+00  -1.485087e+00   0.000000e+00   2.368434e-01   4.737706e-01   7.108330e-01   9.480208e-01   1.185242e+00   1.185242e+00   9.480214e-01   7.108334e-01   4.737709e-01   2.368435e-01   0.000000e+00
   1.004423e+00   3.745900e+04   7.940000e+02   0.000000e+00  -1.393728e-01  -2.777804e-01  -4.143104e-01  -5.481507e-01  -6.786274e-01  -8.089468e-01  -9.394233e-01  -1.073264e+00  -1.209794e+00  -1.348202e+00  -1.487575e+00   0.000000e+00   2.369797e-01   4.740441e-01   7.112455e-01   9.485748e-01   1.185941e+00   1.185941e+00   9.485754e-01   7.112459e-01   4.740444e-01   2.369798e-01   0.000000e+00
   1.005354e+00   3.743800e+04   7.950000e+02   0.000000e+00  -1.396014e-01  -2.782371e-01  -4.149941e-01  -5.490598e-01  -6.797599e-01  -8.103018e-01  -9.410017e-01  -1.075068e+00  -1.211825e+00  -1.350461e+00  -1.490063e+00   0.000000e+00   2.371157e-01   4.743170e-01   7.116571e-01   9.491276e-01   1.186638e+00   1.186638e+00   9.491282e-01   7.116575e-01   4.743173e-01   2.371158e-01   0.000000e+00
   1.006284e+00   3.741600e+04   7.960000e+02   0.000000e+00  -1.398300e-01  -2.786938e-01  -4.156777e-01  -5.499688e-01  -6.808924e-01  -8.116568e-01  -9.425802e-01  -1.076872e+00  -1.213856e+00  -1.352720e+00  -1.492550e+00   0.000000e+00   2.372514e-01   4.745893e-01   7.120678e-01   9.496792e-01   1.187333e+00   1.187333e+00   9.496798e-01   7.120682e-01   4.745896e-01   2.372516e-01   0.000000e+00
   1.007215e+00   3.739500e+04   7.970000e+02   0.000000e+00  -1.400586e-01  -2.791504e-01  -4.163614e-01  -5.508779e-01  -6.820249e-01  -8.130119e-01  -9.441586e-01  -1.078675e+00  -1.215887e+00  -1.354979e+00  -1.495038e+00   0.000000e+00   2.373868e-01   4.748611e-01   7.124776e-01   9.502297e-01   1.188028e+00   1.188028e+00   9.502303e-01   7.124781e-01   4.748614e-01   2.373870e-01   0.000000e+00
   1.008144e+00   3.737300e+04   7.980000e+02   0.000000e+00  -1.402872e-01  -2.796071e-01  -4.170450e-01  -5.517869e-01  -6.831573e-01  -8.143669e-01  -9.457371e-01  -1.080479e+00  -1.217917e+00  -1.357238e+00  -1.497525e+00   0.000000e+00   2.375220e-01   4.751323e-01   7.128866e-01   9.507790e-01   1.188720e+00   1.188720e+00   9.507796e-01   7.128871e-01   4.751326e-01   2.375221e-01   0.000000e+00
   1.009073e+00   3.735200e+04   7.990000e+02   0.000000e+00  -1.405158e-01  -2.800637e-01  -4.177286e-01  -5.526960e-01  -6.842898e-01  -8.157219e-01  -9.473155e-01  -1.082283e+00  -1.219948e+00  -1.359496e+00  -1.500012e+00   0.000000e+00   2.376568e-01   4.754029e-01   7.132947e-01   9.513271e-01   1.189412e+00   1.189412e+00   9.513277e-01   7.132952e-01   4.754032e-01   2.376570e-01   0.000000e+00
   1.010002e+00   3.733100e+04   8.000000e+02   0.000000e+00  -1.407444e-01  -2.805204e-01  -4.184122e-01  -5.536050e-01  -6.854223e-01  -8.170769e-01  -9.488940e-01  -1.084087e+00  -1.221979e+00  -1.361755e+00  -1.502500e+00   0.000000e+00   2.377914e-01   4.756729e-01   7.137020e-01   9.518741e-01   1.190102e+00   1.190102e+00   9.518747e-01   7.137024e-01   4.756732e-01   2.377915e-01   0.000000e+00
   1.010930e+00   3.730900e+04   8.010000e+02   0.000000e+00  -1.409730e-01  -2.809770e-01  -4.190958e-01  -5.545140e-01  -6.865547e-01  -8.184320e-01  -9.504725e-01  -1.085891e+00  -1.224010e+00  -1.364014e+00  -1.504987e+00   0.000000e+00   2.379257e-01   4.759424e-01   7.141084e-01   9.524199e-01   1.190790e+00   1.190790e+00   9.524205e-01   7.141088e-01   4.759426e-01   2.379258e-01   0.000000e+00
   1.011857e+00   3.728800e+04   8.020000e+02   0.000000e+00  -1.412016e-01  -2.814336e-01  -4.197794e-01  -5.554231e-01  -6.876872e-01  -8.197870e-01  -9.520509e-01  -1.087695e+00  -1.226041e+00  -1.366273e+00  -1.507475e+00   0.000000e+00   2.380596e-01   4.762112e-01   7.145139e-01   9.529646e-01   1.191477e+00   1.191477e+00   9.529652e-01   7.145143e-01   4.762115e-01   2.380598e-01   0.000000e+00
   1.012784e+00   3.726700e+04   8.030000e+02   0.000000e+00  -1.414302e-01  -2.818902e-01  -4.204630e-01  -5.563321e-01  -6.888196e-01  -8.211421e-01  -9.536294e-01  -1.089499e+00  -1.228072e+00  -1.368532e+00  -1.509963e+00   0.000000e+00   2.381933e-01   4.764795e-01   7.149185e-01   9.535081e-01   1.192163e+00   1.192162e+00   9.535087e-01   7.149190e-01   4.764798e-01   2.381935e-01   0.000000e+00
   1.013711e+00   3.724600e+04   8.040000e+02   0.000000e+00  -1.416587e-01  -2.823468e-01  -4.211466e-01  -5.572410e-01  -6.899521e-01  -8.224971e-01  -9.552079e-01  -1.091303e+00  -1.230103e+00  -1.370791e+00  -1.512450e+00   0.000000e+00   2.383267e-01   4.767472e-01   7.153223e-01   9.540505e-01   1.192847e+00   1.192847e+00   9.540511e-01   7.153228e-01   4.767475e-01   2.383269e-01   0.000000e+00
   1.014637e+00   3.722500e+04   8.050000e+02   0.000000e+00  -1.418873e-01  -2.828034e-01  -4.218301e-01  -5.581500e-01  -6.910845e-01  -8.238522e-01  -9.567865e-01  -1.093107e+00  -1.232134e+00  -1.373050e+00  -1.514938e+00   0.000000e+00   2.384599e-01   4.770144e-01   7.157252e-01   9.545917e-01   1.193529e+00   1.193529e+00   9.545923e-01   7.157257e-01   4.770147e-01   2.384600e-01   0.000000e+00
   1.015562e+00   3.720400e+04   8.060000e+02   0.000000e+00  -1.421159e-01  -2.832600e-01  -4.225137e-01  -5.590590e-01  -6.922170e-01  -8.252072e-01  -9.583650e-01  -1.094911e+00  -1.234165e+00  -1.375309e+00  -1.517425e+00   0.000000e+00   2.385927e-01   4.772810e-01   7.161273e-01   9.551318e-01   1.194211e+00   1.194211e+00   9.551324e-01   7.161278e-01   4.772813e-01   2.385928e-01   0.000000e+00
   1.016487e+00   3.718400e+04   8.070000e+02   0.000000e+00  -1.423444e-01  -2.837166e-01  -4.231972e-01  -5.599680e-01  -6.933494e-01  -8.265623e-01  -9.599435e-01  -1.096715e+00  -1.236195e+00  -1.377568e+00  -1.519912e+00   0.000000e+00   2.387252e-01   4.775470e-01   7.165285e-01   9.556708e-01   1.194890e+00   1.194890e+00   9.556714e-01   7.165290e-01   4.775473e-01   2.387254e-01   0.000000e+00
   1.017412e+00   3.716300e+04   8.080000e+02   0.000000e+00  -1.425730e-01  -2.841731e-01  -4.238807e-01  -5.608769e-01  -6.944818e-01  -8.279174e-01  -9.615221e-01  -1.098519e+00  -1.238226e+00  -1.379827e+00  -1.522400e+00   0.000000e+00   2.388575e-01   4.778124e-01   7.169289e-01   9.562086e-01   1.195569e+00   1.195569e+00   9.562092e-01   7.169293e-01   4.778127e-01   2.388577e-01   0.000000e+00
   1.018335e+00   3.714200e+04   8.090000e+02   0.000000e+00  -1.428015e-01  -2.846297e-01  -4.245642e-01  -5.617859e-01  -6.956143e-01  -8.292724e-01  -9.631006e-01  -1.100323e+00  -1.240257e+00  -1.382086e+00  -1.524887e+00   0.000000e+00   2.389895e-01   4.780773e-01   7.173284e-01   9.567452e-01   1.196246e+00   1.196246e+00   9.567458e-01   7.173288e-01   4.780776e-01   2.389896e-01   0.000000e+00
   1.019259e+00   3.712200e+04   8.100000e+02   0.000000e+00  -1.430300e-01  -2.850862e-01  -4.252477e-01  -5.626948e-01  -6.967467e-01  -8.306275e-01  -9.646792e-01  -1.102127e+00  -1.242288e+00  -1.384345e+00  -1.527375e+00   0.000000e+00   2.391212e-01   4.783415e-01   7.177270e-01   9.572808e-01   1.196921e+00   1.196921e+00   9.572814e-01   7.177275e-01   4.783418e-01   2.391213e-01   0.000000e+00
   1.020182e+00   3.710100e+04   8.110000e+02   0.000000e+00  -1.432586e-01  -2.855428e-01  -4.259312e-01  -5.636037e-01  -6.978791e-01  -8.319826e-01  -9.662577e-01  -1.103931e+00  -1.244319e+00  -1.386604e+00  -1.529862e+00   0.000000e+00   2.392526e-01   4.786053e-01   7.181248e-01   9.578151e-01   1.197595e+00   1.197595e+00   9.578157e-01   7.181253e-01   4.786056e-01   2.392527e-01   0.000000e+00
   1.021104e+00   3.708100e+04   8.120000e+02   0.000000e+00  -1.434871e-01  -2.859993e-01  -4.266147e-01  -5.645127e-01  -6.990115e-01  -8.333377e-01  -9.678363e-01  -1.105735e+00  -1.246350e+00  -1.388863e+00  -1.532350e+00   0.000000e+00   2.393837e-01   4.788684e-01   7.185218e-01   9.583484e-01   1.198268e+00   1.198268e+00   9.583490e-01   7.185222e-01   4.788687e-01   2.393839e-01   0.000000e+00
   1.022026e+00   3.706000e+04   8.130000e+02   0.000000e+00  -1.437156e-01  -2.864558e-01  -4.272982e-01  -5.654216e-01  -7.001439e-01  -8.346927e-01  -9.694149e-01  -1.107539e+00  -1.248381e+00  -1.391122e+00  -1.534838e+00   0.000000e+00   2.395146e-01   4.791310e-01   7.189179e-01   9.588805e-01   1.198939e+00   1.198939e+00   9.588811e-01   7.189183e-01   4.791313e-01   2.395147e-01   0.000000e+00
   1.022947e+00   3.704000e+04   8.140000e+02   0.000000e+00  -1.439441e-01  -2.869123e-01  -4.279816e-01  -5.663305e-01  -7.012763e-01  -8.360478e-01  -9.709935e-01  -1.109343e+00  -1.250412e+00  -1.393381e+00  -1.537325e+00   0.000000e+00   2.396451e-01   4.793931e-01   7.193132e-01   9.594115e-01   1.199609e+00   1.199609e+00   9.594121e-01   7.193136e-01   4.793934e-01   2.396453e-01   0.000000e+00
   1.023868e+00   3.702000e+04   8.150000e+02   0.000000e+00  -1.441727e-01  -2.873688e-01  -4.286651e-01  -5.672394e-01  -7.024088e-01  -8.374029e-01  -9.725721e-01  -1.111147e+00  -1.252443e+00  -1.395640e+00  -1.539813e+00   0.000000e+00   2.397754e-01   4.796545e-01   7.197076e-01   9.599414e-01   1.200278e+00   1.200278e+00   9.599420e-01   7.197080e-01   4.796548e-01   2.397756e-01   0.000000e+00
   1.024788e+00   3.699900e+04   8.160000e+02   0.000000e+00  -1.444012e-01  -2.878253e-01  -4.293485e-01  -5.681482e-01  -7.035412e-01  -8.387580e-01  -9.741507e-01  -1.112951e+00  -1.254474e+00  -1.397899e+00  -1.542300e+00   0.000000e+00   2.399054e-01   4.799154e-01   7.201011e-01   9.604701e-01   1.200945e+00   1.200945e+00   9.604707e-01   7.201016e-01   4.799157e-01   2.399056e-01   0.000000e+00
   1.025708e+00   3.697900e+04   8.170000e+02   0.000000e+00  -1.446297e-01  -2.882818e-01  -4.300319e-01  -5.690571e-01  -7.046735e-01  -8.401131e-01  -9.757293e-01  -1.114755e+00  -1.256505e+00  -1.400158e+00  -1.544787e+00   0.000000e+00   2.400351e-01   4.801758e-01   7.204938e-01   9.609977e-01   1.201611e+00   1.201610e+00   9.609984e-01   7.204943e-01   4.801761e-01   2.400353e-01   0.000000e+00
   1.026627e+00   3.695900e+04   8.180000e+02   0.000000e+00  -1.448582e-01  -2.887382e-01  -4.307154e-01  -5.699660e-01  -7.058059e-01  -8.414682e-01  -9.773080e-01  -1.116559e+00  -1.258536e+00  -1.402417e+00  -1.547275e+00   0.000000e+00   2.401646e-01   4.804356e-01   7.208857e-01   9.615242e-01   1.202275e+00   1.202275e+00   9.615249e-01   7.208862e-01   4.804359e-01   2.401647e-01   0.000000e+00
   1.027546e+00   3.693900e+04   8.190000e+02   0.000000e+00  -1.450867e-01  -2.891947e-01  -4.313988e-01  -5.708748e-01  -7.069383e-01  -8.428233e-01  -9.788866e-01  -1.118363e+00  -1.260567e+00  -1.404676e+00  -1.549762e+00   0.000000e+00   2.402937e-01   4.806948e-01   7.212768e-01   9.620496e-01   1.202938e+00   1.202938e+00   9.620502e-01   7.212772e-01   4.806951e-01   2.402939e-01   0.000000e+00
   1.028465e+00   3.691900e+04   8.200000e+02   0.000000e+00  -1.453151e-01  -2.896512e-01  -4.320822e-01  -5.717837e-01  -7.080707e-01  -8.441784e-01  -9.804653e-01  -1.120167e+00  -1.262598e+00  -1.406935e+00  -1.552250e+00   0.000000e+00   2.404226e-01   4.809534e-01   7.216670e-01   9.625739e-01   1.203599e+00   1.203599e+00   9.625745e-01   7.216674e-01   4.809537e-01   2.404228e-01   0.000000e+00
   1.029382e+00   3.689900e+04   8.210000e+02   0.000000e+00  -1.455436e-01  -2.901076e-01  -4.327655e-01  -5.726925e-01  -7.092031e-01  -8.455336e-01  -9.820439e-01  -1.121971e+00  -1.264629e+00  -1.409194e+00  -1.554738e+00   0.000000e+00   2.405512e-01   4.812115e-01   7.220563e-01   9.630970e-01   1.204259e+00   1.204259e+00   9.630976e-01   7.220568e-01   4.812118e-01   2.405514e-01   0.000000e+00
   1.030300e+00   3.688000e+04   8.220000e+02   0.000000e+00  -1.457721e-01  -2.905640e-01  -4.334489e-01  -5.736013e-01  -7.103355e-01  -8.468887e-01  -9.836226e-01  -1.123775e+00  -1.266660e+00  -1.411453e+00  -1.557225e+00   0.000000e+00   2.406795e-01   4.814691e-01   7.224449e-01   9.636190e-01   1.204918e+00   1.204918e+00   9.636196e-01   7.224453e-01   4.814694e-01   2.406797e-01   0.000000e+00
   1.031217e+00   3.686000e+04   8.230000e+02   0.000000e+00  -1.460006e-01  -2.910205e-01  -4.341323e-01  -5.745102e-01  -7.114679e-01  -8.482438e-01  -9.852013e-01  -1.125579e+00  -1.268691e+00  -1.413712e+00  -1.559713e+00   0.000000e+00   2.408076e-01   4.817261e-01   7.228325e-01   9.641400e-01   1.205575e+00   1.205575e+00   9.641406e-01   7.228330e-01   4.817264e-01   2.408077e-01   0.000000e+00
   1.032133e+00   3.684000e+04   8.240000e+02   0.000000e+00  -1.462290e-01  -2.914769e-01  -4.348156e-01  -5.754190e-01  -7.126002e-01  -8.495989e-01  -9.867800e-01  -1.127384e+00  -1.270723e+00  -1.415971e+00  -1.562200e+00   0.000000e+00   2.409353e-01   4.819825e-01   7.232194e-01   9.646598e-01   1.206231e+00   1.206231e+00   9.646604e-01   7.232199e-01   4.819828e-01   2.409355e-01   0.000000e+00
   1.033049e+00   3.682000e+04   8.250000e+02   0.000000e+00  -1.464575e-01  -2.919333e-01  -4.354990e-01  -5.763278e-01  -7.137326e-01  -8.509541e-01  -9.883587e-01  -1.129188e+00  -1.272754e+00  -1.418230e+00  -1.564688e+00   0.000000e+00   2.410628e-01   4.822384e-01   7.236054e-01   9.651784e-01   1.206885e+00   1.206885e+00   9.651791e-01   7.236059e-01   4.822387e-01   2.410630e-01   0.000000e+00
   1.033964e+00   3.680100e+04   8.260000e+02   0.000000e+00  -1.466860e-01  -2.923897e-01  -4.361823e-01  -5.772365e-01  -7.148649e-01  -8.523092e-01  -9.899374e-01  -1.130992e+00  -1.274785e+00  -1.420489e+00  -1.567175e+00   0.000000e+00   2.411900e-01   4.824937e-01   7.239906e-01   9.656960e-01   1.207539e+00   1.207539e+00   9.656966e-01   7.239911e-01   4.824940e-01   2.411902e-01   0.000000e+00
   1.034879e+00   3.678100e+04   8.270000e+02   0.000000e+00  -1.469144e-01  -2.928461e-01  -4.368656e-01  -5.781453e-01  -7.159973e-01  -8.536643e-01  -9.915161e-01  -1.132796e+00  -1.276816e+00  -1.422748e+00  -1.569662e+00   0.000000e+00   2.413170e-01   4.827485e-01   7.243750e-01   9.662125e-01   1.208190e+00   1.208190e+00   9.662131e-01   7.243754e-01   4.827488e-01   2.413171e-01   0.000000e+00
   1.035794e+00   3.676200e+04   8.280000e+02   0.000000e+00  -1.471429e-01  -2.933025e-01  -4.375489e-01  -5.790541e-01  -7.171297e-01  -8.550195e-01  -9.930948e-01  -1.134600e+00  -1.278847e+00  -1.425007e+00  -1.572150e+00   0.000000e+00   2.414436e-01   4.830027e-01   7.247585e-01   9.667279e-01   1.208841e+00   1.208841e+00   9.667285e-01   7.247590e-01   4.830030e-01   2.414438e-01   0.000000e+00
   1.036707e+00   3.674300e+04   8.290000e+02   0.000000e+00  -1.473713e-01  -2.937589e-01  -4.382322e-01  -5.799629e-01  -7.182620e-01  -8.563746e-01  -9.946736e-01  -1.136404e+00  -1.280878e+00  -1.427266e+00  -1.574637e+00   0.000000e+00   2.415700e-01   4.832564e-01   7.251412e-01   9.672421e-01   1.209490e+00   1.209490e+00   9.672428e-01   7.251417e-01   4.832567e-01   2.415702e-01   0.000000e+00
   1.037621e+00   3.672300e+04   8.300000e+02   0.000000e+00  -1.475997e-01  -2.942152e-01  -4.389155e-01  -5.808716e-01  -7.193944e-01  -8.577298e-01  -9.962523e-01  -1.138209e+00  -1.282909e+00  -1.429525e+00  -1.577125e+00   0.000000e+00   2.416961e-01   4.835095e-01   7.255231e-01   9.677553e-01   1.210137e+00   1.210137e+00   9.677559e-01   7.255236e-01   4.835098e-01   2.416963e-01   0.000000e+00
   1.038534e+00   3.670400e+04   8.310000e+02   0.000000e+00  -1.478282e-01  -2.946716e-01  -4.395988e-01  -5.817804e-01  -7.205267e-01  -8.590849e-01  -9.978311e-01  -1.140013e+00  -1.284940e+00  -1.431784e+00  -1.579613e+00   0.000000e+00   2.418219e-01   4.837620e-01   7.259042e-01   9.682674e-01   1.210783e+00   1.210783e+00   9.682680e-01   7.259046e-01   4.837623e-01   2.418221e-01   0.000000e+00
   1.039446e+00   3.668500e+04   8.320000e+02   0.000000e+00  -1.480566e-01  -2.951279e-01  -4.402821e-01  -5.826891e-01  -7.216590e-01  -8.604401e-01  -9.994098e-01  -1.141817e+00  -1.286972e+00  -1.434043e+00  -1.582100e+00   0.000000e+00   2.419475e-01   4.840141e-01   7.262844e-01   9.687784e-01   1.211428e+00   1.211428e+00   9.687790e-01   7.262849e-01   4.840144e-01   2.419477e-01   0.000000e+00
   1.040358e+00   3.666600e+04   8.330000e+02   0.000000e+00  -1.482850e-01  -2.955843e-01  -4.409653e-01  -5.835978e-01  -7.227914e-01  -8.617952e-01  -1.000989e+00  -1.143621e+00  -1.289003e+00  -1.436302e+00  -1.584588e+00   0.000000e+00   2.420728e-01   4.842655e-01   7.266638e-01   9.692882e-01   1.212072e+00   1.212072e+00   9.692888e-01   7.266643e-01   4.842658e-01   2.420729e-01   0.000000e+00
   1.041270e+00   3.664700e+04   8.340000e+02   0.000000e+00  -1.485135e-01  -2.960406e-01  -4.416486e-01  -5.845065e-01  -7.239237e-01  -8.631504e-01  -1.002567e+00  -1.145426e+00  -1.291034e+00  -1.438561e+00  -1.587075e+00   0.000000e+00   2.421978e-01   4.845165e-01   7.270424e-01   9.697970e-01   1.212714e+00   1.212714e+00   9.697976e-01   7.270429e-01   4.845168e-01   2.421979e-01   0.000000e+00
   1.042181e+00   3.662800e+04   8.350000e+02   0.000000e+00  -1.487419e-01  -2.964969e-01  -4.423318e-01  -5.854153e-01  -7.250560e-01  -8.645056e-01  -1.004146e+00  -1.147230e+00  -1.293065e+00  -1.440820e+00  -1.589562e+00   0.000000e+00   2.423225e-01   4.847668e-01   7.274202e-01   9.703047e-01   1.213355e+00   1.213355e+00   9.703053e-01   7.274207e-01   4.847671e-01   2.423227e-01   0.000000e+00
   1.043092e+00   3.660900e+04   8.360000e+02   0.000000e+00  -1.489703e-01  -2.969532e-01  -4.430151e-01  -5.863240e-01  -7.261884e-01  -8.658607e-01  -1.005725e+00  -1.149034e+00  -1.295096e+00  -1.443079e+00  -1.592050e+00   0.000000e+00   2.424470e-01   4.850167e-01   7.277972e-01   9.708113e-01   1.213994e+00   1.213994e+00   9.708119e-01   7.277976e-01   4.850170e-01   2.424472e-01   0.000000e+00
   1.044002e+00   3.659000e+04   8.370000e+02   0.000000e+00  -1.491987e-01  -2.974095e-01  -4.436983e-01  -5.872326e-01  -7.273207e-01  -8.672159e-01  -1.007304e+00  -1.150838e+00  -1.297127e+00  -1.445339e+00  -1.594537e+00   0.000000e+00   2.425712e-01   4.852660e-01   7.281733e-01   9.713168e-01   1.214632e+00   1.214632e+00   9.713174e-01   7.281738e-01   4.852663e-01   2.425713e-01   0.000000e+00
   1.044911e+00   3.657100e+04   8.380000e+02   0.000000e+00  -1.494271e-01  -2.978658e-01  -4.443815e-01  -5.881413e-01  -7.284530e-01  -8.685711e-01  -1.008883e+00  -1.152643e+00  -1.299159e+00  -1.447598e+00  -1.597025e+00   0.000000e+00   2.426951e-01   4.855147e-01   7.285486e-01   9.718212e-01   1.215269e+00   1.215269e+00   9.718218e-01   7.285491e-01   4.855150e-01   2.426953e-01   0.000000e+00
   1.045821e+00   3.655200e+04   8.390000e+02   0.000000e+00  -1.496555e-01  -2.983221e-01  -4.450647e-01  -5.890500e-01  -7.295853e-01  -8.699263e-01  -1.010461e+00  -1.154447e+00  -1.301190e+00  -1.449857e+00  -1.599512e+00   0.000000e+00   2.428188e-01   4.857629e-01   7.289231e-01   9.723246e-01   1.215904e+00   1.215904e+00   9.723252e-01   7.289236e-01   4.857632e-01   2.428189e-01   0.000000e+00
   1.046729e+00   3.653300e+04   8.400000e+02   0.000000e+00  -1.498839e-01  -2.987784e-01  -4.457479e-01  -5.899587e-01  -7.307176e-01  -8.712815e-01  -1.012040e+00  -1.156251e+00  -1.303221e+00  -1.452116e+00  -1.602000e+00   0.000000e+00   2.429421e-01   4.860106e-01   7.292968e-01   9.728268e-01   1.216538e+00   1.216538e+00   9.728274e-01   7.292973e-01   4.860109e-01   2.429423e-01   0.000000e+00
   1.047637e+00   3.651500e+04   8.410000e+02   0.000000e+00  -1.501122e-01  -2.992347e-01  -4.464311e-01  -5.908673e-01  -7.318499e-01  -8.726367e-01  -1.013619e+00  -1.158056e+00  -1.305252e+00  -1.454375e+00  -1.604488e+00   0.000000e+00   2.430652e-01   4.862577e-01   7.296697e-01   9.733280e-01   1.217171e+00   1.217171e+00   9.733286e-01   7.296702e-01   4.862580e-01   2.430654e-01   0.000000e+00
   1.048545e+00   3.649600e+04   8.420000e+02   0.000000e+00  -1.503406e-01  -2.996909e-01  -4.471142e-01  -5.917760e-01  -7.329822e-01  -8.739919e-01  -1.015198e+00  -1.159860e+00  -1.307284e+00  -1.456634e+00  -1.606975e+00   0.000000e+00   2.431881e-01   4.865043e-01   7.300418e-01   9.738281e-01   1.217802e+00   1.217802e+00   9.738287e-01   7.300423e-01   4.865046e-01   2.431882e-01   0.000000e+00
   1.049453e+00   3.647800e+04   8.430000e+02   0.000000e+00  -1.505690e-01  -3.001472e-01  -4.477974e-01  -5.926846e-01  -7.341145e-01  -8.753471e-01  -1.016777e+00  -1.161664e+00  -1.309315e+00  -1.458893e+00  -1.609463e+00   0.000000e+00   2.433107e-01   4.867503e-01   7.304131e-01   9.743271e-01   1.218432e+00   1.218432e+00   9.743277e-01   7.304135e-01   4.867506e-01   2.433108e-01   0.000000e+00
   1.050359e+00   3.645900e+04   8.440000e+02   0.000000e+00  -1.507974e-01  -3.006034e-01  -4.484805e-01  -5.935932e-01  -7.352468e-01  -8.767023e-01  -1.018356e+00  -1.163469e+00  -1.311346e+00  -1.461152e+00  -1.611950e+00   0.000000e+00   2.434330e-01   4.869958e-01   7.307835e-01   9.748250e-01   1.219060e+00   1.219060e+00   9.748256e-01   7.307840e-01   4.869961e-01   2.434331e-01   0.000000e+00
   1.051266e+00   3.644100e+04   8.450000e+02   0.000000e+00  -1.510257e-01  -3.010597e-01  -4.491637e-01  -5.945018e-01  -7.363791e-01  -8.780575e-01  -1.019935e+00  -1.165273e+00  -1.313377e+00  -1.463411e+00  -1.614437e+00   0.000000e+00   2.435550e-01   4.872408e-01   7.311532e-01   9.753219e-01   1.219688e+00   1.219687e+00   9.753225e-01   7.311536e-01   4.872411e-01   2.435551e-01   0.000000e+00
   1.052172e+00   3.642200e+04   8.460000e+02   0.000000e+00  -1.512541e-01  -3.015159e-01  -4.498468e-01  -5.954105e-01  -7.375114e-01  -8.794127e-01  -1.021513e+00  -1.167077e+00  -1.315409e+00  -1.465671e+00  -1.616925e+00   0.000000e+00   2.436767e-01   4.874852e-01   7.315220e-01   9.758177e-01   1.220313e+00   1.220313e+00   9.758183e-01   7.315225e-01   4.874855e-01   2.436769e-01   0.000000e+00
   1.053077e+00   3.640400e+04   8.470000e+02   0.000000e+00  -1.514825e-01  -3.019721e-01  -4.505299e-01  -5.963191e-01  -7.386437e-01  -8.807679e-01  -1.023092e+00  -1.168882e+00  -1.317440e+00  -1.467930e+00  -1.619412e+00   0.000000e+00   2.437982e-01   4.877291e-01   7.318901e-01   9.763124e-01   1.220938e+00   1.220938e+00   9.763130e-01   7.318905e-01   4.877294e-01   2.437984e-01   0.000000e+00
   1.053982e+00   3.638600e+04   8.480000e+02   0.000000e+00  -1.517108e-01  -3.024283e-01  -4.512130e-01  -5.972277e-01  -7.397760e-01  -8.821231e-01  -1.024671e+00  -1.170686e+00  -1.319471e+00  -1.470189e+00  -1.621900e+00   0.000000e+00   2.439195e-01   4.879724e-01   7.322573e-01   9.768060e-01   1.221561e+00   1.221561e+00   9.768066e-01   7.322578e-01   4.879727e-01   2.439196e-01   0.000000e+00
   1.054887e+00   3.636700e+04   8.490000e+02   0.000000e+00  -1.519392e-01  -3.028845e-01  -4.518961e-01  -5.981362e-01  -7.409082e-01  -8.834783e-01  -1.026250e+00  -1.172491e+00  -1.321502e+00  -1.472448e+00  -1.624388e+00   0.000000e+00   2.440404e-01   4.882152e-01   7.326238e-01   9.772986e-01   1.222183e+00   1.222183e+00   9.772992e-01   7.326242e-01   4.882156e-01   2.440406e-01   0.000000e+00
   1.055791e+00   3.634900e+04   8.500000e+02   0.000000e+00  -1.521675e-01  -3.033407e-01  -4.525792e-01  -5.990448e-01  -7.420405e-01  -8.848336e-01  -1.027829e+00  -1.174295e+00  -1.323534e+00  -1.474707e+00  -1.626875e+00   0.000000e+00   2.441611e-01   4.884575e-01   7.329894e-01   9.777901e-01   1.222804e+00   1.222803e+00   9.777907e-01   7.329898e-01   4.884578e-01   2.441613e-01   0.000000e+00
   1.056695e+00   3.633100e+04   8.510000e+02   0.000000e+00  -1.523958e-01  -3.037969e-01  -4.532623e-01  -5.999534e-01  -7.431728e-01  -8.861888e-01  -1.029408e+00  -1.176099e+00  -1.325565e+00  -1.476966e+00  -1.629363e+00   0.000000e+00   2.442815e-01   4.886993e-01   7.333542e-01   9.782806e-01   1.223423e+00   1.223423e+00   9.782812e-01   7.333547e-01   4.886996e-01   2.442817e-01   0.000000e+00
   1.057598e+00   3.631300e+04   8.520000e+02   0.000000e+00  -1.526242e-01  -3.042531e-01  -4.539453e-01  -6.008619e-01  -7.443050e-01  -8.875440e-01  -1.030987e+00  -1.177904e+00  -1.327596e+00  -1.479226e+00  -1.631850e+00   0.000000e+00   2.444017e-01   4.889405e-01   7.337183e-01   9.787699e-01   1.224041e+00   1.224040e+00   9.787705e-01   7.337187e-01   4.889408e-01   2.444018e-01   0.000000e+00
   1.058501e+00   3.629500e+04   8.530000e+02   0.000000e+00  -1.528525e-01  -3.047093e-01  -4.546284e-01  -6.017705e-01  -7.454373e-01  -8.888993e-01  -1.032566e+00  -1.179708e+00  -1.329628e+00  -1.481485e+00  -1.634337e+00   0.000000e+00   2.445216e-01   4.891812e-01   7.340815e-01   9.792582e-01   1.224657e+00   1.224657e+00   9.792589e-01   7.340820e-01   4.891815e-01   2.445217e-01   0.000000e+00
   1.059403e+00   3.627700e+04   8.540000e+02   0.000000e+00  -1.530808e-01  -3.051654e-01  -4.553114e-01  -6.026790e-01  -7.465696e-01  -8.902545e-01  -1.034145e+00  -1.181513e+00  -1.331659e+00  -1.483744e+00  -1.636825e+00   0.000000e+00   2.446412e-01   4.894214e-01   7.344440e-01   9.797455e-01   1.225272e+00   1.225272e+00   9.797461e-01   7.344444e-01   4.894217e-01   2.446414e-01   0.000000e+00
   1.060305e+00   3.625900e+04   8.550000e+02   0.000000e+00  -1.533091e-01  -3.056216e-01  -4.559945e-01  -6.035876e-01  -7.477018e-01  -8.916097e-01  -1.035724e+00  -1.183317e+00  -1.333690e+00  -1.486003e+00  -1.639312e+00   0.000000e+00   2.447606e-01   4.896610e-01   7.348056e-01   9.802317e-01   1.225886e+00   1.225886e+00   9.802323e-01   7.348061e-01   4.896613e-01   2.447607e-01   0.000000e+00
   1.061207e+00   3.624200e+04   8.560000e+02   0.000000e+00  -1.535374e-01  -3.060777e-01  -4.566775e-01  -6.044961e-01  -7.488341e-01  -8.929650e-01  -1.037303e+00  -1.185122e+00  -1.335722e+00  -1.488262e+00  -1.641800e+00   0.000000e+00   2.448797e-01   4.899001e-01   7.351665e-01   9.807168e-01   1.226499e+00   1.226499e+00   9.807174e-01   7.351669e-01   4.899004e-01   2.448798e-01   0.000000e+00
   1.062108e+00   3.622400e+04   8.570000e+02   0.000000e+00  -1.537658e-01  -3.065339e-01  -4.573605e-01  -6.054046e-01  -7.499663e-01  -8.943202e-01  -1.038882e+00  -1.186926e+00  -1.337753e+00  -1.490521e+00  -1.644287e+00   0.000000e+00   2.449985e-01   4.901387e-01   7.355265e-01   9.812009e-01   1.227110e+00   1.227110e+00   9.812015e-01   7.355270e-01   4.901390e-01   2.449987e-01   0.000000e+00
   1.063008e+00   3.620600e+04   8.580000e+02   0.000000e+00  -1.539941e-01  -3.069900e-01  -4.580435e-01  -6.063131e-01  -7.510985e-01  -8.956755e-01  -1.040461e+00  -1.188731e+00  -1.339784e+00  -1.492781e+00  -1.646775e+00   0.000000e+00   2.451171e-01   4.903767e-01   7.358858e-01   9.816839e-01   1.227720e+00   1.227720e+00   9.816845e-01   7.358863e-01   4.903770e-01   2.451172e-01   0.000000e+00
   1.063908e+00   3.618900e+04   8.590000e+02   0.000000e+00  -1.542224e-01  -3.074461e-01  -4.587265e-01  -6.072216e-01  -7.522308e-01  -8.970308e-01  -1.042040e+00  -1.190535e+00  -1.341816e+00  -1.495040e+00  -1.649263e+00   0.000000e+00   2.452354e-01   4.906142e-01   7.362443e-01   9.821659e-01   1.228328e+00   1.228328e+00   9.821665e-01   7.362448e-01   4.906145e-01   2.452355e-01   0.000000e+00
   1.064808e+00   3.617100e+04   8.600000e+02   0.000000e+00  -1.544507e-01  -3.079022e-01  -4.594095e-01  -6.081301e-01  -7.533630e-01  -8.983860e-01  -1.043619e+00  -1.192340e+00  -1.343847e+00  -1.497299e+00  -1.651750e+00   0.000000e+00   2.453534e-01   4.908512e-01   7.366020e-01   9.826468e-01   1.228936e+00   1.228936e+00   9.826474e-01   7.366025e-01   4.908515e-01   2.453536e-01   0.000000e+00
   1.065707e+00   3.615300e+04   8.610000e+02   0.000000e+00  -1.546789e-01  -3.083583e-01  -4.600925e-01  -6.090386e-01  -7.544952e-01  -8.997413e-01  -1.045198e+00  -1.194144e+00  -1.345879e+00  -1.499558e+00  -1.654238e+00   0.000000e+00   2.454712e-01   4.910877e-01   7.369589e-01   9.831267e-01   1.229542e+00   1.229542e+00   9.831273e-01   7.369594e-01   4.910880e-01   2.454714e-01   0.000000e+00
   1.066606e+00   3.613600e+04   8.620000e+02   0.000000e+00  -1.549072e-01  -3.088144e-01  -4.607754e-01  -6.099470e-01  -7.556275e-01  -9.010966e-01  -1.046777e+00  -1.195949e+00  -1.347910e+00  -1.501817e+00  -1.656725e+00   0.000000e+00   2.455887e-01   4.913236e-01   7.373150e-01   9.836055e-01   1.230146e+00   1.230146e+00   9.836061e-01   7.373155e-01   4.913239e-01   2.455889e-01   0.000000e+00
   1.067504e+00   3.611900e+04   8.630000e+02   0.000000e+00  -1.551355e-01  -3.092705e-01  -4.614584e-01  -6.108555e-01  -7.567597e-01  -9.024518e-01  -1.048356e+00  -1.197753e+00  -1.349941e+00  -1.504077e+00  -1.659212e+00   0.000000e+00   2.457060e-01   4.915590e-01   7.376704e-01   9.840833e-01   1.230750e+00   1.230750e+00   9.840839e-01   7.376708e-01   4.915594e-01   2.457062e-01   0.000000e+00
   1.068402e+00   3.610100e+04   8.640000e+02   0.000000e+00  -1.553638e-01  -3.097266e-01  -4.621413e-01  -6.117640e-01  -7.578919e-01  -9.038071e-01  -1.049935e+00  -1.199558e+00  -1.351973e+00  -1.506336e+00  -1.661700e+00   0.000000e+00   2.458230e-01   4.917939e-01   7.380249e-01   9.845600e-01   1.231352e+00   1.231352e+00   9.845606e-01   7.380254e-01   4.917942e-01   2.458231e-01   0.000000e+00
   1.069300e+00   3.608400e+04   8.650000e+02   0.000000e+00  -1.555921e-01  -3.101826e-01  -4.628243e-01  -6.126724e-01  -7.590241e-01  -9.051624e-01  -1.051514e+00  -1.201362e+00  -1.354004e+00  -1.508595e+00  -1.664187e+00   0.000000e+00   2.459397e-01   4.920283e-01   7.383787e-01   9.850357e-01   1.231953e+00   1.231952e+00   9.850363e-01   7.383791e-01   4.920286e-01   2.459399e-01   0.000000e+00
   1.070197e+00   3.606700e+04   8.660000e+02   0.000000e+00  -1.558203e-01  -3.106387e-01  -4.635072e-01  -6.135808e-01  -7.601563e-01  -9.065177e-01  -1.053093e+00  -1.203167e+00  -1.356036e+00  -1.510854e+00  -1.666675e+00   0.000000e+00   2.460562e-01   4.922622e-01   7.387317e-01   9.855103e-01   1.232552e+00   1.232552e+00   9.855109e-01   7.387321e-01   4.922625e-01   2.460564e-01   0.000000e+00
   1.071094e+00   3.604900e+04   8.670000e+02   0.000000e+00  -1.560486e-01  -3.110948e-01  -4.641901e-01  -6.144893e-01  -7.612886e-01  -9.078730e-01  -1.054672e+00  -1.204971e+00  -1.358067e+00  -1.513114e+00  -1.669163e+00   0.000000e+00   2.461724e-01   4.924955e-01   7.390839e-01   9.859839e-01   1.233150e+00   1.233150e+00   9.859845e-01   7.390843e-01   4.924958e-01   2.461726e-01   0.000000e+00
   1.071990e+00   3.603200e+04   8.680000e+02   0.000000e+00  -1.562768e-01  -3.115508e-01  -4.648730e-01  -6.153977e-01  -7.624208e-01  -9.092283e-01  -1.056251e+00  -1.206776e+00  -1.360099e+00  -1.515373e+00  -1.671650e+00   0.000000e+00   2.462884e-01   4.927283e-01   7.394353e-01   9.864564e-01   1.233747e+00   1.233747e+00   9.864571e-01   7.394358e-01   4.927286e-01   2.462885e-01   0.000000e+00
   1.072886e+00   3.601500e+04   8.690000e+02   0.000000e+00  -1.565051e-01  -3.120068e-01  -4.655559e-01  -6.163061e-01  -7.635530e-01  -9.105835e-01  -1.057830e+00  -1.208581e+00  -1.362130e+00  -1.517632e+00  -1.674138e+00   0.000000e+00   2.464041e-01   4.929606e-01   7.397859e-01   9.869280e-01   1.234342e+00   1.234342e+00   9.869286e-01   7.397864e-01   4.929609e-01   2.464042e-01   0.000000e+00
   1.073781e+00   3.599800e+04   8.700000e+02   0.000000e+00  -1.567333e-01  -3.124629e-01  -4.662388e-01  -6.172145e-01  -7.646852e-01  -9.119388e-01  -1.059409e+00  -1.210385e+00  -1.364162e+00  -1.519891e+00  -1.676625e+00   0.000000e+00   2.465195e-01   4.931924e-01   7.401358e-01   9.873984e-01   1.234937e+00   1.234937e+00   9.873991e-01   7.401363e-01   4.931927e-01   2.465197e-01   0.000000e+00
   1.074676e+00   3.598100e+04   8.710000e+02   0.000000e+00  -1.569616e-01  -3.129189e-01  -4.669217e-01  -6.181229e-01  -7.658174e-01  -9.132942e-01  -1.060988e+00  -1.212190e+00  -1.366193e+00  -1.522151e+00  -1.679113e+00   0.000000e+00   2.466347e-01   4.934236e-01   7.404849e-01   9.878679e-01   1.235530e+00   1.235530e+00   9.878685e-01   7.404854e-01   4.934239e-01   2.466348e-01   0.000000e+00
   1.075571e+00   3.596400e+04   8.720000e+02   0.000000e+00  -1.571898e-01  -3.133749e-01  -4.676045e-01  -6.190313e-01  -7.669495e-01  -9.146495e-01  -1.062568e+00  -1.213995e+00  -1.368224e+00  -1.524410e+00  -1.681600e+00   0.000000e+00   2.467496e-01   4.936544e-01   7.408332e-01   9.883363e-01   1.236121e+00   1.236121e+00   9.883369e-01   7.408337e-01   4.936547e-01   2.467498e-01   0.000000e+00
   1.076465e+00   3.594700e+04   8.730000e+02   0.000000e+00  -1.574181e-01  -3.138309e-01  -4.682874e-01  -6.199397e-01  -7.680817e-01  -9.160048e-01  -1.064147e+00  -1.215799e+00  -1.370256e+00  -1.526669e+00  -1.684087e+00   0.000000e+00   2.468643e-01   4.938846e-01   7.411808e-01   9.888037e-01   1.236712e+00   1.236712e+00   9.888043e-01   7.411812e-01   4.938849e-01   2.468644e-01   0.000000e+00
   1.077359e+00   3.593000e+04   8.740000e+02   0.000000e+00  -1.576463e-01  -3.142869e-01  -4.689702e-01  -6.208480e-01  -7.692139e-01  -9.173601e-01  -1.065726e+00  -1.217604e+00  -1.372288e+00  -1.528928e+00  -1.686575e+00   0.000000e+00   2.469787e-01   4.941143e-01   7.415275e-01   9.892700e-01   1.237301e+00   1.237301e+00   9.892707e-01   7.415280e-01   4.941146e-01   2.469788e-01   0.000000e+00
   1.078252e+00   3.591400e+04   8.750000e+02   0.000000e+00  -1.578745e-01  -3.147429e-01  -4.696531e-01  -6.217564e-01  -7.703461e-01  -9.187154e-01  -1.067305e+00  -1.219408e+00  -1.374319e+00  -1.531188e+00  -1.689062e+00   0.000000e+00   2.470928e-01   4.943435e-01   7.418735e-01   9.897354e-01   1.237889e+00   1.237888e+00   9.897360e-01   7.418740e-01   4.943438e-01   2.470930e-01   0.000000e+00
   1.079145e+00   3.589700e+04   8.760000e+02   0.000000e+00  -1.581027e-01  -3.151989e-01  -4.703359e-01  -6.226647e-01  -7.714783e-01  -9.200707e-01  -1.068884e+00  -1.221213e+00  -1.376351e+00  -1.533447e+00  -1.691550e+00   0.000000e+00   2.472067e-01   4.945722e-01   7.422188e-01   9.901996e-01   1.238475e+00   1.238475e+00   9.902003e-01   7.422192e-01   4.945725e-01   2.472069e-01   0.000000e+00
   1.080037e+00   3.588000e+04   8.770000e+02   0.000000e+00  -1.583310e-01  -3.156548e-01  -4.710187e-01  -6.235731e-01  -7.726104e-01  -9.214260e-01  -1.070463e+00  -1.223018e+00  -1.378382e+00  -1.535706e+00  -1.694038e+00   0.000000e+00   2.473203e-01   4.948004e-01   7.425632e-01   9.906629e-01   1.239060e+00   1.239060e+00   9.906635e-01   7.425637e-01   4.948007e-01   2.473205e-01   0.000000e+00
   1.080929e+00   3.586400e+04   8.780000e+02   0.000000e+00  -1.585592e-01  -3.161108e-01  -4.717015e-01  -6.244814e-01  -7.737426e-01  -9.227814e-01  -1.072042e+00  -1.224823e+00  -1.380414e+00  -1.537966e+00  -1.696525e+00   0.000000e+00   2.474337e-01   4.950280e-01   7.429069e-01   9.911251e-01   1.239644e+00   1.239644e+00   9.911258e-01   7.429074e-01   4.950283e-01   2.474339e-01   0.000000e+00
   1.081821e+00   3.584700e+04   8.790000e+02   0.000000e+00  -1.587874e-01  -3.165667e-01  -4.723843e-01  -6.253897e-01  -7.748748e-01  -9.241367e-01  -1.073622e+00  -1.226627e+00  -1.382445e+00  -1.540225e+00  -1.699013e+00   0.000000e+00   2.475468e-01   4.952552e-01   7.432498e-01   9.915864e-01   1.240227e+00   1.240227e+00   9.915870e-01   7.432503e-01   4.952555e-01   2.475470e-01   0.000000e+00
   1.082712e+00   3.583000e+04   8.800000e+02   0.000000e+00  -1.590156e-01  -3.170227e-01  -4.730671e-01  -6.262981e-01  -7.760069e-01  -9.254920e-01  -1.075201e+00  -1.228432e+00  -1.384477e+00  -1.542484e+00  -1.701500e+00   0.000000e+00   2.476597e-01   4.954818e-01   7.435920e-01   9.920466e-01   1.240808e+00   1.240808e+00   9.920472e-01   7.435925e-01   4.954821e-01   2.476598e-01   0.000000e+00
   1.083603e+00   3.581400e+04   8.810000e+02   0.000000e+00  -1.592438e-01  -3.174786e-01  -4.737499e-01  -6.272064e-01  -7.771391e-01  -9.268474e-01  -1.076780e+00  -1.230237e+00  -1.386508e+00  -1.544743e+00  -1.703987e+00   0.000000e+00   2.477723e-01   4.957079e-01   7.439334e-01   9.925057e-01   1.241388e+00   1.241388e+00   9.925064e-01   7.439338e-01   4.957082e-01   2.477725e-01   0.000000e+00
   1.084493e+00   3.579800e+04   8.820000e+02   0.000000e+00  -1.594720e-01  -3.179346e-01  -4.744327e-01  -6.281147e-01  -7.782713e-01  -9.282027e-01  -1.078359e+00  -1.232041e+00  -1.388540e+00  -1.547003e+00  -1.706475e+00   0.000000e+00   2.478847e-01   4.959335e-01   7.442740e-01   9.929639e-01   1.241967e+00   1.241967e+00   9.929645e-01   7.442745e-01   4.959338e-01   2.478848e-01   0.000000e+00
   1.085383e+00   3.578100e+04   8.830000e+02   0.000000e+00  -1.597002e-01  -3.183905e-01  -4.751154e-01  -6.290230e-01  -7.794034e-01  -9.295581e-01  -1.079938e+00  -1.233846e+00  -1.390571e+00  -1.549262e+00  -1.708962e+00   0.000000e+00   2.479968e-01   4.961586e-01   7.446139e-01   9.934210e-01   1.242545e+00   1.242545e+00   9.934216e-01   7.446143e-01   4.961589e-01   2.479969e-01   0.000000e+00
   1.086273e+00   3.576500e+04   8.840000e+02   0.000000e+00  -1.599283e-01  -3.188464e-01  -4.757982e-01  -6.299312e-01  -7.805356e-01  -9.309134e-01  -1.081518e+00  -1.235651e+00  -1.392603e+00  -1.551521e+00  -1.711450e+00   0.000000e+00   2.481086e-01   4.963832e-01   7.449530e-01   9.938771e-01   1.243121e+00   1.243121e+00   9.938778e-01   7.449534e-01   4.963835e-01   2.481088e-01   0.000000e+00
   1.087162e+00   3.574900e+04   8.850000e+02   0.000000e+00  -1.601565e-01  -3.193023e-01  -4.764809e-01  -6.308395e-01  -7.816677e-01  -9.322688e-01  -1.083097e+00  -1.237456e+00  -1.394635e+00  -1.553781e+00  -1.713937e+00   0.000000e+00   2.482202e-01   4.966073e-01   7.452913e-01   9.943322e-01   1.243696e+00   1.243696e+00   9.943329e-01   7.452918e-01   4.966076e-01   2.482203e-01   0.000000e+00
   1.088051e+00   3.573200e+04   8.860000e+02   0.000000e+00  -1.603847e-01  -3.197582e-01  -4.771637e-01  -6.317478e-01  -7.827998e-01  -9.336241e-01  -1.084676e+00  -1.239260e+00  -1.396666e+00  -1.556040e+00  -1.716425e+00   0.000000e+00   2.483315e-01   4.968309e-01   7.456289e-01   9.947863e-01   1.244270e+00   1.244270e+00   9.947869e-01   7.456293e-01   4.968312e-01   2.483317e-01   0.000000e+00
   1.088939e+00   3.571600e+04   8.870000e+02   0.000000e+00  -1.606129e-01  -3.202141e-01  -4.778464e-01  -6.326560e-01  -7.839320e-01  -9.349795e-01  -1.086255e+00  -1.241065e+00  -1.398698e+00  -1.558299e+00  -1.718913e+00   0.000000e+00   2.484426e-01   4.970539e-01   7.459657e-01   9.952394e-01   1.244842e+00   1.244842e+00   9.952400e-01   7.459662e-01   4.970543e-01   2.484428e-01   0.000000e+00
   1.089827e+00   3.570000e+04   8.880000e+02   0.000000e+00  -1.608410e-01  -3.206700e-01  -4.785291e-01  -6.335643e-01  -7.850641e-01  -9.363348e-01  -1.087834e+00  -1.242870e+00  -1.400729e+00  -1.560559e+00  -1.721400e+00   0.000000e+00   2.485534e-01   4.972765e-01   7.463017e-01   9.956915e-01   1.245413e+00   1.245413e+00   9.956921e-01   7.463022e-01   4.972768e-01   2.485536e-01   0.000000e+00
   1.090715e+00   3.568400e+04   8.890000e+02   0.000000e+00  -1.610692e-01  -3.211258e-01  -4.792118e-01  -6.344725e-01  -7.861962e-01  -9.376902e-01  -1.089414e+00  -1.244675e+00  -1.402761e+00  -1.562818e+00  -1.723888e+00   0.000000e+00   2.486640e-01   4.974986e-01   7.466370e-01   9.961425e-01   1.245983e+00   1.245983e+00   9.961431e-01   7.466375e-01   4.974989e-01   2.486642e-01   0.000000e+00
   1.091602e+00   3.566800e+04   8.900000e+02   0.000000e+00  -1.612973e-01  -3.215817e-01  -4.798945e-01  -6.353808e-01  -7.873284e-01  -9.390456e-01  -1.090993e+00  -1.246480e+00  -1.404793e+00  -1.565077e+00  -1.726375e+00   0.000000e+00   2.487744e-01   4.977201e-01   7.469716e-01   9.965926e-01   1.246552e+00   1.246552e+00   9.965932e-01   7.469721e-01   4.977204e-01   2.487745e-01   0.000000e+00
   1.092489e+00   3.565200e+04   8.910000e+02   0.000000e+00  -1.615255e-01  -3.220376e-01  -4.805772e-01  -6.362890e-01  -7.884605e-01  -9.404010e-01  -1.092572e+00  -1.248284e+00  -1.406824e+00  -1.567337e+00  -1.728862e+00   0.000000e+00   2.488844e-01   4.979412e-01   7.473054e-01   9.970416e-01   1.247120e+00   1.247119e+00   9.970422e-01   7.473058e-01   4.979415e-01   2.488846e-01   0.000000e+00
   1.093375e+00   3.563600e+04   8.920000e+02   0.000000e+00  -1.617536e-01  -3.224934e-01  -4.812598e-01  -6.371972e-01  -7.895926e-01  -9.417563e-01  -1.094152e+00  -1.250089e+00  -1.408856e+00  -1.569596e+00  -1.731350e+00   0.000000e+00   2.489943e-01   4.981617e-01   7.476384e-01   9.974896e-01   1.247686e+00   1.247686e+00   9.974903e-01   7.476389e-01   4.981621e-01   2.489944e-01   0.000000e+00
   1.094261e+00   3.562000e+04   8.930000e+02   0.000000e+00  -1.619818e-01  -3.229493e-01  -4.819425e-01  -6.381054e-01  -7.907247e-01  -9.431117e-01  -1.095731e+00  -1.251894e+00  -1.410888e+00  -1.571855e+00  -1.733837e+00   0.000000e+00   2.491038e-01   4.983818e-01   7.479707e-01   9.979367e-01   1.248251e+00   1.248251e+00   9.979373e-01   7.479712e-01   4.983821e-01   2.491040e-01   0.000000e+00
   1.095147e+00   3.560400e+04   8.940000e+02   0.000000e+00  -1.622099e-01  -3.234051e-01  -4.826252e-01  -6.390136e-01  -7.918568e-01  -9.444671e-01  -1.097310e+00  -1.253699e+00  -1.412919e+00  -1.574115e+00  -1.736325e+00   0.000000e+00   2.492132e-01   4.986013e-01   7.483022e-01   9.983827e-01   1.248814e+00   1.248814e+00   9.983833e-01   7.483027e-01   4.986016e-01   2.492133e-01   0.000000e+00
   1.096032e+00   3.558900e+04   8.950000e+02   0.000000e+00  -1.624381e-01  -3.238609e-01  -4.833078e-01  -6.399218e-01  -7.929889e-01  -9.458225e-01  -1.098889e+00  -1.255504e+00  -1.414951e+00  -1.576374e+00  -1.738813e+00   0.000000e+00   2.493222e-01   4.988204e-01   7.486330e-01   9.988277e-01   1.249377e+00   1.249377e+00   9.988283e-01   7.486335e-01   4.988207e-01   2.493224e-01   0.000000e+00
   1.096917e+00   3.557300e+04   8.960000e+02   0.000000e+00  -1.626662e-01  -3.243167e-01  -4.839904e-01  -6.408300e-01  -7.941210e-01  -9.471779e-01  -1.100469e+00  -1.257309e+00  -1.416983e+00  -1.578633e+00  -1.741300e+00   0.000000e+00   2.494310e-01   4.990389e-01   7.489630e-01   9.992717e-01   1.249938e+00   1.249938e+00   9.992724e-01   7.489635e-01   4.990392e-01   2.494312e-01   0.000000e+00
   1.097801e+00   3.555700e+04   8.970000e+02   0.000000e+00  -1.628943e-01  -3.247725e-01  -4.846731e-01  -6.417382e-01  -7.952531e-01  -9.485333e-01  -1.102048e+00  -1.259113e+00  -1.419014e+00  -1.580893e+00  -1.743788e+00   0.000000e+00   2.495396e-01   4.992570e-01   7.492923e-01   9.997148e-01   1.250498e+00   1.250498e+00   9.997154e-01   7.492928e-01   4.992573e-01   2.495398e-01   0.000000e+00
   1.098685e+00   3.554200e+04   8.980000e+02   0.000000e+00  -1.631224e-01  -3.252283e-01  -4.853557e-01  -6.426463e-01  -7.963852e-01  -9.498887e-01  -1.103627e+00  -1.260918e+00  -1.421046e+00  -1.583152e+00  -1.746275e+00   0.000000e+00   2.496479e-01   4.994745e-01   7.496208e-01   1.000157e+00   1.251056e+00   1.251056e+00   1.000157e+00   7.496213e-01   4.994748e-01   2.496481e-01   0.000000e+00
   1.099569e+00   3.552600e+04   8.990000e+02   0.000000e+00  -1.633506e-01  -3.256841e-01  -4.860383e-01  -6.435545e-01  -7.975173e-01  -9.512441e-01  -1.105207e+00  -1.262723e+00  -1.423078e+00  -1.585412e+00  -1.748762e+00   0.000000e+00   2.497560e-01   4.996916e-01   7.499486e-01   1.000598e+00   1.251614e+00   1.251614e+00   1.000598e+00   7.499491e-01   4.996919e-01   2.497562e-01   0.000000e+00
   1.100452e+00   3.551100e+04   9.000000e+02   0.000000e+00  -1.635787e-01  -3.261399e-01  -4.867209e-01  -6.444626e-01  -7.986494e-01  -9.525995e-01  -1.106786e+00  -1.264528e+00  -1.425109e+00  -1.587671e+00  -1.751250e+00   0.000000e+00   2.498638e-01   4.999081e-01   7.502757e-01   1.001038e+00   1.252170e+00   1.252170e+00   1.001038e+00   7.502761e-01   4.999084e-01   2.498640e-01   0.000000e+00
   1.101335e+00   3.549500e+04   9.010000e+02   0.000000e+00  -1.638068e-01  -3.265957e-01  -4.874035e-01  -6.453708e-01  -7.997815e-01  -9.539549e-01  -1.108365e+00  -1.266333e+00  -1.427141e+00  -1.589930e+00  -1.753737e+00   0.000000e+00   2.499714e-01   5.001242e-01   7.506019e-01   1.001477e+00   1.252725e+00   1.252725e+00   1.001478e+00   7.506024e-01   5.001245e-01   2.499716e-01   0.000000e+00
   1.102217e+00   3.548000e+04   9.020000e+02   0.000000e+00  -1.640349e-01  -3.270515e-01  -4.880860e-01  -6.462789e-01  -8.009136e-01  -9.553103e-01  -1.109945e+00  -1.268138e+00  -1.429173e+00  -1.592190e+00  -1.756225e+00   0.000000e+00   2.500787e-01   5.003397e-01   7.509275e-01   1.001915e+00   1.253279e+00   1.253279e+00   1.001916e+00   7.509280e-01   5.003401e-01   2.500789e-01   0.000000e+00
   1.103100e+00   3.546400e+04   9.030000e+02   0.000000e+00  -1.642630e-01  -3.275072e-01  -4.887686e-01  -6.471870e-01  -8.020457e-01  -9.566657e-01  -1.111524e+00  -1.269943e+00  -1.431205e+00  -1.594449e+00  -1.758712e+00   0.000000e+00   2.501858e-01   5.005548e-01   7.512523e-01   1.002352e+00   1.253831e+00   1.253831e+00   1.002353e+00   7.512528e-01   5.005551e-01   2.501860e-01   0.000000e+00
   1.103981e+00   3.544900e+04   9.040000e+02   0.000000e+00  -1.644911e-01  -3.279630e-01  -4.894512e-01  -6.480952e-01  -8.031778e-01  -9.580211e-01  -1.113104e+00  -1.271748e+00  -1.433236e+00  -1.596709e+00  -1.761200e+00   0.000000e+00   2.502927e-01   5.007694e-01   7.515764e-01   1.002788e+00   1.254382e+00   1.254382e+00   1.002789e+00   7.515768e-01   5.007697e-01   2.502928e-01   0.000000e+00
   1.104863e+00   3.543400e+04   9.050000e+02   0.000000e+00  -1.647192e-01  -3.284187e-01  -4.901337e-01  -6.490033e-01  -8.043098e-01  -9.593766e-01  -1.114683e+00  -1.273553e+00  -1.435268e+00  -1.598968e+00  -1.763688e+00   0.000000e+00   2.503993e-01   5.009835e-01   7.518997e-01   1.003223e+00   1.254932e+00   1.254932e+00   1.003224e+00   7.519001e-01   5.009838e-01   2.503994e-01   0.000000e+00
   1.105744e+00   3.541800e+04   9.060000e+02   0.000000e+00  -1.649472e-01  -3.288745e-01  -4.908163e-01  -6.499114e-01  -8.054419e-01  -9.607320e-01  -1.116262e+00  -1.275358e+00  -1.437300e+00  -1.601227e+00  -1.766175e+00   0.000000e+00   2.505056e-01   5.011970e-01   7.522222e-01   1.003657e+00   1.255481e+00   1.255481e+00   1.003658e+00   7.522227e-01   5.011973e-01   2.505057e-01   0.000000e+00
   1.106624e+00   3.540300e+04   9.070000e+02   0.000000e+00  -1.651753e-01  -3.293302e-01  -4.914988e-01  -6.508195e-01  -8.065740e-01  -9.620874e-01  -1.117842e+00  -1.277163e+00  -1.439332e+00  -1.603487e+00  -1.768663e+00   0.000000e+00   2.506117e-01   5.014101e-01   7.525441e-01   1.004090e+00   1.256029e+00   1.256029e+00   1.004091e+00   7.525446e-01   5.014104e-01   2.506118e-01   0.000000e+00
   1.107504e+00   3.538800e+04   9.080000e+02   0.000000e+00  -1.654034e-01  -3.297859e-01  -4.921813e-01  -6.517276e-01  -8.077060e-01  -9.634428e-01  -1.119421e+00  -1.278968e+00  -1.441363e+00  -1.605746e+00  -1.771150e+00   0.000000e+00   2.507175e-01   5.016227e-01   7.528652e-01   1.004522e+00   1.256575e+00   1.256575e+00   1.004523e+00   7.528657e-01   5.016230e-01   2.507177e-01   0.000000e+00
   1.108384e+00   3.537300e+04   9.090000e+02   0.000000e+00  -1.656315e-01  -3.302416e-01  -4.928638e-01  -6.526356e-01  -8.088381e-01  -9.647983e-01  -1.121001e+00  -1.280773e+00  -1.443395e+00  -1.608006e+00  -1.773637e+00   0.000000e+00   2.508231e-01   5.018348e-01   7.531855e-01   1.004954e+00   1.257120e+00   1.257120e+00   1.004954e+00   7.531860e-01   5.018351e-01   2.508233e-01   0.000000e+00
   1.109264e+00   3.535800e+04   9.100000e+02   0.000000e+00  -1.658595e-01  -3.306973e-01  -4.935463e-01  -6.535437e-01  -8.099701e-01  -9.661537e-01  -1.122580e+00  -1.282578e+00  -1.445427e+00  -1.610265e+00  -1.776125e+00   0.000000e+00   2.509285e-01   5.020464e-01   7.535052e-01   1.005384e+00   1.257664e+00   1.257664e+00   1.005384e+00   7.535056e-01   5.020467e-01   2.509286e-01   0.000000e+00
   1.110143e+00   3.534300e+04   9.110000e+02   0.000000e+00  -1.660876e-01  -3.311530e-01  -4.942288e-01  -6.544518e-01  -8.111022e-01  -9.675092e-01  -1.124159e+00  -1.284383e+00  -1.447459e+00  -1.612525e+00  -1.778612e+00   0.000000e+00   2.510336e-01   5.022576e-01   7.538241e-01   1.005813e+00   1.258206e+00   1.258206e+00   1.005814e+00   7.538245e-01   5.022579e-01   2.510338e-01   0.000000e+00
   1.111021e+00   3.532800e+04   9.120000e+02   0.000000e+00  -1.663157e-01  -3.316087e-01  -4.949113e-01  -6.553598e-01  -8.122342e-01  -9.688646e-01  -1.125739e+00  -1.286188e+00  -1.449491e+00  -1.614784e+00  -1.781100e+00   0.000000e+00   2.511385e-01   5.024682e-01   7.541422e-01   1.006241e+00   1.258748e+00   1.258748e+00   1.006242e+00   7.541427e-01   5.024685e-01   2.511386e-01   0.000000e+00
   1.111900e+00   3.531300e+04   9.130000e+02   0.000000e+00  -1.665437e-01  -3.320644e-01  -4.955938e-01  -6.562679e-01  -8.133663e-01  -9.702201e-01  -1.127318e+00  -1.287993e+00  -1.451522e+00  -1.617043e+00  -1.783588e+00   0.000000e+00   2.512431e-01   5.026783e-01   7.544596e-01   1.006668e+00   1.259288e+00   1.259288e+00   1.006669e+00   7.544601e-01   5.026786e-01   2.512432e-01   0.000000e+00
   1.112778e+00   3.529800e+04   9.140000e+02   0.000000e+00  -1.667718e-01  -3.325201e-01  -4.962763e-01  -6.571759e-01  -8.144983e-01  -9.715755e-01  -1.128898e+00  -1.289798e+00  -1.453554e+00  -1.619303e+00  -1.786075e+00   0.000000e+00   2.513475e-01   5.028880e-01   7.547763e-01   1.007095e+00   1.259827e+00   1.259827e+00   1.007095e+00   7.547768e-01   5.028883e-01   2.513476e-01   0.000000e+00
   1.113655e+00   3.528300e+04   9.150000e+02   0.000000e+00  -1.669998e-01  -3.329758e-01  -4.969587e-01  -6.580839e-01  -8.156304e-01  -9.729310e-01  -1.130477e+00  -1.291603e+00  -1.455586e+00  -1.621562e+00  -1.788563e+00   0.000000e+00   2.514516e-01   5.030971e-01   7.550923e-01   1.007520e+00   1.260365e+00   1.260365e+00   1.007520e+00   7.550928e-01   5.030975e-01   2.514517e-01   0.000000e+00
   1.114533e+00   3.526800e+04   9.160000e+02   0.000000e+00  -1.672279e-01  -3.334314e-01  -4.976412e-01  -6.589920e-01  -8.167624e-01  -9.742864e-01  -1.132057e+00  -1.293408e+00  -1.457618e+00  -1.623822e+00  -1.791050e+00   0.000000e+00   2.515555e-01   5.033058e-01   7.554075e-01   1.007944e+00   1.260901e+00   1.260901e+00   1.007945e+00   7.554080e-01   5.033061e-01   2.515556e-01   0.000000e+00
   1.115409e+00   3.525400e+04   9.170000e+02   0.000000e+00  -1.674559e-01  -3.338871e-01  -4.983236e-01  -6.599000e-01  -8.178944e-01  -9.756419e-01  -1.133636e+00  -1.295213e+00  -1.459650e+00  -1.626081e+00  -1.793538e+00   0.000000e+00   2.516591e-01   5.035140e-01   7.557220e-01   1.008367e+00   1.261436e+00   1.261436e+00   1.008368e+00   7.557225e-01   5.035143e-01   2.516593e-01   0.000000e+00
   1.116286e+00   3.523900e+04   9.180000e+02   0.000000e+00  -1.676839e-01  -3.343427e-01  -4.990060e-01  -6.608080e-01  -8.190265e-01  -9.769974e-01  -1.135216e+00  -1.297018e+00  -1.461682e+00  -1.628341e+00  -1.796025e+00   0.000000e+00   2.517625e-01   5.037217e-01   7.560358e-01   1.008790e+00   1.261970e+00   1.261970e+00   1.008790e+00   7.560362e-01   5.037220e-01   2.517627e-01   0.000000e+00
   1.117162e+00   3.522400e+04   9.190000e+02   0.000000e+00  -1.679120e-01  -3.347984e-01  -4.996885e-01  -6.617160e-01  -8.201585e-01  -9.783528e-01  -1.136795e+00  -1.298823e+00  -1.463713e+00  -1.630600e+00  -1.798512e+00   0.000000e+00   2.518657e-01   5.039289e-01   7.563488e-01   1.009211e+00   1.262503e+00   1.262503e+00   1.009212e+00   7.563493e-01   5.039293e-01   2.518658e-01   0.000000e+00
   1.118038e+00   3.521000e+04   9.200000e+02   0.000000e+00  -1.681400e-01  -3.352540e-01  -5.003709e-01  -6.626240e-01  -8.212905e-01  -9.797083e-01  -1.138375e+00  -1.300628e+00  -1.465745e+00  -1.632860e+00  -1.801000e+00   0.000000e+00   2.519686e-01   5.041357e-01   7.566611e-01   1.009632e+00   1.263035e+00   1.263035e+00   1.009632e+00   7.566616e-01   5.041360e-01   2.519688e-01   0.000000e+00
   1.118913e+00   3.519500e+04   9.210000e+02   0.000000e+00  -1.683680e-01  -3.357096e-01  -5.010533e-01  -6.635319e-01  -8.224225e-01  -9.810638e-01  -1.139954e+00  -1.302433e+00  -1.467777e+00  -1.635119e+00  -1.803487e+00   0.000000e+00   2.520713e-01   5.043419e-01   7.569727e-01   1.010051e+00   1.263565e+00   1.263565e+00   1.010052e+00   7.569732e-01   5.043422e-01   2.520714e-01   0.000000e+00
   1.119788e+00   3.518100e+04   9.220000e+02   0.000000e+00  -1.685960e-01  -3.361652e-01  -5.017357e-01  -6.644399e-01  -8.235546e-01  -9.824193e-01  -1.141534e+00  -1.304238e+00  -1.469809e+00  -1.637379e+00  -1.805975e+00   0.000000e+00   2.521737e-01   5.045477e-01   7.572835e-01   1.010469e+00   1.264095e+00   1.264094e+00   1.010470e+00   7.572840e-01   5.045480e-01   2.521739e-01   0.000000e+00
   1.120663e+00   3.516600e+04   9.230000e+02   0.000000e+00  -1.688240e-01  -3.366208e-01  -5.024180e-01  -6.653479e-01  -8.246866e-01  -9.837748e-01  -1.143113e+00  -1.306043e+00  -1.471841e+00  -1.639638e+00  -1.808463e+00   0.000000e+00   2.522759e-01   5.047530e-01   7.575937e-01   1.010887e+00   1.264623e+00   1.264622e+00   1.010888e+00   7.575941e-01   5.047533e-01   2.522761e-01   0.000000e+00
   1.121537e+00   3.515200e+04   9.240000e+02   0.000000e+00  -1.690520e-01  -3.370764e-01  -5.031004e-01  -6.662558e-01  -8.258186e-01  -9.851302e-01  -1.144693e+00  -1.307849e+00  -1.473873e+00  -1.641898e+00  -1.810950e+00   0.000000e+00   2.523778e-01   5.049578e-01   7.579031e-01   1.011303e+00   1.265149e+00   1.265149e+00   1.011304e+00   7.579036e-01   5.049581e-01   2.523780e-01   0.000000e+00
   1.122411e+00   3.513800e+04   9.250000e+02   0.000000e+00  -1.692800e-01  -3.375320e-01  -5.037828e-01  -6.671638e-01  -8.269506e-01  -9.864857e-01  -1.146272e+00  -1.309654e+00  -1.475905e+00  -1.644157e+00  -1.813438e+00   0.000000e+00   2.524796e-01   5.051621e-01   7.582118e-01   1.011719e+00   1.265675e+00   1.265675e+00   1.011720e+00   7.582122e-01   5.051624e-01   2.524797e-01   0.000000e+00
   1.123285e+00   3.512300e+04   9.260000e+02   0.000000e+00  -1.695080e-01  -3.379876e-01  -5.044651e-01  -6.680717e-01  -8.280826e-01  -9.878412e-01  -1.147852e+00  -1.311459e+00  -1.477937e+00  -1.646417e+00  -1.815925e+00   0.000000e+00   2.525810e-01   5.053659e-01   7.585197e-01   1.012134e+00   1.266199e+00   1.266199e+00   1.012134e+00   7.585202e-01   5.053663e-01   2.525812e-01   0.000000e+00
   1.124158e+00   3.510900e+04   9.270000e+02   0.000000e+00  -1.697360e-01  -3.384432e-01  -5.051475e-01  -6.689797e-01  -8.292146e-01  -9.891967e-01  -1.149431e+00  -1.313264e+00  -1.479969e+00  -1.648676e+00  -1.818412e+00   0.000000e+00   2.526823e-01   5.055693e-01   7.588270e-01   1.012547e+00   1.266723e+00   1.266722e+00   1.012548e+00   7.588274e-01   5.055696e-01   2.526824e-01   0.000000e+00
   1.125031e+00   3.509500e+04   9.280000e+02   0.000000e+00  -1.699640e-01  -3.388988e-01  -5.058298e-01  -6.698876e-01  -8.303466e-01  -9.905522e-01  -1.151011e+00  -1.315069e+00  -1.482001e+00  -1.650936e+00  -1.820900e+00   0.000000e+00   2.527832e-01   5.057722e-01   7.591335e-01   1.012960e+00   1.267245e+00   1.267244e+00   1.012961e+00   7.591340e-01   5.057725e-01   2.527834e-01   0.000000e+00
   1.125904e+00   3.508000e+04   9.290000e+02   0.000000e+00  -1.701920e-01  -3.393543e-01  -5.065121e-01  -6.707955e-01  -8.314786e-01  -9.919077e-01  -1.152591e+00  -1.316874e+00  -1.484032e+00  -1.653195e+00  -1.823387e+00   0.000000e+00   2.528840e-01   5.059746e-01   7.594393e-01   1.013372e+00   1.267765e+00   1.267765e+00   1.013372e+00   7.594398e-01   5.059749e-01   2.528841e-01   0.000000e+00
   1.126776e+00   3.506600e+04   9.300000e+02   0.000000e+00  -1.704200e-01  -3.398099e-01  -5.071945e-01  -6.717034e-01  -8.326105e-01  -9.932632e-01  -1.154170e+00  -1.318679e+00  -1.486064e+00  -1.655455e+00  -1.825875e+00   0.000000e+00   2.529845e-01   5.061765e-01   7.597444e-01   1.013782e+00   1.268285e+00   1.268285e+00   1.013783e+00   7.597448e-01   5.061768e-01   2.529847e-01   0.000000e+00
   1.127648e+00   3.505200e+04   9.310000e+02   0.000000e+00  -1.706480e-01  -3.402654e-01  -5.078768e-01  -6.726113e-01  -8.337425e-01  -9.946188e-01  -1.155750e+00  -1.320485e+00  -1.488096e+00  -1.657714e+00  -1.828362e+00   0.000000e+00   2.530848e-01   5.063779e-01   7.600487e-01   1.014192e+00   1.268803e+00   1.268803e+00   1.014193e+00   7.600492e-01   5.063782e-01   2.530849e-01   0.000000e+00
   1.128519e+00   3.503800e+04   9.320000e+02   0.000000e+00  -1.708759e-01  -3.407210e-01  -5.085591e-01  -6.735192e-01  -8.348745e-01  -9.959743e-01  -1.157329e+00  -1.322290e+00  -1.490128e+00  -1.659974e+00  -1.830850e+00   0.000000e+00   2.531848e-01   5.065789e-01   7.603524e-01   1.014601e+00   1.269320e+00   1.269320e+00   1.014602e+00   7.603529e-01   5.065792e-01   2.531849e-01   0.000000e+00
   1.129390e+00   3.502400e+04   9.330000e+02   0.000000e+00  -1.711039e-01  -3.411765e-01  -5.092414e-01  -6.744271e-01  -8.360065e-01  -9.973298e-01  -1.158909e+00  -1.324095e+00  -1.492160e+00  -1.662233e+00  -1.833338e+00   0.000000e+00   2.532846e-01   5.067794e-01   7.606553e-01   1.015009e+00   1.269837e+00   1.269836e+00   1.015010e+00   7.606558e-01   5.067797e-01   2.532847e-01   0.000000e+00
   1.130261e+00   3.501000e+04   9.340000e+02   0.000000e+00  -1.713319e-01  -3.416320e-01  -5.099237e-01  -6.753350e-01  -8.371385e-01  -9.986853e-01  -1.160489e+00  -1.325900e+00  -1.494192e+00  -1.664493e+00  -1.835825e+00   0.000000e+00   2.533841e-01   5.069794e-01   7.609575e-01   1.015416e+00   1.270351e+00   1.270351e+00   1.015417e+00   7.609580e-01   5.069797e-01   2.533843e-01   0.000000e+00
   1.131132e+00   3.499600e+04   9.350000e+02   0.000000e+00  -1.715598e-01  -3.420875e-01  -5.106059e-01  -6.762428e-01  -8.382704e-01  -1.000041e+00  -1.162068e+00  -1.327705e+00  -1.496224e+00  -1.666752e+00  -1.838313e+00   0.000000e+00   2.534835e-01   5.071789e-01   7.612590e-01   1.015822e+00   1.270865e+00   1.270865e+00   1.015823e+00   7.612595e-01   5.071792e-01   2.534836e-01   0.000000e+00
   1.132002e+00   3.498200e+04   9.360000e+02   0.000000e+00  -1.717878e-01  -3.425430e-01  -5.112882e-01  -6.771507e-01  -8.394024e-01  -1.001396e+00  -1.163648e+00  -1.329511e+00  -1.498256e+00  -1.669012e+00  -1.840800e+00   0.000000e+00   2.535825e-01   5.073780e-01   7.615598e-01   1.016227e+00   1.271377e+00   1.271377e+00   1.016228e+00   7.615603e-01   5.073783e-01   2.535827e-01   0.000000e+00
   1.132872e+00   3.496800e+04   9.370000e+02   0.000000e+00  -1.720157e-01  -3.429985e-01  -5.119704e-01  -6.780585e-01  -8.405344e-01  -1.002752e+00  -1.165228e+00  -1.331316e+00  -1.500288e+00  -1.671271e+00  -1.843287e+00   0.000000e+00   2.536814e-01   5.075765e-01   7.618599e-01   1.016631e+00   1.271889e+00   1.271889e+00   1.016632e+00   7.618604e-01   5.075769e-01   2.536815e-01   0.000000e+00
   1.133741e+00   3.495500e+04   9.380000e+02   0.000000e+00  -1.722437e-01  -3.434540e-01  -5.126527e-01  -6.789664e-01  -8.416663e-01  -1.004107e+00  -1.166807e+00  -1.333121e+00  -1.502320e+00  -1.673531e+00  -1.845775e+00   0.000000e+00   2.537800e-01   5.077747e-01   7.621593e-01   1.017034e+00   1.272399e+00   1.272399e+00   1.017035e+00   7.621597e-01   5.077750e-01   2.537801e-01   0.000000e+00
   1.134610e+00   3.494100e+04   9.390000e+02   0.000000e+00  -1.724716e-01  -3.439095e-01  -5.133349e-01  -6.798742e-01  -8.427983e-01  -1.005463e+00  -1.168387e+00  -1.334926e+00  -1.504352e+00  -1.675791e+00  -1.848262e+00   0.000000e+00   2.538783e-01   5.079723e-01   7.624579e-01   1.017436e+00   1.272908e+00   1.272907e+00   1.017437e+00   7.624584e-01   5.079726e-01   2.538785e-01   0.000000e+00
   1.135479e+00   3.492700e+04   9.400000e+02   0.000000e+00  -1.726996e-01  -3.443650e-01  -5.140172e-01  -6.807821e-01  -8.439302e-01  -1.006819e+00  -1.169966e+00  -1.336732e+00  -1.506384e+00  -1.678050e+00  -1.850750e+00   0.000000e+00   2.539765e-01   5.081694e-01   7.627559e-01   1.017838e+00   1.273415e+00   1.273415e+00   1.017838e+00   7.627563e-01   5.081698e-01   2.539766e-01   0.000000e+00
   1.136347e+00   3.491300e+04   9.410000e+02   0.000000e+00  -1.729275e-01  -3.448204e-01  -5.146994e-01  -6.816899e-01  -8.450622e-01  -1.008174e+00  -1.171546e+00  -1.338537e+00  -1.508416e+00  -1.680310e+00  -1.853238e+00   0.000000e+00   2.540744e-01   5.083661e-01   7.630531e-01   1.018238e+00   1.273922e+00   1.273922e+00   1.018239e+00   7.630536e-01   5.083664e-01   2.540745e-01   0.000000e+00
   1.137215e+00   3.490000e+04   9.420000e+02   0.000000e+00  -1.731554e-01  -3.452759e-01  -5.153816e-01  -6.825977e-01  -8.461941e-01  -1.009530e+00  -1.173126e+00  -1.340342e+00  -1.510448e+00  -1.682569e+00  -1.855725e+00   0.000000e+00   2.541720e-01   5.085623e-01   7.633496e-01   1.018637e+00   1.274427e+00   1.274427e+00   1.018638e+00   7.633501e-01   5.085627e-01   2.541722e-01   0.000000e+00
   1.138083e+00   3.488600e+04   9.430000e+02   0.000000e+00  -1.733834e-01  -3.457314e-01  -5.160638e-01  -6.835055e-01  -8.473261e-01  -1.010885e+00  -1.174706e+00  -1.342148e+00  -1.512480e+00  -1.684829e+00  -1.858213e+00   0.000000e+00   2.542694e-01   5.087581e-01   7.636454e-01   1.019036e+00   1.274931e+00   1.274931e+00   1.019036e+00   7.636459e-01   5.087584e-01   2.542696e-01   0.000000e+00
   1.138950e+00   3.487300e+04   9.440000e+02   0.000000e+00  -1.736113e-01  -3.461868e-01  -5.167460e-01  -6.844133e-01  -8.484580e-01  -1.012241e+00  -1.176285e+00  -1.343953e+00  -1.514512e+00  -1.687088e+00  -1.860700e+00   0.000000e+00   2.543666e-01   5.089534e-01   7.639405e-01   1.019433e+00   1.275434e+00   1.275434e+00   1.019434e+00   7.639410e-01   5.089537e-01   2.543668e-01   0.000000e+00
   1.139817e+00   3.485900e+04   9.450000e+02   0.000000e+00  -1.738392e-01  -3.466423e-01  -5.174282e-01  -6.853211e-01  -8.495900e-01  -1.013596e+00  -1.177865e+00  -1.345758e+00  -1.516545e+00  -1.689348e+00  -1.863187e+00   0.000000e+00   2.544636e-01   5.091482e-01   7.642350e-01   1.019830e+00   1.275936e+00   1.275936e+00   1.019830e+00   7.642354e-01   5.091485e-01   2.544637e-01   0.000000e+00
   1.140684e+00   3.484600e+04   9.460000e+02   0.000000e+00  -1.740671e-01  -3.470977e-01  -5.181103e-01  -6.862289e-01  -8.507219e-01  -1.014952e+00  -1.179445e+00  -1.347564e+00  -1.518577e+00  -1.691608e+00  -1.865675e+00   0.000000e+00   2.545603e-01   5.093425e-01   7.645287e-01   1.020225e+00   1.276437e+00   1.276437e+00   1.020226e+00   7.645291e-01   5.093428e-01   2.545604e-01   0.000000e+00
   1.141550e+00   3.483200e+04   9.470000e+02   0.000000e+00  -1.742950e-01  -3.475531e-01  -5.187925e-01  -6.871367e-01  -8.518538e-01  -1.016307e+00  -1.181024e+00  -1.349369e+00  -1.520609e+00  -1.693867e+00  -1.868162e+00   0.000000e+00   2.546568e-01   5.095363e-01   7.648216e-01   1.020620e+00   1.276936e+00   1.276936e+00   1.020620e+00   7.648221e-01   5.095367e-01   2.546569e-01   0.000000e+00
   1.142416e+00   3.481900e+04   9.480000e+02   0.000000e+00  -1.745229e-01  -3.480085e-01  -5.194747e-01  -6.880444e-01  -8.529857e-01  -1.017663e+00  -1.182604e+00  -1.351174e+00  -1.522641e+00  -1.696127e+00  -1.870650e+00   0.000000e+00   2.547530e-01   5.097297e-01   7.651139e-01   1.021014e+00   1.277434e+00   1.277434e+00   1.021014e+00   7.651144e-01   5.097301e-01   2.547532e-01   0.000000e+00
   1.143282e+00   3.480600e+04   9.490000e+02   0.000000e+00  -1.747508e-01  -3.484639e-01  -5.201568e-01  -6.889522e-01  -8.541177e-01  -1.019019e+00  -1.184184e+00  -1.352980e+00  -1.524673e+00  -1.698386e+00  -1.873137e+00   0.000000e+00   2.548490e-01   5.099227e-01   7.654055e-01   1.021406e+00   1.277931e+00   1.277931e+00   1.021407e+00   7.654060e-01   5.099230e-01   2.548492e-01   0.000000e+00
   1.144148e+00   3.479200e+04   9.500000e+02   0.000000e+00  -1.749787e-01  -3.489193e-01  -5.208390e-01  -6.898599e-01  -8.552496e-01  -1.020374e+00  -1.185764e+00  -1.354785e+00  -1.526705e+00  -1.700646e+00  -1.875625e+00   0.000000e+00   2.549448e-01   5.101151e-01   7.656964e-01   1.021798e+00   1.278427e+00   1.278427e+00   1.021799e+00   7.656969e-01   5.101154e-01   2.549449e-01   0.000000e+00
   1.145013e+00   3.477900e+04   9.510000e+02   0.000000e+00  -1.752066e-01  -3.493747e-01  -5.215211e-01  -6.907677e-01  -8.563815e-01  -1.021730e+00  -1.187343e+00  -1.356590e+00  -1.528737e+00  -1.702906e+00  -1.878113e+00   0.000000e+00   2.550403e-01   5.103071e-01   7.659866e-01   1.022189e+00   1.278922e+00   1.278922e+00   1.022190e+00   7.659871e-01   5.103074e-01   2.550405e-01   0.000000e+00
   1.145877e+00   3.476600e+04   9.520000e+02   0.000000e+00  -1.754345e-01  -3.498301e-01  -5.222032e-01  -6.916754e-01  -8.575134e-01  -1.023085e+00  -1.188923e+00  -1.358396e+00  -1.530769e+00  -1.705165e+00  -1.880600e+00   0.000000e+00   2.551356e-01   5.104986e-01   7.662761e-01   1.022579e+00   1.279416e+00   1.279416e+00   1.022580e+00   7.662766e-01   5.104989e-01   2.551358e-01   0.000000e+00
   1.146742e+00   3.475300e+04   9.530000e+02   0.000000e+00  -1.756624e-01  -3.502855e-01  -5.228853e-01  -6.925831e-01  -8.586453e-01  -1.024441e+00  -1.190503e+00  -1.360201e+00  -1.532801e+00  -1.707425e+00  -1.883088e+00   0.000000e+00   2.552307e-01   5.106897e-01   7.665649e-01   1.022968e+00   1.279908e+00   1.279908e+00   1.022969e+00   7.665654e-01   5.106900e-01   2.552309e-01   0.000000e+00
   1.147606e+00   3.473900e+04   9.540000e+02   0.000000e+00  -1.758903e-01  -3.507409e-01  -5.235674e-01  -6.934909e-01  -8.597772e-01  -1.025796e+00  -1.192083e+00  -1.362006e+00  -1.534833e+00  -1.709684e+00  -1.885575e+00   0.000000e+00   2.553256e-01   5.108803e-01   7.668530e-01   1.023356e+00   1.280399e+00   1.280399e+00   1.023357e+00   7.668534e-01   5.108806e-01   2.553257e-01   0.000000e+00
   1.148470e+00   3.472600e+04   9.550000e+02   0.000000e+00  -1.761181e-01  -3.511962e-01  -5.242495e-01  -6.943986e-01  -8.609091e-01  -1.027152e+00  -1.193662e+00  -1.363812e+00  -1.536865e+00  -1.711944e+00  -1.888062e+00   0.000000e+00   2.554202e-01   5.110704e-01   7.671404e-01   1.023743e+00   1.280890e+00   1.280889e+00   1.023744e+00   7.671408e-01   5.110707e-01   2.554203e-01   0.000000e+00
   1.149333e+00   3.471300e+04   9.560000e+02   0.000000e+00  -1.763460e-01  -3.516516e-01  -5.249316e-01  -6.953063e-01  -8.620410e-01  -1.028508e+00  -1.195242e+00  -1.365617e+00  -1.538898e+00  -1.714204e+00  -1.890550e+00   0.000000e+00   2.555146e-01   5.112600e-01   7.674270e-01   1.024130e+00   1.281378e+00   1.281378e+00   1.024130e+00   7.674275e-01   5.112604e-01   2.555147e-01   0.000000e+00
   1.150196e+00   3.470000e+04   9.570000e+02   0.000000e+00  -1.765739e-01  -3.521069e-01  -5.256137e-01  -6.962140e-01  -8.631729e-01  -1.029863e+00  -1.196822e+00  -1.367423e+00  -1.540930e+00  -1.716463e+00  -1.893037e+00   0.000000e+00   2.556087e-01   5.114492e-01   7.677130e-01   1.024515e+00   1.281866e+00   1.281866e+00   1.024516e+00   7.677135e-01   5.114496e-01   2.556089e-01   0.000000e+00
   1.151059e+00   3.468700e+04   9.580000e+02   0.000000e+00  -1.768017e-01  -3.525623e-01  -5.262958e-01  -6.971217e-01  -8.643048e-01  -1.031219e+00  -1.198402e+00  -1.369228e+00  -1.542962e+00  -1.718723e+00  -1.895525e+00   0.000000e+00   2.557026e-01   5.116380e-01   7.679983e-01   1.024899e+00   1.282353e+00   1.282353e+00   1.024900e+00   7.679988e-01   5.116383e-01   2.557028e-01   0.000000e+00
   1.151921e+00   3.467400e+04   9.590000e+02   0.000000e+00  -1.770296e-01  -3.530176e-01  -5.269778e-01  -6.980294e-01  -8.654367e-01  -1.032574e+00  -1.199982e+00  -1.371034e+00  -1.544994e+00  -1.720983e+00  -1.898013e+00   0.000000e+00   2.557963e-01   5.118262e-01   7.682830e-01   1.025283e+00   1.282838e+00   1.282838e+00   1.025283e+00   7.682834e-01   5.118266e-01   2.557965e-01   0.000000e+00
   1.152783e+00   3.466100e+04   9.600000e+02   0.000000e+00  -1.772575e-01  -3.534730e-01  -5.276599e-01  -6.989370e-01  -8.665686e-01  -1.033930e+00  -1.201561e+00  -1.372839e+00  -1.547026e+00  -1.723242e+00  -1.900500e+00   0.000000e+00   2.558897e-01   5.120140e-01   7.685669e-01   1.025665e+00   1.283323e+00   1.283323e+00   1.025666e+00   7.685673e-01   5.120144e-01   2.558899e-01   0.000000e+00
   1.153645e+00   3.464900e+04   9.610000e+02   0.000000e+00  -1.774853e-01  -3.539283e-01  -5.283419e-01  -6.998447e-01  -8.677005e-01  -1.035286e+00  -1.203141e+00  -1.374644e+00  -1.549058e+00  -1.725502e+00  -1.902988e+00   0.000000e+00   2.559830e-01   5.122014e-01   7.688501e-01   1.026047e+00   1.283806e+00   1.283806e+00   1.026048e+00   7.688506e-01   5.122017e-01   2.559831e-01   0.000000e+00
   1.154507e+00   3.463600e+04   9.620000e+02   0.000000e+00  -1.777131e-01  -3.543836e-01  -5.290239e-01  -7.007524e-01  -8.688324e-01  -1.036641e+00  -1.204721e+00  -1.376450e+00  -1.551091e+00  -1.727761e+00  -1.905475e+00   0.000000e+00   2.560760e-01   5.123883e-01   7.691326e-01   1.026428e+00   1.284288e+00   1.284288e+00   1.026428e+00   7.691331e-01   5.123886e-01   2.560761e-01   0.000000e+00
   1.155368e+00   3.462300e+04   9.630000e+02   0.000000e+00  -1.779410e-01  -3.548389e-01  -5.297060e-01  -7.016600e-01  -8.699642e-01  -1.037997e+00  -1.206301e+00  -1.378255e+00  -1.553123e+00  -1.730021e+00  -1.907963e+00   0.000000e+00   2.561687e-01   5.125747e-01   7.694144e-01   1.026807e+00   1.284769e+00   1.284769e+00   1.026808e+00   7.694149e-01   5.125750e-01   2.561689e-01   0.000000e+00
   1.156229e+00   3.461000e+04   9.640000e+02   0.000000e+00  -1.781688e-01  -3.552942e-01  -5.303880e-01  -7.025677e-01  -8.710961e-01  -1.039353e+00  -1.207881e+00  -1.380061e+00  -1.555155e+00  -1.732281e+00  -1.910450e+00   0.000000e+00   2.562612e-01   5.127606e-01   7.696956e-01   1.027186e+00   1.285248e+00   1.285248e+00   1.027187e+00   7.696961e-01   5.127610e-01   2.562614e-01   0.000000e+00
   1.157089e+00   3.459800e+04   9.650000e+02   0.000000e+00  -1.783967e-01  -3.557495e-01  -5.310700e-01  -7.034753e-01  -8.722280e-01  -1.040708e+00  -1.209461e+00  -1.381866e+00  -1.557187e+00  -1.734540e+00  -1.912937e+00   0.000000e+00   2.563535e-01   5.129461e-01   7.699760e-01   1.027564e+00   1.285727e+00   1.285727e+00   1.027565e+00   7.699765e-01   5.129465e-01   2.563537e-01   0.000000e+00
   1.157949e+00   3.458500e+04   9.660000e+02   0.000000e+00  -1.786245e-01  -3.562048e-01  -5.317520e-01  -7.043829e-01  -8.733599e-01  -1.042064e+00  -1.211041e+00  -1.383672e+00  -1.559219e+00  -1.736800e+00  -1.915425e+00   0.000000e+00   2.564456e-01   5.131312e-01   7.702558e-01   1.027941e+00   1.286204e+00   1.286204e+00   1.027942e+00   7.702563e-01   5.131315e-01   2.564458e-01   0.000000e+00
   1.158809e+00   3.457200e+04   9.670000e+02   0.000000e+00  -1.788523e-01  -3.566600e-01  -5.324340e-01  -7.052905e-01  -8.744917e-01  -1.043419e+00  -1.212620e+00  -1.385477e+00  -1.561252e+00  -1.739060e+00  -1.917912e+00   0.000000e+00   2.565375e-01   5.133158e-01   7.705349e-01   1.028317e+00   1.286681e+00   1.286680e+00   1.028318e+00   7.705354e-01   5.133161e-01   2.565376e-01   0.000000e+00
   1.159669e+00   3.456000e+04   9.680000e+02   0.000000e+00  -1.790801e-01  -3.571153e-01  -5.331160e-01  -7.061982e-01  -8.756236e-01  -1.044775e+00  -1.214200e+00  -1.387283e+00  -1.563284e+00  -1.741319e+00  -1.920400e+00   0.000000e+00   2.566291e-01   5.134999e-01   7.708133e-01   1.028692e+00   1.287156e+00   1.287156e+00   1.028693e+00   7.708137e-01   5.135002e-01   2.566292e-01   0.000000e+00
   1.160528e+00   3.454700e+04   9.690000e+02   0.000000e+00  -1.793080e-01  -3.575706e-01  -5.337979e-01  -7.071058e-01  -8.767554e-01  -1.046131e+00  -1.215780e+00  -1.389088e+00  -1.565316e+00  -1.743579e+00  -1.922888e+00   0.000000e+00   2.567204e-01   5.136835e-01   7.710910e-01   1.029067e+00   1.287630e+00   1.287629e+00   1.029067e+00   7.710915e-01   5.136839e-01   2.567206e-01   0.000000e+00
   1.161387e+00   3.453500e+04   9.700000e+02   0.000000e+00  -1.795358e-01  -3.580258e-01  -5.344799e-01  -7.080134e-01  -8.778873e-01  -1.047486e+00  -1.217360e+00  -1.390894e+00  -1.567348e+00  -1.745839e+00  -1.925375e+00   0.000000e+00   2.568116e-01   5.138668e-01   7.713680e-01   1.029440e+00   1.288102e+00   1.288102e+00   1.029441e+00   7.713685e-01   5.138671e-01   2.568118e-01   0.000000e+00
   1.162246e+00   3.452200e+04   9.710000e+02   0.000000e+00  -1.797636e-01  -3.584811e-01  -5.351618e-01  -7.089210e-01  -8.790191e-01  -1.048842e+00  -1.218940e+00  -1.392699e+00  -1.569381e+00  -1.748099e+00  -1.927863e+00   0.000000e+00   2.569025e-01   5.140495e-01   7.716443e-01   1.029812e+00   1.288574e+00   1.288574e+00   1.029813e+00   7.716448e-01   5.140498e-01   2.569027e-01   0.000000e+00
   1.163104e+00   3.451000e+04   9.720000e+02   0.000000e+00  -1.799914e-01  -3.589363e-01  -5.358438e-01  -7.098285e-01  -8.801510e-01  -1.050198e+00  -1.220520e+00  -1.394505e+00  -1.571413e+00  -1.750358e+00  -1.930350e+00   0.000000e+00   2.569932e-01   5.142318e-01   7.719200e-01   1.030184e+00   1.289045e+00   1.289044e+00   1.030185e+00   7.719204e-01   5.142321e-01   2.569934e-01   0.000000e+00
   1.163962e+00   3.449700e+04   9.730000e+02   0.000000e+00  -1.802192e-01  -3.593916e-01  -5.365257e-01  -7.107361e-01  -8.812828e-01  -1.051553e+00  -1.222100e+00  -1.396311e+00  -1.573445e+00  -1.752618e+00  -1.932837e+00   0.000000e+00   2.570837e-01   5.144136e-01   7.721949e-01   1.030554e+00   1.289514e+00   1.289514e+00   1.030555e+00   7.721954e-01   5.144140e-01   2.570838e-01   0.000000e+00
   1.164820e+00   3.448500e+04   9.740000e+02   0.000000e+00  -1.804470e-01  -3.598468e-01  -5.372077e-01  -7.116437e-01  -8.824147e-01  -1.052909e+00  -1.223680e+00  -1.398116e+00  -1.575477e+00  -1.754878e+00  -1.935325e+00   0.000000e+00   2.571739e-01   5.145950e-01   7.724692e-01   1.030924e+00   1.289982e+00   1.289982e+00   1.030925e+00   7.724697e-01   5.145953e-01   2.571741e-01   0.000000e+00
   1.165677e+00   3.447300e+04   9.750000e+02   0.000000e+00  -1.806748e-01  -3.603020e-01  -5.378896e-01  -7.125512e-01  -8.835465e-01  -1.054265e+00  -1.225260e+00  -1.399922e+00  -1.577510e+00  -1.757137e+00  -1.937812e+00   0.000000e+00   2.572639e-01   5.147759e-01   7.727428e-01   1.031293e+00   1.290449e+00   1.290449e+00   1.031294e+00   7.727433e-01   5.147763e-01   2.572641e-01   0.000000e+00
   1.166535e+00   3.446100e+04   9.760000e+02   0.000000e+00  -1.809026e-01  -3.607572e-01  -5.385715e-01  -7.134588e-01  -8.846783e-01  -1.055620e+00  -1.226840e+00  -1.401727e+00  -1.579542e+00  -1.759397e+00  -1.940300e+00   0.000000e+00   2.573537e-01   5.149564e-01   7.730157e-01   1.031661e+00   1.290915e+00   1.290915e+00   1.031661e+00   7.730162e-01   5.149567e-01   2.573539e-01   0.000000e+00
   1.167391e+00   3.444800e+04   9.770000e+02   0.000000e+00  -1.811304e-01  -3.612124e-01  -5.392534e-01  -7.143663e-01  -8.858102e-01  -1.056976e+00  -1.228420e+00  -1.403533e+00  -1.581574e+00  -1.761657e+00  -1.942787e+00   0.000000e+00   2.574433e-01   5.151364e-01   7.732879e-01   1.032028e+00   1.291380e+00   1.291380e+00   1.032028e+00   7.732884e-01   5.151368e-01   2.574434e-01   0.000000e+00
   1.168248e+00   3.443600e+04   9.780000e+02   0.000000e+00  -1.813581e-01  -3.616676e-01  -5.399353e-01  -7.152739e-01  -8.869420e-01  -1.058332e+00  -1.229999e+00  -1.405339e+00  -1.583607e+00  -1.763916e+00  -1.945275e+00   0.000000e+00   2.575326e-01   5.153160e-01   7.735595e-01   1.032394e+00   1.291844e+00   1.291844e+00   1.032394e+00   7.735600e-01   5.153163e-01   2.575328e-01   0.000000e+00
   1.169104e+00   3.442400e+04   9.790000e+02   0.000000e+00  -1.815859e-01  -3.621228e-01  -5.406172e-01  -7.161814e-01  -8.880738e-01  -1.059687e+00  -1.231579e+00  -1.407144e+00  -1.585639e+00  -1.766176e+00  -1.947763e+00   0.000000e+00   2.576217e-01   5.154951e-01   7.738303e-01   1.032759e+00   1.292306e+00   1.292306e+00   1.032760e+00   7.738308e-01   5.154954e-01   2.576219e-01   0.000000e+00
   1.169960e+00   3.441200e+04   9.800000e+02   0.000000e+00  -1.818137e-01  -3.625780e-01  -5.412990e-01  -7.170889e-01  -8.892057e-01  -1.061043e+00  -1.233159e+00  -1.408950e+00  -1.587671e+00  -1.768436e+00  -1.950250e+00   0.000000e+00   2.577106e-01   5.156738e-01   7.741005e-01   1.033123e+00   1.292768e+00   1.292768e+00   1.033124e+00   7.741010e-01   5.156741e-01   2.577108e-01   0.000000e+00
   1.170816e+00   3.440000e+04   9.810000e+02   0.000000e+00  -1.820415e-01  -3.630332e-01  -5.419809e-01  -7.179965e-01  -8.903375e-01  -1.062399e+00  -1.234739e+00  -1.410755e+00  -1.589704e+00  -1.770696e+00  -1.952738e+00   0.000000e+00   2.577993e-01   5.158520e-01   7.743700e-01   1.033487e+00   1.293228e+00   1.293228e+00   1.033487e+00   7.743705e-01   5.158523e-01   2.577994e-01   0.000000e+00
   1.171671e+00   3.438800e+04   9.820000e+02   0.000000e+00  -1.822692e-01  -3.634883e-01  -5.426628e-01  -7.189040e-01  -8.914693e-01  -1.063754e+00  -1.236319e+00  -1.412561e+00  -1.591736e+00  -1.772955e+00  -1.955225e+00   0.000000e+00   2.578877e-01   5.160297e-01   7.746389e-01   1.033849e+00   1.293687e+00   1.293687e+00   1.033850e+00   7.746394e-01   5.160300e-01   2.578878e-01   0.000000e+00
   1.172526e+00   3.437600e+04   9.830000e+02   0.000000e+00  -1.824970e-01  -3.639435e-01  -5.433446e-01  -7.198115e-01  -8.926011e-01  -1.065110e+00  -1.237899e+00  -1.414367e+00  -1.593768e+00  -1.775215e+00  -1.957712e+00   0.000000e+00   2.579759e-01   5.162070e-01   7.749070e-01   1.034210e+00   1.294145e+00   1.294145e+00   1.034211e+00   7.749075e-01   5.162073e-01   2.579760e-01   0.000000e+00
   1.173381e+00   3.436400e+04   9.840000e+02   0.000000e+00  -1.827247e-01  -3.643986e-01  -5.440265e-01  -7.207190e-01  -8.937329e-01  -1.066466e+00  -1.239479e+00  -1.416172e+00  -1.595801e+00  -1.777475e+00  -1.960200e+00   0.000000e+00   2.580639e-01   5.163839e-01   7.751745e-01   1.034571e+00   1.294602e+00   1.294602e+00   1.034572e+00   7.751750e-01   5.163842e-01   2.580640e-01   0.000000e+00
   1.174235e+00   3.435200e+04   9.850000e+02   0.000000e+00  -1.829525e-01  -3.648538e-01  -5.447083e-01  -7.216264e-01  -8.948647e-01  -1.067821e+00  -1.241059e+00  -1.417978e+00  -1.597833e+00  -1.779735e+00  -1.962687e+00   0.000000e+00   2.581516e-01   5.165603e-01   7.754413e-01   1.034931e+00   1.295058e+00   1.295058e+00   1.034931e+00   7.754418e-01   5.165606e-01   2.581518e-01   0.000000e+00
   1.175089e+00   3.434000e+04   9.860000e+02   0.000000e+00  -1.831802e-01  -3.653089e-01  -5.453901e-01  -7.225339e-01  -8.959965e-01  -1.069177e+00  -1.242639e+00  -1.419784e+00  -1.599865e+00  -1.781994e+00  -1.965175e+00   0.000000e+00   2.582391e-01   5.167362e-01   7.757075e-01   1.035290e+00   1.295513e+00   1.295513e+00   1.035290e+00   7.757079e-01   5.167365e-01   2.582393e-01   0.000000e+00
   1.175943e+00   3.432800e+04   9.870000e+02   0.000000e+00  -1.834080e-01  -3.657641e-01  -5.460719e-01  -7.234414e-01  -8.971283e-01  -1.070533e+00  -1.244219e+00  -1.421589e+00  -1.601898e+00  -1.784254e+00  -1.967663e+00   0.000000e+00   2.583264e-01   5.169117e-01   7.759729e-01   1.035648e+00   1.295966e+00   1.295966e+00   1.035648e+00   7.759734e-01   5.169121e-01   2.583266e-01   0.000000e+00
   1.176796e+00   3.431600e+04   9.880000e+02   0.000000e+00  -1.836357e-01  -3.662192e-01  -5.467537e-01  -7.243489e-01  -8.982601e-01  -1.071888e+00  -1.245799e+00  -1.423395e+00  -1.603930e+00  -1.786514e+00  -1.970150e+00   0.000000e+00   2.584135e-01   5.170868e-01   7.762377e-01   1.036005e+00   1.296419e+00   1.296419e+00   1.036005e+00   7.762382e-01   5.170871e-01   2.584137e-01   0.000000e+00
   1.177650e+00   3.430400e+04   9.890000e+02   0.000000e+00  -1.838635e-01  -3.666743e-01  -5.474355e-01  -7.252563e-01  -8.993919e-01  -1.073244e+00  -1.247380e+00  -1.425201e+00  -1.605962e+00  -1.788774e+00  -1.972638e+00   0.000000e+00   2.585004e-01   5.172614e-01   7.765018e-01   1.036361e+00   1.296870e+00   1.296870e+00   1.036361e+00   7.765023e-01   5.172617e-01   2.585005e-01   0.000000e+00
   1.178503e+00   3.429300e+04   9.900000e+02   0.000000e+00  -1.840912e-01  -3.671294e-01  -5.481173e-01  -7.261638e-01  -9.005237e-01  -1.074600e+00  -1.248960e+00  -1.427006e+00  -1.607995e+00  -1.791033e+00  -1.975125e+00   0.000000e+00   2.585870e-01   5.174355e-01   7.767652e-01   1.036716e+00   1.297320e+00   1.297320e+00   1.036717e+00   7.767657e-01   5.174359e-01   2.585871e-01   0.000000e+00
   1.179355e+00   3.428100e+04   9.910000e+02   0.000000e+00  -1.843189e-01  -3.675845e-01  -5.487991e-01  -7.270712e-01  -9.016555e-01  -1.075956e+00  -1.250540e+00  -1.428812e+00  -1.610027e+00  -1.793293e+00  -1.977612e+00   0.000000e+00   2.586734e-01   5.176093e-01   7.770280e-01   1.037070e+00   1.297769e+00   1.297769e+00   1.037071e+00   7.770285e-01   5.176096e-01   2.586735e-01   0.000000e+00
   1.180208e+00   3.426900e+04   9.920000e+02   0.000000e+00  -1.845466e-01  -3.680396e-01  -5.494809e-01  -7.279786e-01  -9.027873e-01  -1.077311e+00  -1.252120e+00  -1.430618e+00  -1.612060e+00  -1.795553e+00  -1.980100e+00   0.000000e+00   2.587596e-01   5.177825e-01   7.772901e-01   1.037424e+00   1.298217e+00   1.298217e+00   1.037424e+00   7.772906e-01   5.177828e-01   2.587597e-01   0.000000e+00
   1.181060e+00   3.425800e+04   9.930000e+02   0.000000e+00  -1.847744e-01  -3.684947e-01  -5.501627e-01  -7.288861e-01  -9.039190e-01  -1.078667e+00  -1.253700e+00  -1.432424e+00  -1.614092e+00  -1.797813e+00  -1.982587e+00   0.000000e+00   2.588455e-01   5.179553e-01   7.775515e-01   1.037776e+00   1.298664e+00   1.298664e+00   1.037777e+00   7.775520e-01   5.179557e-01   2.588457e-01   0.000000e+00
   1.181912e+00   3.424600e+04   9.940000e+02   0.000000e+00  -1.850021e-01  -3.689498e-01  -5.508444e-01  -7.297935e-01  -9.050508e-01  -1.080023e+00  -1.255280e+00  -1.434229e+00  -1.616124e+00  -1.800072e+00  -1.985075e+00   0.000000e+00   2.589313e-01   5.181277e-01   7.778123e-01   1.038128e+00   1.299110e+00   1.299110e+00   1.038129e+00   7.778128e-01   5.181280e-01   2.589314e-01   0.000000e+00
   1.182763e+00   3.423500e+04   9.950000e+02   0.000000e+00  -1.852298e-01  -3.694049e-01  -5.515262e-01  -7.307009e-01  -9.061826e-01  -1.081378e+00  -1.256860e+00  -1.436035e+00  -1.618157e+00  -1.802332e+00  -1.987562e+00   0.000000e+00   2.590168e-01   5.182996e-01   7.780724e-01   1.038479e+00   1.299554e+00   1.299554e+00   1.038479e+00   7.780729e-01   5.182999e-01   2.590169e-01   0.000000e+00
   1.183614e+00   3.422300e+04   9.960000e+02   0.000000e+00  -1.854575e-01  -3.698599e-01  -5.522079e-01  -7.316083e-01  -9.073144e-01  -1.082734e+00  -1.258440e+00  -1.437841e+00  -1.620189e+00  -1.804592e+00  -1.990050e+00   0.000000e+00   2.591021e-01   5.184711e-01   7.783318e-01   1.038829e+00   1.299998e+00   1.299998e+00   1.038829e+00   7.783323e-01   5.184714e-01   2.591022e-01   0.000000e+00
   1.184465e+00   3.421200e+04   9.970000e+02   0.000000e+00  -1.856852e-01  -3.703150e-01  -5.528896e-01  -7.325157e-01  -9.084461e-01  -1.084090e+00  -1.260020e+00  -1.439647e+00  -1.622222e+00  -1.806852e+00  -1.992538e+00   0.000000e+00   2.591871e-01   5.186421e-01   7.785906e-01   1.039178e+00   1.300440e+00   1.300440e+00   1.039178e+00   7.785910e-01   5.186425e-01   2.591873e-01   0.000000e+00
   1.185316e+00   3.420000e+04   9.980000e+02   0.000000e+00  -1.859129e-01  -3.707700e-01  -5.535714e-01  -7.334231e-01  -9.095779e-01  -1.085446e+00  -1.261600e+00  -1.441452e+00  -1.624254e+00  -1.809112e+00  -1.995025e+00   0.000000e+00   2.592720e-01   5.188127e-01   7.788486e-01   1.039526e+00   1.300882e+00   1.300881e+00   1.039526e+00   7.788491e-01   5.188130e-01   2.592721e-01   0.000000e+00
   1.186166e+00   3.418900e+04   9.990000e+02   0.000000e+00  -1.861406e-01  -3.712251e-01  -5.542531e-01  -7.343305e-01  -9.107096e-01  -1.086801e+00  -1.263180e+00  -1.443258e+00  -1.626287e+00  -1.811371e+00  -1.997513e+00   0.000000e+00   2.593566e-01   5.189829e-01   7.791061e-01   1.039873e+00   1.301322e+00   1.301322e+00   1.039874e+00   7.791066e-01   5.189832e-01   2.593568e-01   0.000000e+00
