   3.732513e-04   2.053700e+04   0.000000e+00   0.000000e+00  -6.048883e-06  -1.161313e-05  -1.636218e-05  -2.022442e-05  -2.340939e-05  -2.634187e-05  -2.952683e-05  -3.338906e-05  -3.813811e-05  -4.370236e-05  -4.975124e-05   0.000000e+00   1.046038e-04   2.007314e-04   2.805944e-04   3.377243e-04   3.674945e-04   3.674944e-04   3.377243e-04   2.805944e-04   2.007314e-04   1.046038e-04   0.000000e+00
   7.508845e-04   4.080200e+04   1.000000e+00   0.000000e+00  -1.213437e-05  -2.328784e-05  -3.279138e-05  -4.050000e-05  -4.683784e-05  -5.266466e-05  -5.900249e-05  -6.671111e-05  -7.621465e-05  -8.736812e-05  -9.950249e-05   0.000000e+00   2.104345e-04   4.038170e-04   5.644801e-04   6.794102e-04   7.393001e-04   7.393000e-04   6.794103e-04   5.644801e-04   4.038170e-04   2.104345e-04   0.000000e+00
   1.132822e-03   6.079100e+04   2.000000e+00   0.000000e+00  -1.825678e-05  -3.502468e-05  -4.928817e-05  -6.082719e-05  -7.028554e-05  -7.896822e-05  -8.842654e-05  -9.996556e-05  -1.142291e-04  -1.309969e-04  -1.492537e-04   0.000000e+00   3.174700e-04   6.092150e-04   8.515985e-04   1.024987e-03   1.115340e-03   1.115340e-03   1.024987e-03   8.515985e-04   6.092150e-04   3.174700e-04   0.000000e+00
   1.518980e-03   8.050200e+04   3.000000e+00   0.000000e+00  -2.441642e-05  -4.682415e-05  -6.585312e-05  -8.120642e-05  -9.375264e-05  -1.052524e-04  -1.177986e-04  -1.331519e-04  -1.521808e-04  -1.745886e-04  -1.990050e-04   0.000000e+00   4.256871e-04   8.168806e-04   1.141887e-03   1.374380e-03   1.495533e-03   1.495532e-03   1.374380e-03   1.141887e-03   8.168806e-04   4.256871e-04   0.000000e+00
   1.909270e-03   9.993300e+04   4.000000e+00   0.000000e+00  -3.061355e-05  -5.868669e-05  -8.248669e-05  -1.016380e-04  -1.172393e-04  -1.315170e-04  -1.471182e-04  -1.662695e-04  -1.900695e-04  -2.181427e-04  -2.487562e-04   0.000000e+00   5.350607e-04   1.026766e-03   1.435278e-03   1.727508e-03   1.879789e-03   1.879789e-03   1.727508e-03   1.435278e-03   1.026766e-03   5.350607e-04   0.000000e+00
   2.303597e-03   1.190800e+05   5.000000e+00   0.000000e+00  -3.684838e-05  -7.061267e-05  -9.918928e-05  -1.221224e-04  -1.407455e-04  -1.577620e-04  -1.763851e-04  -1.993182e-04  -2.278948e-04  -2.616591e-04  -2.985075e-04   0.000000e+00   6.455640e-04   1.238819e-03   1.731700e-03   2.084285e-03   2.268016e-03   2.268016e-03   2.084285e-03   1.731700e-03   1.238819e-03   6.455640e-04   0.000000e+00
   2.701860e-03   1.379500e+05   6.000000e+00   0.000000e+00  -4.312111e-05  -8.260240e-05  -1.159613e-04  -1.426597e-04  -1.642716e-04  -1.839872e-04  -2.055990e-04  -2.322975e-04  -2.656563e-04  -3.051376e-04  -3.482587e-04   0.000000e+00   7.571690e-04   1.452986e-03   2.031079e-03   2.444619e-03   2.660116e-03   2.660115e-03   2.444619e-03   2.031079e-03   1.452986e-03   7.571690e-04   0.000000e+00
   3.103954e-03   1.565300e+05   7.000000e+00   0.000000e+00  -4.943188e-05  -9.465614e-05  -1.328029e-04  -1.632501e-04  -1.878174e-04  -2.101926e-04  -2.347598e-04  -2.652071e-04  -3.033538e-04  -3.485781e-04  -3.980100e-04   0.000000e+00   8.698462e-04   1.669211e-03   2.333333e-03   2.808416e-03   3.055983e-03   3.055983e-03   2.808416e-03   2.333333e-03   1.669211e-03   8.698462e-04   0.000000e+00
   3.509769e-03   1.748300e+05   8.000000e+00   0.000000e+00  -5.578080e-05  -1.067741e-04  -1.497143e-04  -1.838939e-04  -2.113831e-04  -2.363781e-04  -2.638673e-04  -2.980469e-04  -3.409871e-04  -3.919804e-04  -4.477612e-04   0.000000e+00   9.835644e-04   1.887434e-03   2.638381e-03   3.175576e-03   3.455510e-03   3.455509e-03   3.175576e-03   2.638381e-03   1.887434e-03   9.835644e-04   0.000000e+00
   3.919191e-03   1.928400e+05   9.000000e+00   0.000000e+00  -6.216795e-05  -1.189563e-04  -1.666958e-04  -2.045912e-04  -2.349688e-04  -2.625438e-04  -2.929213e-04  -3.308167e-04  -3.785561e-04  -4.353445e-04  -4.975124e-04   0.000000e+00   1.098292e-03   2.107594e-03   2.946137e-03   3.545995e-03   3.858583e-03   3.858582e-03   3.545995e-03   2.946137e-03   2.107594e-03   1.098292e-03   0.000000e+00
   4.332100e-03   2.105600e+05   1.000000e+01   0.000000e+00  -6.859335e-05  -1.312029e-04  -1.837473e-04  -2.253419e-04  -2.585744e-04  -2.886894e-04  -3.219218e-04  -3.635164e-04  -4.160608e-04  -4.786703e-04  -5.472637e-04   0.000000e+00   1.213994e-03   2.329626e-03   3.256510e-03   3.919565e-03   4.265085e-03   4.265084e-03   3.919565e-03   3.256510e-03   2.329626e-03   1.213994e-03   0.000000e+00
   4.748374e-03   2.279900e+05   1.100000e+01   0.000000e+00  -7.505702e-05  -1.435139e-04  -2.008688e-04  -2.461461e-04  -2.821999e-04  -3.148152e-04  -3.508689e-04  -3.961461e-04  -4.535010e-04  -5.219579e-04  -5.970149e-04   0.000000e+00   1.330638e-03   2.553464e-03   3.569409e-03   4.296175e-03   4.674896e-03   4.674895e-03   4.296175e-03   3.569409e-03   2.553464e-03   1.330639e-03   0.000000e+00
   5.167887e-03   2.451400e+05   1.200000e+01   0.000000e+00  -8.155889e-05  -1.558892e-04  -2.180603e-04  -2.670037e-04  -3.058453e-04  -3.409210e-04  -3.797625e-04  -4.287059e-04  -4.908770e-04  -5.652073e-04  -6.467662e-04   0.000000e+00   1.448189e-03   2.779041e-03   3.884739e-03   4.675712e-03   5.087892e-03   5.087891e-03   4.675712e-03   3.884739e-03   2.779041e-03   1.448189e-03   0.000000e+00
   5.590512e-03   2.620100e+05   1.300000e+01   0.000000e+00  -8.809890e-05  -1.683286e-04  -2.353216e-04  -2.879146e-04  -3.295106e-04  -3.670070e-04  -4.086028e-04  -4.611959e-04  -5.281888e-04  -6.084185e-04  -6.965174e-04   0.000000e+00   1.566609e-03   3.006288e-03   4.202403e-03   5.058059e-03   5.503946e-03   5.503945e-03   5.058059e-03   4.202403e-03   3.006288e-03   1.566609e-03   0.000000e+00
   6.016115e-03   2.785800e+05   1.400000e+01   0.000000e+00  -9.467692e-05  -1.808320e-04  -2.526524e-04  -3.088786e-04  -3.531957e-04  -3.930731e-04  -4.373901e-04  -4.936162e-04  -5.654367e-04  -6.515917e-04  -7.462687e-04   0.000000e+00   1.685861e-03   3.235134e-03   4.522302e-03   5.443097e-03   5.922929e-03   5.922928e-03   5.443097e-03   4.522302e-03   3.235134e-03   1.685862e-03   0.000000e+00
   6.444565e-03   2.948800e+05   1.500000e+01   0.000000e+00  -1.012928e-04  -1.933990e-04  -2.700526e-04  -3.298956e-04  -3.769005e-04  -4.191195e-04  -4.661243e-04  -5.259673e-04  -6.026209e-04  -6.947271e-04  -7.960199e-04   0.000000e+00   1.805910e-03   3.465506e-03   4.844337e-03   5.830705e-03   6.344709e-03   6.344708e-03   5.830705e-03   4.844337e-03   3.465506e-03   1.805910e-03   0.000000e+00
   6.875726e-03   3.108900e+05   1.600000e+01   0.000000e+00  -1.079464e-04  -2.060295e-04  -2.875218e-04  -3.509652e-04  -4.006250e-04  -4.451463e-04  -4.948060e-04  -5.582493e-04  -6.397416e-04  -7.378248e-04  -8.457711e-04   0.000000e+00   1.926716e-03   3.697333e-03   5.168405e-03   6.220761e-03   6.769153e-03   6.769152e-03   6.220761e-03   5.168405e-03   3.697333e-03   1.926716e-03   0.000000e+00
   7.309462e-03   3.266200e+05   1.700000e+01   0.000000e+00  -1.146374e-04  -2.187230e-04  -3.050595e-04  -3.720871e-04  -4.243689e-04  -4.711536e-04  -5.234352e-04  -5.904629e-04  -6.767994e-04  -7.808850e-04  -8.955224e-04   0.000000e+00   2.048242e-03   3.930541e-03   5.494404e-03   6.613143e-03   7.196127e-03   7.196126e-03   6.613143e-03   5.494404e-03   3.930541e-03   2.048242e-03   0.000000e+00
   7.745636e-03   3.420600e+05   1.800000e+01   0.000000e+00  -1.213656e-04  -2.314790e-04  -3.226654e-04  -3.932611e-04  -4.481323e-04  -4.971415e-04  -5.520125e-04  -6.226083e-04  -7.137946e-04  -8.239081e-04  -9.452736e-04   0.000000e+00   2.170449e-03   4.165057e-03   5.822232e-03   7.007725e-03   7.625497e-03   7.625496e-03   7.007725e-03   5.822232e-03   4.165057e-03   2.170449e-03   0.000000e+00
   8.184111e-03   3.572400e+05   1.900000e+01   0.000000e+00  -1.281307e-04  -2.442972e-04  -3.403387e-04  -4.144866e-04  -4.719149e-04  -5.231101e-04  -5.805382e-04  -6.546861e-04  -7.507277e-04  -8.668942e-04  -9.950249e-04   0.000000e+00   2.293299e-03   4.400805e-03   6.151783e-03   7.404383e-03   8.057126e-03   8.057125e-03   7.404383e-03   6.151784e-03   4.400805e-03   2.293299e-03   0.000000e+00
   8.624748e-03   3.721300e+05   2.000000e+01   0.000000e+00  -1.349324e-04  -2.571769e-04  -3.580791e-04  -4.357633e-04  -4.957166e-04  -5.490597e-04  -6.090128e-04  -6.866970e-04  -7.875993e-04  -9.098438e-04  -1.044776e-03   0.000000e+00   2.416752e-03   4.637713e-03   6.482956e-03   7.802993e-03   8.490879e-03   8.490878e-03   7.802993e-03   6.482956e-03   4.637713e-03   2.416752e-03   0.000000e+00
   9.067411e-03   3.867500e+05   2.100000e+01   0.000000e+00  -1.417703e-04  -2.701176e-04  -3.758859e-04  -4.570907e-04  -5.195371e-04  -5.749904e-04  -6.374366e-04  -7.186415e-04  -8.244098e-04  -9.527571e-04  -1.094527e-03   0.000000e+00   2.540771e-03   4.875707e-03   6.815647e-03   8.203431e-03   8.926622e-03   8.926621e-03   8.203431e-03   6.815647e-03   4.875707e-03   2.540771e-03   0.000000e+00
   9.511964e-03   4.011000e+05   2.200000e+01   0.000000e+00  -1.486441e-04  -2.831186e-04  -3.937583e-04  -4.784682e-04  -5.433763e-04  -6.009025e-04  -6.658104e-04  -7.505203e-04  -8.611600e-04  -9.956345e-04  -1.144279e-03   0.000000e+00   2.665317e-03   5.114712e-03   7.149753e-03   8.605572e-03   9.364218e-03   9.364217e-03   8.605572e-03   7.149753e-03   5.114712e-03   2.665317e-03   0.000000e+00
   9.958270e-03   4.151900e+05   2.300000e+01   0.000000e+00  -1.555534e-04  -2.961794e-04  -4.116957e-04  -4.998953e-04  -5.672341e-04  -6.267960e-04  -6.941345e-04  -7.823342e-04  -8.978505e-04  -1.038476e-03  -1.194030e-03   0.000000e+00   2.790353e-03   5.354656e-03   7.485171e-03   9.009294e-03   9.803536e-03   9.803535e-03   9.009294e-03   7.485171e-03   5.354656e-03   2.790353e-03   0.000000e+00
   1.040620e-02   4.290100e+05   2.400000e+01   0.000000e+00  -1.624978e-04  -3.092991e-04  -4.296972e-04  -5.213715e-04  -5.911101e-04  -6.526712e-04  -7.224096e-04  -8.140839e-04  -9.344820e-04  -1.081283e-03  -1.243781e-03   0.000000e+00   2.915839e-03   5.595467e-03   7.821802e-03   9.414476e-03   1.024444e-02   1.024444e-02   9.414476e-03   7.821802e-03   5.595467e-03   2.915839e-03   0.000000e+00
   1.085561e-02   4.425600e+05   2.500000e+01   0.000000e+00  -1.694767e-04  -3.224771e-04  -4.477622e-04  -5.428960e-04  -6.150041e-04  -6.785284e-04  -7.506364e-04  -8.457702e-04  -9.710553e-04  -1.124056e-03  -1.293532e-03   0.000000e+00   3.041740e-03   5.837073e-03   8.159546e-03   9.820998e-03   1.068681e-02   1.068681e-02   9.820998e-03   8.159546e-03   5.837073e-03   3.041740e-03   0.000000e+00
   1.130638e-02   4.558600e+05   2.600000e+01   0.000000e+00  -1.764899e-04  -3.357125e-04  -4.658897e-04  -5.644682e-04  -6.389159e-04  -7.043679e-04  -7.788154e-04  -8.773939e-04  -1.007571e-03  -1.166794e-03  -1.343284e-03   0.000000e+00   3.168019e-03   6.079405e-03   8.498304e-03   1.022874e-02   1.113050e-02   1.113050e-02   1.022874e-02   8.498304e-03   6.079405e-03   3.168019e-03   0.000000e+00
   1.175838e-02   4.689100e+05   2.700000e+01   0.000000e+00  -1.835367e-04  -3.490046e-04  -4.840788e-04  -5.860876e-04  -6.628453e-04  -7.301897e-04  -8.069473e-04  -9.089560e-04  -1.044030e-03  -1.209498e-03  -1.393035e-03   0.000000e+00   3.294640e-03   6.322393e-03   8.837980e-03   1.063759e-02   1.157540e-02   1.157540e-02   1.063759e-02   8.837980e-03   6.322393e-03   3.294640e-03   0.000000e+00
   1.221148e-02   4.817000e+05   2.800000e+01   0.000000e+00  -1.906167e-04  -3.623525e-04  -5.023287e-04  -6.077533e-04  -6.867920e-04  -7.559943e-04  -8.350328e-04  -9.404574e-04  -1.080434e-03  -1.252169e-03  -1.442786e-03   0.000000e+00   3.421567e-03   6.565970e-03   9.178480e-03   1.104743e-02   1.202138e-02   1.202138e-02   1.104743e-02   9.178480e-03   6.565970e-03   3.421567e-03   0.000000e+00
   1.266556e-02   4.942500e+05   2.900000e+01   0.000000e+00  -1.977293e-04  -3.757555e-04  -5.206384e-04  -6.294647e-04  -7.107557e-04  -7.817818e-04  -8.630726e-04  -9.718989e-04  -1.116782e-03  -1.294808e-03  -1.492537e-03   0.000000e+00   3.548766e-03   6.810068e-03   9.519711e-03   1.145815e-02   1.246832e-02   1.246831e-02   1.145815e-02   9.519711e-03   6.810068e-03   3.548766e-03   0.000000e+00
   1.312050e-02   5.065500e+05   3.000000e+01   0.000000e+00  -2.048741e-04  -3.892125e-04  -5.390070e-04  -6.512211e-04  -7.347362e-04  -8.075526e-04  -8.910675e-04  -1.003282e-03  -1.153076e-03  -1.337414e-03  -1.542289e-03   0.000000e+00   3.676204e-03   7.054625e-03   9.861581e-03   1.186965e-02   1.291609e-02   1.291609e-02   1.186965e-02   9.861581e-03   7.054625e-03   3.676204e-03   0.000000e+00
   1.357618e-02   5.186100e+05   3.100000e+01   0.000000e+00  -2.120506e-04  -4.027227e-04  -5.574335e-04  -6.730216e-04  -7.587332e-04  -8.333069e-04  -9.190182e-04  -1.034606e-03  -1.189317e-03  -1.379989e-03  -1.592040e-03   0.000000e+00   3.803847e-03   7.299576e-03   1.020400e-02   1.228181e-02   1.336459e-02   1.336459e-02   1.228181e-02   1.020400e-02   7.299576e-03   3.803847e-03   0.000000e+00
   1.403249e-02   5.304400e+05   3.200000e+01   0.000000e+00  -2.192581e-04  -4.162852e-04  -5.759169e-04  -6.948656e-04  -7.827463e-04  -8.590450e-04  -9.469254e-04  -1.065874e-03  -1.225506e-03  -1.422533e-03  -1.641791e-03   0.000000e+00   3.931663e-03   7.544860e-03   1.054689e-02   1.269453e-02   1.381371e-02   1.381370e-02   1.269453e-02   1.054689e-02   7.544860e-03   3.931663e-03   0.000000e+00
   1.448931e-02   5.420300e+05   3.300000e+01   0.000000e+00  -2.264961e-04  -4.298991e-04  -5.944562e-04  -7.167523e-04  -8.067754e-04  -8.847672e-04  -9.747899e-04  -1.097086e-03  -1.261643e-03  -1.465046e-03  -1.691542e-03   0.000000e+00   4.059621e-03   7.790418e-03   1.089017e-02   1.310771e-02   1.426332e-02   1.426332e-02   1.310771e-02   1.089017e-02   7.790418e-03   4.059621e-03   0.000000e+00
   1.494655e-02   5.534000e+05   3.400000e+01   0.000000e+00  -2.337642e-04  -4.435634e-04  -6.130504e-04  -7.386810e-04  -8.308200e-04  -9.104738e-04  -1.002613e-03  -1.128243e-03  -1.297730e-03  -1.507529e-03  -1.741294e-03   0.000000e+00   4.187692e-03   8.036191e-03   1.123374e-02   1.352126e-02   1.471333e-02   1.471333e-02   1.352126e-02   1.123374e-02   8.036191e-03   4.187692e-03   0.000000e+00
   1.540409e-02   5.645500e+05   3.500000e+01   0.000000e+00  -2.410616e-04  -4.572772e-04  -6.316984e-04  -7.606507e-04  -8.548801e-04  -9.361650e-04  -1.030394e-03  -1.159346e-03  -1.333768e-03  -1.549983e-03  -1.791045e-03   0.000000e+00   4.315846e-03   8.282125e-03   1.157754e-02   1.393507e-02   1.516364e-02   1.516364e-02   1.393507e-02   1.157754e-02   8.282125e-03   4.315846e-03   0.000000e+00
   1.586184e-02   5.754700e+05   3.600000e+01   0.000000e+00  -2.483879e-04  -4.710396e-04  -6.503993e-04  -7.826608e-04  -8.789551e-04  -9.618412e-04  -1.058135e-03  -1.190397e-03  -1.369756e-03  -1.592408e-03  -1.840796e-03   0.000000e+00   4.444055e-03   8.528164e-03   1.192149e-02   1.434907e-02   1.561415e-02   1.561415e-02   1.434907e-02   1.192149e-02   8.528164e-03   4.444055e-03   0.000000e+00
   1.631970e-02   5.861800e+05   3.700000e+01   0.000000e+00  -2.557425e-04  -4.848496e-04  -6.691520e-04  -8.047104e-04  -9.030449e-04  -9.875026e-04  -1.085837e-03  -1.221395e-03  -1.405698e-03  -1.634805e-03  -1.890547e-03   0.000000e+00   4.572292e-03   8.774257e-03   1.226551e-02   1.476316e-02   1.606475e-02   1.606475e-02   1.476316e-02   1.226551e-02   8.774257e-03   4.572292e-03   0.000000e+00
   1.677757e-02   5.966800e+05   3.800000e+01   0.000000e+00  -2.631248e-04  -4.987062e-04  -6.879554e-04  -8.267988e-04  -9.271492e-04  -1.013150e-03  -1.113500e-03  -1.252343e-03  -1.441592e-03  -1.677174e-03  -1.940299e-03   0.000000e+00   4.700531e-03   9.020354e-03   1.260954e-02   1.517726e-02   1.651537e-02   1.651536e-02   1.517726e-02   1.260954e-02   9.020354e-03   4.700531e-03   0.000000e+00
   1.723537e-02   6.069700e+05   3.900000e+01   0.000000e+00  -2.705343e-04  -5.126085e-04  -7.068086e-04  -8.489252e-04  -9.512676e-04  -1.038782e-03  -1.141125e-03  -1.283241e-03  -1.477441e-03  -1.719515e-03  -1.990050e-03   0.000000e+00   4.828746e-03   9.266406e-03   1.295351e-02   1.559128e-02   1.696590e-02   1.696590e-02   1.559128e-02   1.295351e-02   9.266406e-03   4.828746e-03   0.000000e+00
   1.769301e-02   6.170600e+05   4.000000e+01   0.000000e+00  -2.779703e-04  -5.265555e-04  -7.257104e-04  -8.710887e-04  -9.753998e-04  -1.064401e-03  -1.168712e-03  -1.314091e-03  -1.513245e-03  -1.761831e-03  -2.039801e-03   0.000000e+00   4.956914e-03   9.512368e-03   1.329735e-02   1.600515e-02   1.741627e-02   1.741627e-02   1.600515e-02   1.329735e-02   9.512368e-03   4.956914e-03   0.000000e+00
   1.815041e-02   6.269600e+05   4.100000e+01   0.000000e+00  -2.854324e-04  -5.405464e-04  -7.446600e-04  -8.932887e-04  -9.995457e-04  -1.090007e-03  -1.196264e-03  -1.344892e-03  -1.549006e-03  -1.804120e-03  -2.089552e-03   0.000000e+00   5.085011e-03   9.758194e-03   1.364100e-02   1.641880e-02   1.786640e-02   1.786640e-02   1.641880e-02   1.364100e-02   9.758194e-03   5.085011e-03   0.000000e+00
   1.860748e-02   6.366500e+05   4.200000e+01   0.000000e+00  -2.929200e-04  -5.545801e-04  -7.636562e-04  -9.155242e-04  -1.023705e-03  -1.115599e-03  -1.223779e-03  -1.375647e-03  -1.584723e-03  -1.846384e-03  -2.139303e-03   0.000000e+00   5.213015e-03   1.000384e-02   1.398441e-02   1.683215e-02   1.831620e-02   1.831620e-02   1.683215e-02   1.398441e-02   1.000384e-02   5.213015e-03   0.000000e+00
   1.906416e-02   6.461600e+05   4.300000e+01   0.000000e+00  -3.004325e-04  -5.686558e-04  -7.826980e-04  -9.377946e-04  -1.047877e-03  -1.141178e-03  -1.251260e-03  -1.406357e-03  -1.620399e-03  -1.888622e-03  -2.189055e-03   0.000000e+00   5.340906e-03   1.024927e-02   1.432751e-02   1.724514e-02   1.876561e-02   1.876561e-02   1.724514e-02   1.432751e-02   1.024927e-02   5.340906e-03   0.000000e+00
   1.952037e-02   6.554800e+05   4.400000e+01   0.000000e+00  -3.079693e-04  -5.827724e-04  -8.017844e-04  -9.600991e-04  -1.072062e-03  -1.166745e-03  -1.278707e-03  -1.437022e-03  -1.656034e-03  -1.930837e-03  -2.238806e-03   0.000000e+00   5.468662e-03   1.049445e-02   1.467026e-02   1.765769e-02   1.921455e-02   1.921455e-02   1.765769e-02   1.467026e-02   1.049445e-02   5.468662e-03   0.000000e+00
   1.997605e-02   6.646200e+05   4.500000e+01   0.000000e+00  -3.155300e-04  -5.969292e-04  -8.209145e-04  -9.824370e-04  -1.096259e-03  -1.192299e-03  -1.306120e-03  -1.467643e-03  -1.691628e-03  -1.973027e-03  -2.288557e-03   0.000000e+00   5.596266e-03   1.073933e-02   1.501259e-02   1.806976e-02   1.966295e-02   1.966295e-02   1.806976e-02   1.501259e-02   1.073933e-02   5.596266e-03   0.000000e+00
   2.043112e-02   6.735800e+05   4.600000e+01   0.000000e+00  -3.231140e-04  -6.111252e-04  -8.400873e-04  -1.004807e-03  -1.120468e-03  -1.217840e-03  -1.333501e-03  -1.498221e-03  -1.727183e-03  -2.015194e-03  -2.338308e-03   0.000000e+00   5.723698e-03   1.098388e-02   1.535447e-02   1.848127e-02   2.011076e-02   2.011076e-02   1.848127e-02   1.535447e-02   1.098388e-02   5.723698e-03   0.000000e+00
   2.088553e-02   6.823700e+05   4.700000e+01   0.000000e+00  -3.307208e-04  -6.253594e-04  -8.593017e-04  -1.027210e-03  -1.144690e-03  -1.243370e-03  -1.360850e-03  -1.528758e-03  -1.762700e-03  -2.057339e-03  -2.388060e-03   0.000000e+00   5.850942e-03   1.122807e-02   1.569584e-02   1.889218e-02   2.055791e-02   2.055790e-02   1.889218e-02   1.569584e-02   1.122807e-02   5.850942e-03   0.000000e+00
   2.133922e-02   6.909800e+05   4.800000e+01   0.000000e+00  -3.383497e-04  -6.396311e-04  -8.785568e-04  -1.049643e-03  -1.168922e-03  -1.268889e-03  -1.388168e-03  -1.559254e-03  -1.798180e-03  -2.099461e-03  -2.437811e-03   0.000000e+00   5.977981e-03   1.147187e-02   1.603666e-02   1.930242e-02   2.100434e-02   2.100433e-02   1.930242e-02   1.603666e-02   1.147187e-02   5.977981e-03   0.000000e+00
   2.179213e-02   6.994300e+05   4.900000e+01   0.000000e+00  -3.460004e-04  -6.539394e-04  -8.978518e-04  -1.072107e-03  -1.193167e-03  -1.294396e-03  -1.415456e-03  -1.589710e-03  -1.833623e-03  -2.141562e-03  -2.487562e-03   0.000000e+00   6.104799e-03   1.171525e-02   1.637690e-02   1.971196e-02   2.144999e-02   2.144999e-02   1.971196e-02   1.637690e-02   1.171525e-02   6.104799e-03   0.000000e+00
   2.224421e-02   7.077200e+05   5.000000e+01   0.000000e+00  -3.536724e-04  -6.682833e-04  -9.171856e-04  -1.094600e-03  -1.217422e-03  -1.319892e-03  -1.442713e-03  -1.620128e-03  -1.869030e-03  -2.183641e-03  -2.537313e-03   0.000000e+00   6.231381e-03   1.195817e-02   1.671650e-02   2.012074e-02   2.189483e-02   2.189483e-02   2.012074e-02   1.671650e-02   1.195817e-02   6.231381e-03   0.000000e+00
   2.269541e-02   7.158500e+05   5.100000e+01   0.000000e+00  -3.613650e-04  -6.826621e-04  -9.365573e-04  -1.117122e-03  -1.241688e-03  -1.345377e-03  -1.469942e-03  -1.650507e-03  -1.904403e-03  -2.225700e-03  -2.587065e-03   0.000000e+00   6.357715e-03   1.220062e-02   1.705544e-02   2.052872e-02   2.233879e-02   2.233879e-02   2.052872e-02   1.705544e-02   1.220062e-02   6.357715e-03   0.000000e+00
   2.314568e-02   7.238300e+05   5.200000e+01   0.000000e+00  -3.690779e-04  -6.970750e-04  -9.559661e-04  -1.139673e-03  -1.265964e-03  -1.370852e-03  -1.497143e-03  -1.680850e-03  -1.939741e-03  -2.267738e-03  -2.636816e-03   0.000000e+00   6.483786e-03   1.244256e-02   1.739367e-02   2.093585e-02   2.278183e-02   2.278183e-02   2.093585e-02   1.739367e-02   1.244256e-02   6.483786e-03   0.000000e+00
   2.359498e-02   7.316500e+05   5.300000e+01   0.000000e+00  -3.768105e-04  -7.115211e-04  -9.754111e-04  -1.162251e-03  -1.290251e-03  -1.396316e-03  -1.524316e-03  -1.711156e-03  -1.975046e-03  -2.309757e-03  -2.686567e-03   0.000000e+00   6.609583e-03   1.268398e-02   1.773117e-02   2.134210e-02   2.322392e-02   2.322391e-02   2.134210e-02   1.773117e-02   1.268398e-02   6.609583e-03   0.000000e+00
   2.404328e-02   7.393200e+05   5.400000e+01   0.000000e+00  -3.845624e-04  -7.259996e-04  -9.948913e-04  -1.184856e-03  -1.314548e-03  -1.421771e-03  -1.551462e-03  -1.741427e-03  -2.010319e-03  -2.351756e-03  -2.736318e-03   0.000000e+00   6.735094e-03   1.292485e-02   1.806790e-02   2.174743e-02   2.366500e-02   2.366499e-02   2.174743e-02   1.806790e-02   1.292485e-02   6.735094e-03   0.000000e+00
   2.449052e-02   7.468500e+05   5.500000e+01   0.000000e+00  -3.923332e-04  -7.405098e-04  -1.014406e-03  -1.207488e-03  -1.338855e-03  -1.447215e-03  -1.578582e-03  -1.771664e-03  -2.045560e-03  -2.393736e-03  -2.786070e-03   0.000000e+00   6.860308e-03   1.316515e-02   1.840384e-02   2.215180e-02   2.410504e-02   2.410503e-02   2.215180e-02   1.840384e-02   1.316515e-02   6.860308e-03   0.000000e+00
   2.493668e-02   7.542400e+05   5.600000e+01   0.000000e+00  -4.001222e-04  -7.550509e-04  -1.033954e-03  -1.230145e-03  -1.363171e-03  -1.472650e-03  -1.605676e-03  -1.801866e-03  -2.080770e-03  -2.435699e-03  -2.835821e-03   0.000000e+00   6.985215e-03   1.340486e-02   1.873896e-02   2.255518e-02   2.454400e-02   2.454400e-02   2.255518e-02   1.873896e-02   1.340486e-02   6.985215e-03   0.000000e+00
   2.538171e-02   7.614900e+05   5.700000e+01   0.000000e+00  -4.079292e-04  -7.696221e-04  -1.053536e-03  -1.252827e-03  -1.387497e-03  -1.498076e-03  -1.632745e-03  -1.832037e-03  -2.115950e-03  -2.477643e-03  -2.885572e-03   0.000000e+00   7.109805e-03   1.364396e-02   1.907322e-02   2.295754e-02   2.498186e-02   2.498185e-02   2.295754e-02   1.907322e-02   1.364396e-02   7.109805e-03   0.000000e+00
   2.582560e-02   7.686100e+05   5.800000e+01   0.000000e+00  -4.157537e-04  -7.842228e-04  -1.073149e-03  -1.275534e-03  -1.411832e-03  -1.523492e-03  -1.659789e-03  -1.862175e-03  -2.151101e-03  -2.519570e-03  -2.935323e-03   0.000000e+00   7.234070e-03   1.388244e-02   1.940662e-02   2.335886e-02   2.541857e-02   2.541857e-02   2.335886e-02   1.940662e-02   1.388244e-02   7.234070e-03   0.000000e+00
   2.626830e-02   7.755900e+05   5.900000e+01   0.000000e+00  -4.235953e-04  -7.988522e-04  -1.092793e-03  -1.298265e-03  -1.436175e-03  -1.548900e-03  -1.686810e-03  -1.892281e-03  -2.186222e-03  -2.561479e-03  -2.985075e-03   0.000000e+00   7.358001e-03   1.412028e-02   1.973912e-02   2.375910e-02   2.585412e-02   2.585411e-02   2.375910e-02   1.973912e-02   1.412028e-02   7.358001e-03   0.000000e+00
   2.670980e-02   7.824500e+05   6.000000e+01   0.000000e+00  -4.314535e-04  -8.135096e-04  -1.112468e-03  -1.321019e-03  -1.460528e-03  -1.574298e-03  -1.713807e-03  -1.922358e-03  -2.221316e-03  -2.603372e-03  -3.034826e-03   0.000000e+00   7.481591e-03   1.435746e-02   2.007071e-02   2.415824e-02   2.628847e-02   2.628846e-02   2.415824e-02   2.007071e-02   1.435746e-02   7.481591e-03   0.000000e+00
   2.715006e-02   7.891800e+05   6.100000e+01   0.000000e+00  -4.393279e-04  -8.281943e-04  -1.132173e-03  -1.343795e-03  -1.484889e-03  -1.599689e-03  -1.740782e-03  -1.952404e-03  -2.256383e-03  -2.645249e-03  -3.084577e-03   0.000000e+00   7.604832e-03   1.459398e-02   2.040136e-02   2.455625e-02   2.672159e-02   2.672159e-02   2.455625e-02   2.040136e-02   1.459398e-02   7.604832e-03   0.000000e+00
   2.758906e-02   7.957900e+05   6.200000e+01   0.000000e+00  -4.472182e-04  -8.429057e-04  -1.151907e-03  -1.366594e-03  -1.509258e-03  -1.625071e-03  -1.767734e-03  -1.982422e-03  -2.291423e-03  -2.687110e-03  -3.134328e-03   0.000000e+00   7.727718e-03   1.482982e-02   2.073107e-02   2.495313e-02   2.715348e-02   2.715347e-02   2.495313e-02   2.073107e-02   1.482982e-02   7.727718e-03   0.000000e+00
   2.802678e-02   8.022800e+05   6.300000e+01   0.000000e+00  -4.551240e-04  -8.576431e-04  -1.171669e-03  -1.389415e-03  -1.533635e-03  -1.650445e-03  -1.794665e-03  -2.012411e-03  -2.326436e-03  -2.728956e-03  -3.184080e-03   0.000000e+00   7.850244e-03   1.506496e-02   2.105980e-02   2.534884e-02   2.758410e-02   2.758409e-02   2.534884e-02   2.105980e-02   1.506496e-02   7.850244e-03   0.000000e+00
   2.846321e-02   8.086500e+05   6.400000e+01   0.000000e+00  -4.630448e-04  -8.724059e-04  -1.191458e-03  -1.412256e-03  -1.558020e-03  -1.675811e-03  -1.821575e-03  -2.042372e-03  -2.361425e-03  -2.770786e-03  -3.233831e-03   0.000000e+00   7.972403e-03   1.529940e-02   2.138756e-02   2.574337e-02   2.801343e-02   2.801343e-02   2.574337e-02   2.138756e-02   1.529940e-02   7.972403e-03   0.000000e+00
   2.889832e-02   8.149100e+05   6.500000e+01   0.000000e+00  -4.709803e-04  -8.871935e-04  -1.211275e-03  -1.435118e-03  -1.582413e-03  -1.701170e-03  -1.848464e-03  -2.072307e-03  -2.396389e-03  -2.812602e-03  -3.283582e-03   0.000000e+00   8.094190e-03   1.553313e-02   2.171432e-02   2.613670e-02   2.844147e-02   2.844146e-02   2.613670e-02   2.171432e-02   1.553313e-02   8.094190e-03   0.000000e+00
   2.933210e-02   8.210600e+05   6.600000e+01   0.000000e+00  -4.789302e-04  -9.020052e-04  -1.231118e-03  -1.458000e-03  -1.606813e-03  -1.726521e-03  -1.875333e-03  -2.102215e-03  -2.431328e-03  -2.854403e-03  -3.333333e-03   0.000000e+00   8.215601e-03   1.576613e-02   2.204007e-02   2.652882e-02   2.886818e-02   2.886817e-02   2.652882e-02   2.204007e-02   1.576613e-02   8.215601e-03   0.000000e+00
   2.976452e-02   8.271000e+05   6.700000e+01   0.000000e+00  -4.868941e-04  -9.168405e-04  -1.250987e-03  -1.480902e-03  -1.631220e-03  -1.751865e-03  -1.902182e-03  -2.132098e-03  -2.466244e-03  -2.896190e-03  -3.383085e-03   0.000000e+00   8.336632e-03   1.599841e-02   2.236480e-02   2.691971e-02   2.929356e-02   2.929355e-02   2.691971e-02   2.236480e-02   1.599841e-02   8.336632e-03   0.000000e+00
   3.019559e-02   8.330400e+05   6.800000e+01   0.000000e+00  -4.948717e-04  -9.316988e-04  -1.270880e-03  -1.503823e-03  -1.655635e-03  -1.777201e-03  -1.929013e-03  -2.161956e-03  -2.501137e-03  -2.937964e-03  -3.432836e-03   0.000000e+00   8.457278e-03   1.622995e-02   2.268850e-02   2.730937e-02   2.971759e-02   2.971759e-02   2.730937e-02   2.268850e-02   1.622995e-02   8.457278e-03   0.000000e+00
   3.062528e-02   8.388700e+05   6.900000e+01   0.000000e+00  -5.028626e-04  -9.465796e-04  -1.290798e-03  -1.526763e-03  -1.680057e-03  -1.802531e-03  -1.955824e-03  -2.191789e-03  -2.536008e-03  -2.979724e-03  -3.482587e-03   0.000000e+00   8.577537e-03   1.646075e-02   2.301116e-02   2.769777e-02   3.014027e-02   3.014026e-02   2.769777e-02   2.301116e-02   1.646075e-02   8.577537e-03   0.000000e+00
   3.105358e-02   8.446000e+05   7.000000e+01   0.000000e+00  -5.108666e-04  -9.614822e-04  -1.310740e-03  -1.549721e-03  -1.704485e-03  -1.827854e-03  -1.982618e-03  -2.221598e-03  -2.570856e-03  -3.021472e-03  -3.532338e-03   0.000000e+00   8.697405e-03   1.669079e-02   2.333278e-02   2.808492e-02   3.056157e-02   3.056156e-02   2.808492e-02   2.333278e-02   1.669079e-02   8.697405e-03   0.000000e+00
   3.148049e-02   8.502300e+05   7.100000e+01   0.000000e+00  -5.188832e-04  -9.764062e-04  -1.330705e-03  -1.572696e-03  -1.728920e-03  -1.853170e-03  -2.009393e-03  -2.251384e-03  -2.605683e-03  -3.063206e-03  -3.582090e-03   0.000000e+00   8.816880e-03   1.692009e-02   2.365334e-02   2.847080e-02   3.098149e-02   3.098149e-02   2.847080e-02   2.365334e-02   1.692009e-02   8.816880e-03   0.000000e+00
   3.190600e-02   8.557700e+05   7.200000e+01   0.000000e+00  -5.269122e-04  -9.913511e-04  -1.350693e-03  -1.595689e-03  -1.753361e-03  -1.878480e-03  -2.036152e-03  -2.281148e-03  -2.640490e-03  -3.104929e-03  -3.631841e-03   0.000000e+00   8.935958e-03   1.714862e-02   2.397284e-02   2.885540e-02   3.140003e-02   3.140003e-02   2.885540e-02   2.397284e-02   1.714862e-02   8.935958e-03   0.000000e+00
   3.233010e-02   8.612100e+05   7.300000e+01   0.000000e+00  -5.349533e-04  -1.006316e-03  -1.370703e-03  -1.618699e-03  -1.777809e-03  -1.903783e-03  -2.062893e-03  -2.310889e-03  -2.675276e-03  -3.146639e-03  -3.681592e-03   0.000000e+00   9.054639e-03   1.737639e-02   2.429128e-02   2.923872e-02   3.181717e-02   3.181717e-02   2.923872e-02   2.429128e-02   1.737639e-02   9.054639e-03   0.000000e+00
   3.275277e-02   8.665600e+05   7.400000e+01   0.000000e+00  -5.430062e-04  -1.021301e-03  -1.390735e-03  -1.641725e-03  -1.802263e-03  -1.929081e-03  -2.089618e-03  -2.340608e-03  -2.710042e-03  -3.188337e-03  -3.731343e-03   0.000000e+00   9.172920e-03   1.760339e-02   2.460864e-02   2.962075e-02   3.223291e-02   3.223291e-02   2.962075e-02   2.460864e-02   1.760339e-02   9.172920e-03   0.000000e+00
   3.317403e-02   8.718200e+05   7.500000e+01   0.000000e+00  -5.510706e-04  -1.036306e-03  -1.410788e-03  -1.664768e-03  -1.826723e-03  -1.954372e-03  -2.116327e-03  -2.370307e-03  -2.744789e-03  -3.230024e-03  -3.781095e-03   0.000000e+00   9.290800e-03   1.782962e-02   2.492493e-02   3.000149e-02   3.264724e-02   3.264724e-02   3.000149e-02   2.492493e-02   1.782962e-02   9.290800e-03   0.000000e+00
   3.359386e-02   8.769900e+05   7.600000e+01   0.000000e+00  -5.591462e-04  -1.051329e-03  -1.430861e-03  -1.687826e-03  -1.851189e-03  -1.979657e-03  -2.143020e-03  -2.399985e-03  -2.779517e-03  -3.271700e-03  -3.830846e-03   0.000000e+00   9.408277e-03   1.805508e-02   2.524014e-02   3.038093e-02   3.306017e-02   3.306016e-02   3.038093e-02   2.524014e-02   1.805508e-02   9.408277e-03   0.000000e+00
   3.401225e-02   8.820800e+05   7.700000e+01   0.000000e+00  -5.672329e-04  -1.066371e-03  -1.450954e-03  -1.710899e-03  -1.875660e-03  -2.004937e-03  -2.169698e-03  -2.429643e-03  -2.814226e-03  -3.313364e-03  -3.880597e-03   0.000000e+00   9.525351e-03   1.827977e-02   2.555427e-02   3.075907e-02   3.347167e-02   3.347167e-02   3.075907e-02   2.555427e-02   1.827977e-02   9.525350e-03   0.000000e+00
   3.442921e-02   8.870800e+05   7.800000e+01   0.000000e+00  -5.753302e-04  -1.081431e-03  -1.471068e-03  -1.733988e-03  -1.900138e-03  -2.030211e-03  -2.196360e-03  -2.459281e-03  -2.848917e-03  -3.355018e-03  -3.930348e-03   0.000000e+00   9.642020e-03   1.850368e-02   2.586732e-02   3.113591e-02   3.388176e-02   3.388176e-02   3.113591e-02   2.586732e-02   1.850368e-02   9.642020e-03   0.000000e+00
   3.484474e-02   8.920100e+05   7.900000e+01   0.000000e+00  -5.834380e-04  -1.096508e-03  -1.491200e-03  -1.757091e-03  -1.924620e-03  -2.055480e-03  -2.223009e-03  -2.488900e-03  -2.883591e-03  -3.396662e-03  -3.980099e-03   0.000000e+00   9.758285e-03   1.872682e-02   2.617928e-02   3.151144e-02   3.429043e-02   3.429043e-02   3.151144e-02   2.617928e-02   1.872682e-02   9.758285e-03   0.000000e+00
   3.525883e-02   8.968500e+05   8.000000e+01   0.000000e+00  -5.915560e-04  -1.111603e-03  -1.511351e-03  -1.780208e-03  -1.949108e-03  -2.080743e-03  -2.249642e-03  -2.518500e-03  -2.918248e-03  -3.438295e-03  -4.029851e-03   0.000000e+00   9.874144e-03   1.894918e-02   2.649015e-02   3.188566e-02   3.469768e-02   3.469768e-02   3.188566e-02   2.649015e-02   1.894918e-02   9.874144e-03   0.000000e+00
   3.567148e-02   9.016200e+05   8.100000e+01   0.000000e+00  -5.996840e-04  -1.126714e-03  -1.531520e-03  -1.803340e-03  -1.973601e-03  -2.106001e-03  -2.276262e-03  -2.548082e-03  -2.952888e-03  -3.479918e-03  -4.079602e-03   0.000000e+00   9.989598e-03   1.917076e-02   2.679994e-02   3.225858e-02   3.510351e-02   3.510351e-02   3.225858e-02   2.679994e-02   1.917076e-02   9.989598e-03   0.000000e+00
   3.608269e-02   9.063100e+05   8.200000e+01   0.000000e+00  -6.078217e-04  -1.141842e-03  -1.551707e-03  -1.826485e-03  -1.998099e-03  -2.131254e-03  -2.302868e-03  -2.577646e-03  -2.987511e-03  -3.521532e-03  -4.129353e-03   0.000000e+00   1.010465e-02   1.939156e-02   2.710865e-02   3.263020e-02   3.550792e-02   3.550792e-02   3.263020e-02   2.710865e-02   1.939156e-02   1.010465e-02   0.000000e+00
   3.649247e-02   9.109200e+05   8.300000e+01   0.000000e+00  -6.159689e-04  -1.156986e-03  -1.571911e-03  -1.849643e-03  -2.022603e-03  -2.156502e-03  -2.329461e-03  -2.607193e-03  -3.022118e-03  -3.563136e-03  -4.179104e-03   0.000000e+00   1.021929e-02   1.961159e-02   2.741627e-02   3.300051e-02   3.591091e-02   3.591090e-02   3.300051e-02   2.741627e-02   1.961159e-02   1.021929e-02   0.000000e+00
   3.690081e-02   9.154600e+05   8.400000e+01   0.000000e+00  -6.241254e-04  -1.172146e-03  -1.592133e-03  -1.872815e-03  -2.047111e-03  -2.181746e-03  -2.356041e-03  -2.636723e-03  -3.056710e-03  -3.604730e-03  -4.228856e-03   0.000000e+00   1.033353e-02   1.983084e-02   2.772280e-02   3.336951e-02   3.631248e-02   3.631247e-02   3.336951e-02   2.772280e-02   1.983084e-02   1.033353e-02   0.000000e+00
   3.730772e-02   9.199400e+05   8.500000e+01   0.000000e+00  -6.322909e-04  -1.187320e-03  -1.612371e-03  -1.895999e-03  -2.071623e-03  -2.206984e-03  -2.382608e-03  -2.666236e-03  -3.091287e-03  -3.646316e-03  -4.278607e-03   0.000000e+00   1.044737e-02   2.004931e-02   2.802825e-02   3.373721e-02   3.671263e-02   3.671262e-02   3.373721e-02   2.802825e-02   2.004931e-02   1.044737e-02   0.000000e+00
   3.771319e-02   9.243400e+05   8.600000e+01   0.000000e+00  -6.404654e-04  -1.202510e-03  -1.632625e-03  -1.919195e-03  -2.096141e-03  -2.232218e-03  -2.409163e-03  -2.695733e-03  -3.125848e-03  -3.687893e-03  -4.328358e-03   0.000000e+00   1.056080e-02   2.026701e-02   2.833262e-02   3.410361e-02   3.711137e-02   3.711136e-02   3.410361e-02   2.833262e-02   2.026701e-02   1.056080e-02   0.000000e+00
   3.811724e-02   9.286700e+05   8.700000e+01   0.000000e+00  -6.486484e-04  -1.217714e-03  -1.652896e-03  -1.942404e-03  -2.120663e-03  -2.257447e-03  -2.435706e-03  -2.725214e-03  -3.160395e-03  -3.729461e-03  -4.378109e-03   0.000000e+00   1.067383e-02   2.048394e-02   2.863591e-02   3.446871e-02   3.750869e-02   3.750869e-02   3.446871e-02   2.863591e-02   2.048394e-02   1.067383e-02   0.000000e+00
   3.851986e-02   9.329400e+05   8.800000e+01   0.000000e+00  -6.568400e-04  -1.232933e-03  -1.673181e-03  -1.965624e-03  -2.145189e-03  -2.282672e-03  -2.462237e-03  -2.754679e-03  -3.194928e-03  -3.771021e-03  -4.427861e-03   0.000000e+00   1.078645e-02   2.070010e-02   2.893813e-02   3.483252e-02   3.790461e-02   3.790460e-02   3.483252e-02   2.893813e-02   2.070010e-02   1.078645e-02   0.000000e+00
   3.892106e-02   9.371500e+05   8.900000e+01   0.000000e+00  -6.650398e-04  -1.248165e-03  -1.693482e-03  -1.988856e-03  -2.169720e-03  -2.307893e-03  -2.488756e-03  -2.784130e-03  -3.229447e-03  -3.812572e-03  -4.477612e-03   0.000000e+00   1.089868e-02   2.091549e-02   2.923927e-02   3.519504e-02   3.829912e-02   3.829911e-02   3.519504e-02   2.923927e-02   2.091549e-02   1.089868e-02   0.000000e+00
   3.932085e-02   9.412900e+05   9.000000e+01   0.000000e+00  -6.732476e-04  -1.263411e-03  -1.713798e-03  -2.012099e-03  -2.194254e-03  -2.333109e-03  -2.515264e-03  -2.813565e-03  -3.263952e-03  -3.854116e-03  -4.527363e-03   0.000000e+00   1.101051e-02   2.113012e-02   2.953934e-02   3.555627e-02   3.869223e-02   3.869223e-02   3.555627e-02   2.953934e-02   2.113012e-02   1.101051e-02   0.000000e+00
   3.971922e-02   9.453600e+05   9.100000e+01   0.000000e+00  -6.814634e-04  -1.278670e-03  -1.734128e-03  -2.035354e-03  -2.218793e-03  -2.358322e-03  -2.541761e-03  -2.842986e-03  -3.298444e-03  -3.895651e-03  -4.577114e-03   0.000000e+00   1.112194e-02   2.134398e-02   2.983834e-02   3.591621e-02   3.908395e-02   3.908394e-02   3.591621e-02   2.983834e-02   2.134398e-02   1.112194e-02   0.000000e+00
   4.011618e-02   9.493800e+05   9.200000e+01   0.000000e+00  -6.896869e-04  -1.293942e-03  -1.754472e-03  -2.058619e-03  -2.243336e-03  -2.383530e-03  -2.568247e-03  -2.872393e-03  -3.332923e-03  -3.937179e-03  -4.626866e-03   0.000000e+00   1.123297e-02   2.155707e-02   3.013629e-02   3.627488e-02   3.947427e-02   3.947426e-02   3.627488e-02   3.013629e-02   2.155707e-02   1.123297e-02   0.000000e+00
   4.051174e-02   9.533400e+05   9.300000e+01   0.000000e+00  -6.979179e-04  -1.309227e-03  -1.774831e-03  -2.081895e-03  -2.267883e-03  -2.408734e-03  -2.594722e-03  -2.901786e-03  -3.367390e-03  -3.978699e-03  -4.676617e-03   0.000000e+00   1.134361e-02   2.176942e-02   3.043317e-02   3.663227e-02   3.986321e-02   3.986320e-02   3.663227e-02   3.043317e-02   2.176942e-02   1.134361e-02   0.000000e+00
   4.090590e-02   9.572400e+05   9.400000e+01   0.000000e+00  -7.061563e-04  -1.324525e-03  -1.795202e-03  -2.105181e-03  -2.292434e-03  -2.433935e-03  -2.621187e-03  -2.931166e-03  -3.401844e-03  -4.020212e-03  -4.726368e-03   0.000000e+00   1.145385e-02   2.198100e-02   3.072899e-02   3.698839e-02   4.025076e-02   4.025075e-02   3.698839e-02   3.072899e-02   2.198100e-02   1.145385e-02   0.000000e+00
   4.129867e-02   9.610800e+05   9.500000e+01   0.000000e+00  -7.144020e-04  -1.339834e-03  -1.815587e-03  -2.128477e-03  -2.316989e-03  -2.459131e-03  -2.647642e-03  -2.960532e-03  -3.436285e-03  -4.061717e-03  -4.776119e-03   0.000000e+00   1.156370e-02   2.219183e-02   3.102377e-02   3.734325e-02   4.063694e-02   4.063693e-02   3.734325e-02   3.102377e-02   2.219183e-02   1.156370e-02   0.000000e+00
   4.169005e-02   9.648700e+05   9.600000e+01   0.000000e+00  -7.226546e-04  -1.355155e-03  -1.835985e-03  -2.151783e-03  -2.341547e-03  -2.484324e-03  -2.674088e-03  -2.989886e-03  -3.470715e-03  -4.103216e-03  -4.825871e-03   0.000000e+00   1.167316e-02   2.240192e-02   3.131749e-02   3.769684e-02   4.102175e-02   4.102174e-02   3.769684e-02   3.131749e-02   2.240192e-02   1.167316e-02   0.000000e+00
   4.208006e-02   9.686100e+05   9.700000e+01   0.000000e+00  -7.309142e-04  -1.370488e-03  -1.856395e-03  -2.175099e-03  -2.366109e-03  -2.509514e-03  -2.700523e-03  -3.019226e-03  -3.505133e-03  -4.144708e-03  -4.875622e-03   0.000000e+00   1.178223e-02   2.261125e-02   3.161018e-02   3.804919e-02   4.140520e-02   4.140519e-02   3.804919e-02   3.161018e-02   2.261125e-02   1.178223e-02   0.000000e+00
   4.246869e-02   9.722900e+05   9.800000e+01   0.000000e+00  -7.391805e-04  -1.385833e-03  -1.876818e-03  -2.198424e-03  -2.390674e-03  -2.534699e-03  -2.726949e-03  -3.048555e-03  -3.539540e-03  -4.186193e-03  -4.925373e-03   0.000000e+00   1.189092e-02   2.281985e-02   3.190183e-02   3.840029e-02   4.178729e-02   4.178728e-02   3.840029e-02   3.190183e-02   2.281985e-02   1.189092e-02   0.000000e+00
   4.285595e-02   9.759200e+05   9.900000e+01   0.000000e+00  -7.474534e-04  -1.401188e-03  -1.897253e-03  -2.221758e-03  -2.415243e-03  -2.559882e-03  -2.753366e-03  -3.077871e-03  -3.573936e-03  -4.227671e-03  -4.975124e-03   0.000000e+00   1.199922e-02   2.302771e-02   3.219244e-02   3.875014e-02   4.216803e-02   4.216802e-02   3.875014e-02   3.219244e-02   2.302771e-02   1.199922e-02   0.000000e+00
   4.324186e-02   9.794900e+05   1.000000e+02   0.000000e+00  -7.557327e-04  -1.416554e-03  -1.917700e-03  -2.245102e-03  -2.439815e-03  -2.585061e-03  -2.779774e-03  -3.107176e-03  -3.608321e-03  -4.269143e-03  -5.024876e-03   0.000000e+00   1.210713e-02   2.323483e-02   3.248203e-02   3.909876e-02   4.254742e-02   4.254742e-02   3.909876e-02   3.248203e-02   2.323483e-02   1.210713e-02   0.000000e+00
   4.362641e-02   9.830200e+05   1.010000e+02   0.000000e+00  -7.640184e-04  -1.431931e-03  -1.938158e-03  -2.268454e-03  -2.464391e-03  -2.610237e-03  -2.806173e-03  -3.136469e-03  -3.642695e-03  -4.310608e-03  -5.074627e-03   0.000000e+00   1.221467e-02   2.344122e-02   3.277060e-02   3.944615e-02   4.292548e-02   4.292547e-02   3.944615e-02   3.277060e-02   2.344122e-02   1.221467e-02   0.000000e+00
   4.400961e-02   9.865000e+05   1.020000e+02   0.000000e+00  -7.723103e-04  -1.447319e-03  -1.958628e-03  -2.291815e-03  -2.488969e-03  -2.635409e-03  -2.832563e-03  -3.165750e-03  -3.677059e-03  -4.352068e-03  -5.124378e-03   0.000000e+00   1.232182e-02   2.364688e-02   3.305815e-02   3.979232e-02   4.330221e-02   4.330220e-02   3.979232e-02   3.305815e-02   2.364688e-02   1.232182e-02   0.000000e+00
   4.439148e-02   9.899300e+05   1.030000e+02   0.000000e+00  -7.806082e-04  -1.462716e-03  -1.979109e-03  -2.315185e-03  -2.513551e-03  -2.660578e-03  -2.858945e-03  -3.195021e-03  -3.711413e-03  -4.393521e-03  -5.174129e-03   0.000000e+00   1.242860e-02   2.385182e-02   3.334469e-02   4.013727e-02   4.367761e-02   4.367761e-02   4.013727e-02   3.334469e-02   2.385182e-02   1.242860e-02   0.000000e+00
   4.477201e-02   9.933200e+05   1.040000e+02   0.000000e+00  -7.889120e-04  -1.478124e-03  -1.999600e-03  -2.338562e-03  -2.538136e-03  -2.685745e-03  -2.885318e-03  -3.224280e-03  -3.745757e-03  -4.434969e-03  -5.223881e-03   0.000000e+00   1.253500e-02   2.405604e-02   3.363023e-02   4.048102e-02   4.405170e-02   4.405170e-02   4.048102e-02   3.363023e-02   2.405604e-02   1.253500e-02   0.000000e+00
   4.515123e-02   9.966500e+05   1.050000e+02   0.000000e+00  -7.972216e-04  -1.493541e-03  -2.020103e-03  -2.361948e-03  -2.562724e-03  -2.710908e-03  -2.911684e-03  -3.253529e-03  -3.780091e-03  -4.476410e-03  -5.273632e-03   0.000000e+00   1.264103e-02   2.425954e-02   3.391476e-02   4.082356e-02   4.442449e-02   4.442448e-02   4.082356e-02   3.391476e-02   2.425954e-02   1.264103e-02   0.000000e+00
   4.552912e-02   9.999500e+05   1.060000e+02   0.000000e+00  -8.055369e-04  -1.508968e-03  -2.040615e-03  -2.385342e-03  -2.587315e-03  -2.736068e-03  -2.938041e-03  -3.282768e-03  -3.814415e-03  -4.517846e-03  -5.323383e-03   0.000000e+00   1.274669e-02   2.446234e-02   3.419831e-02   4.116490e-02   4.479597e-02   4.479596e-02   4.116490e-02   3.419831e-02   2.446234e-02   1.274669e-02   0.000000e+00
   4.590571e-02   1.003200e+06   1.070000e+02   0.000000e+00  -8.138577e-04  -1.524404e-03  -2.061138e-03  -2.408744e-03  -2.611909e-03  -2.761226e-03  -2.964391e-03  -3.311996e-03  -3.848730e-03  -4.559277e-03  -5.373134e-03   0.000000e+00   1.285198e-02   2.466442e-02   3.448086e-02   4.150506e-02   4.516616e-02   4.516615e-02   4.150506e-02   3.448086e-02   2.466442e-02   1.285198e-02   0.000000e+00
   4.628100e-02   1.006400e+06   1.080000e+02   0.000000e+00  -8.221839e-04  -1.539849e-03  -2.081671e-03  -2.432153e-03  -2.636506e-03  -2.786380e-03  -2.990733e-03  -3.341215e-03  -3.883036e-03  -4.600702e-03  -5.422886e-03   0.000000e+00   1.295691e-02   2.486580e-02   3.476243e-02   4.184403e-02   4.553506e-02   4.553505e-02   4.184403e-02   3.476243e-02   2.486580e-02   1.295691e-02   0.000000e+00
   4.665499e-02   1.009600e+06   1.090000e+02   0.000000e+00  -8.305155e-04  -1.555303e-03  -2.102214e-03  -2.455570e-03  -2.661106e-03  -2.811532e-03  -3.017067e-03  -3.370423e-03  -3.917333e-03  -4.642121e-03  -5.472637e-03   0.000000e+00   1.306147e-02   2.506649e-02   3.504303e-02   4.218183e-02   4.590269e-02   4.590268e-02   4.218183e-02   3.504303e-02   2.506649e-02   1.306147e-02   0.000000e+00
   4.702770e-02   1.012700e+06   1.100000e+02   0.000000e+00  -8.388523e-04  -1.570767e-03  -2.122766e-03  -2.478994e-03  -2.685708e-03  -2.836681e-03  -3.043394e-03  -3.399622e-03  -3.951622e-03  -4.683536e-03  -5.522388e-03   0.000000e+00   1.316566e-02   2.526648e-02   3.532265e-02   4.251847e-02   4.626904e-02   4.626904e-02   4.251847e-02   3.532265e-02   2.526648e-02   1.316566e-02   0.000000e+00
   4.739913e-02   1.015800e+06   1.110000e+02   0.000000e+00  -8.471942e-04  -1.586238e-03  -2.143327e-03  -2.502425e-03  -2.710313e-03  -2.861827e-03  -3.069714e-03  -3.428812e-03  -3.985901e-03  -4.724945e-03  -5.572139e-03   0.000000e+00   1.326950e-02   2.546578e-02   3.560132e-02   4.285394e-02   4.663414e-02   4.663413e-02   4.285394e-02   3.560132e-02   2.546578e-02   1.326950e-02   0.000000e+00
   4.776930e-02   1.018800e+06   1.120000e+02   0.000000e+00  -8.555412e-04  -1.601718e-03  -2.163898e-03  -2.525863e-03  -2.734920e-03  -2.886971e-03  -3.096027e-03  -3.457992e-03  -4.020172e-03  -4.766349e-03  -5.621891e-03   0.000000e+00   1.337298e-02   2.566439e-02   3.587902e-02   4.318826e-02   4.699798e-02   4.699797e-02   4.318826e-02   3.587902e-02   2.566439e-02   1.337298e-02   0.000000e+00
   4.813820e-02   1.021800e+06   1.130000e+02   0.000000e+00  -8.638930e-04  -1.617207e-03  -2.184478e-03  -2.549308e-03  -2.759530e-03  -2.912112e-03  -3.122333e-03  -3.487164e-03  -4.054435e-03  -4.807749e-03  -5.671642e-03   0.000000e+00   1.347611e-02   2.586232e-02   3.615577e-02   4.352144e-02   4.736058e-02   4.736057e-02   4.352144e-02   3.615577e-02   2.586232e-02   1.347611e-02   0.000000e+00
   4.850586e-02   1.024800e+06   1.140000e+02   0.000000e+00  -8.722496e-04  -1.632703e-03  -2.205066e-03  -2.572760e-03  -2.784143e-03  -2.937251e-03  -3.148633e-03  -3.516327e-03  -4.088690e-03  -4.849143e-03  -5.721393e-03   0.000000e+00   1.357888e-02   2.605958e-02   3.643158e-02   4.385348e-02   4.772193e-02   4.772193e-02   4.385348e-02   3.643158e-02   2.605958e-02   1.357888e-02   0.000000e+00
   4.887226e-02   1.027700e+06   1.150000e+02   0.000000e+00  -8.806109e-04  -1.648207e-03  -2.225664e-03  -2.596219e-03  -2.808758e-03  -2.962387e-03  -3.174926e-03  -3.545481e-03  -4.122937e-03  -4.890533e-03  -5.771144e-03   0.000000e+00   1.368130e-02   2.625616e-02   3.670644e-02   4.418439e-02   4.808206e-02   4.808206e-02   4.418439e-02   3.670644e-02   2.625616e-02   1.368130e-02   0.000000e+00
   4.923744e-02   1.030600e+06   1.160000e+02   0.000000e+00  -8.889768e-04  -1.663719e-03  -2.246269e-03  -2.619683e-03  -2.833376e-03  -2.987520e-03  -3.201212e-03  -3.574626e-03  -4.157176e-03  -4.931919e-03  -5.820896e-03   0.000000e+00   1.378337e-02   2.645207e-02   3.698038e-02   4.451417e-02   4.844097e-02   4.844096e-02   4.451417e-02   3.698038e-02   2.645207e-02   1.378337e-02   0.000000e+00
   4.960138e-02   1.033500e+06   1.170000e+02   0.000000e+00  -8.973473e-04  -1.679239e-03  -2.266883e-03  -2.643155e-03  -2.857996e-03  -3.012652e-03  -3.227492e-03  -3.603764e-03  -4.191408e-03  -4.973299e-03  -5.870647e-03   0.000000e+00   1.388510e-02   2.664733e-02   3.725338e-02   4.484284e-02   4.879866e-02   4.879866e-02   4.484284e-02   3.725338e-02   2.664733e-02   1.388510e-02   0.000000e+00
   4.996410e-02   1.036300e+06   1.180000e+02   0.000000e+00  -9.057222e-04  -1.694766e-03  -2.287505e-03  -2.666632e-03  -2.882618e-03  -3.037781e-03  -3.253766e-03  -3.632893e-03  -4.225632e-03  -5.014676e-03  -5.920398e-03   0.000000e+00   1.398649e-02   2.684192e-02   3.752547e-02   4.517041e-02   4.915515e-02   4.915515e-02   4.517041e-02   3.752547e-02   2.684192e-02   1.398649e-02   0.000000e+00
   5.032562e-02   1.039100e+06   1.190000e+02   0.000000e+00  -9.141014e-04  -1.710301e-03  -2.308135e-03  -2.690116e-03  -2.907242e-03  -3.062908e-03  -3.280033e-03  -3.662014e-03  -4.259848e-03  -5.056048e-03  -5.970149e-03   0.000000e+00   1.408753e-02   2.703585e-02   3.779664e-02   4.549687e-02   4.951044e-02   4.951044e-02   4.549687e-02   3.779664e-02   2.703585e-02   1.408753e-02   0.000000e+00
   5.068593e-02   1.041800e+06   1.200000e+02   0.000000e+00  -9.224849e-04  -1.725843e-03  -2.328773e-03  -2.713605e-03  -2.931869e-03  -3.088032e-03  -3.306295e-03  -3.691127e-03  -4.294058e-03  -5.097416e-03  -6.019900e-03   0.000000e+00   1.418823e-02   2.722914e-02   3.806690e-02   4.582224e-02   4.986455e-02   4.986454e-02   4.582224e-02   3.806690e-02   2.722914e-02   1.418823e-02   0.000000e+00
   5.104504e-02   1.044500e+06   1.210000e+02   0.000000e+00  -9.308725e-04  -1.741391e-03  -2.349419e-03  -2.737101e-03  -2.956498e-03  -3.113155e-03  -3.332551e-03  -3.720233e-03  -4.328261e-03  -5.138779e-03  -6.069652e-03   0.000000e+00   1.428860e-02   2.742178e-02   3.833626e-02   4.614652e-02   5.021747e-02   5.021746e-02   4.614652e-02   3.833626e-02   2.742178e-02   1.428860e-02   0.000000e+00
   5.140297e-02   1.047200e+06   1.220000e+02   0.000000e+00  -9.392643e-04  -1.756947e-03  -2.370072e-03  -2.760602e-03  -2.981129e-03  -3.138275e-03  -3.358801e-03  -3.749331e-03  -4.362456e-03  -5.180139e-03  -6.119403e-03   0.000000e+00   1.438863e-02   2.761378e-02   3.860472e-02   4.646972e-02   5.056922e-02   5.056921e-02   4.646972e-02   3.860472e-02   2.761378e-02   1.438863e-02   0.000000e+00
   5.175972e-02   1.049900e+06   1.230000e+02   0.000000e+00  -9.476600e-04  -1.772509e-03  -2.390732e-03  -2.784109e-03  -3.005762e-03  -3.163393e-03  -3.385046e-03  -3.778422e-03  -4.396645e-03  -5.221494e-03  -6.169154e-03   0.000000e+00   1.448833e-02   2.780514e-02   3.887229e-02   4.679186e-02   5.091980e-02   5.091979e-02   4.679186e-02   3.887229e-02   2.780514e-02   1.448833e-02   0.000000e+00
   5.211530e-02   1.052500e+06   1.240000e+02   0.000000e+00  -9.560597e-04  -1.788078e-03  -2.411400e-03  -2.807621e-03  -3.030397e-03  -3.188509e-03  -3.411284e-03  -3.807506e-03  -4.430827e-03  -5.262846e-03  -6.218905e-03   0.000000e+00   1.458770e-02   2.799587e-02   3.913898e-02   4.711293e-02   5.126923e-02   5.126922e-02   4.711293e-02   3.913898e-02   2.799587e-02   1.458770e-02   0.000000e+00
   5.246972e-02   1.055100e+06   1.250000e+02   0.000000e+00  -9.644633e-04  -1.803654e-03  -2.432074e-03  -2.831139e-03  -3.055034e-03  -3.213623e-03  -3.437518e-03  -3.836582e-03  -4.465003e-03  -5.304193e-03  -6.268657e-03   0.000000e+00   1.468674e-02   2.818597e-02   3.940479e-02   4.743294e-02   5.161751e-02   5.161750e-02   4.743294e-02   3.940479e-02   2.818597e-02   1.468674e-02   0.000000e+00
   5.282298e-02   1.057600e+06   1.260000e+02   0.000000e+00  -9.728707e-04  -1.819236e-03  -2.452756e-03  -2.854662e-03  -3.079674e-03  -3.238735e-03  -3.463746e-03  -3.865652e-03  -4.499172e-03  -5.345537e-03  -6.318408e-03   0.000000e+00   1.478546e-02   2.837545e-02   3.966973e-02   4.775191e-02   5.196465e-02   5.196464e-02   4.775191e-02   3.966973e-02   2.837545e-02   1.478546e-02   0.000000e+00
   5.317510e-02   1.060200e+06   1.270000e+02   0.000000e+00  -9.812817e-04  -1.834824e-03  -2.473445e-03  -2.878190e-03  -3.104315e-03  -3.263845e-03  -3.489969e-03  -3.894715e-03  -4.533335e-03  -5.386877e-03  -6.368159e-03   0.000000e+00   1.488385e-02   2.856430e-02   3.993380e-02   4.806984e-02   5.231065e-02   5.231064e-02   4.806984e-02   3.993380e-02   2.856430e-02   1.488385e-02   0.000000e+00
   5.352608e-02   1.062700e+06   1.280000e+02   0.000000e+00  -9.896964e-04  -1.850418e-03  -2.494140e-03  -2.901724e-03  -3.128958e-03  -3.288953e-03  -3.516187e-03  -3.923771e-03  -4.567492e-03  -5.428214e-03  -6.417910e-03   0.000000e+00   1.498192e-02   2.875255e-02   4.019702e-02   4.838673e-02   5.265553e-02   5.265552e-02   4.838673e-02   4.019702e-02   2.875254e-02   1.498192e-02   0.000000e+00
   5.387593e-02   1.065100e+06   1.290000e+02   0.000000e+00  -9.981147e-04  -1.866018e-03  -2.514842e-03  -2.925262e-03  -3.153603e-03  -3.314060e-03  -3.542400e-03  -3.952820e-03  -4.601643e-03  -5.469547e-03  -6.467662e-03   0.000000e+00   1.507968e-02   2.894018e-02   4.045938e-02   4.870259e-02   5.299930e-02   5.299929e-02   4.870259e-02   4.045938e-02   2.894018e-02   1.507968e-02   0.000000e+00
   5.422465e-02   1.067600e+06   1.300000e+02   0.000000e+00  -1.006537e-03  -1.881625e-03  -2.535550e-03  -2.948805e-03  -3.178249e-03  -3.339164e-03  -3.568608e-03  -3.981863e-03  -4.635788e-03  -5.510876e-03  -6.517413e-03   0.000000e+00   1.517712e-02   2.912720e-02   4.072089e-02   4.901744e-02   5.334195e-02   5.334194e-02   4.901744e-02   4.072089e-02   2.912720e-02   1.517712e-02   0.000000e+00
   5.457227e-02   1.070000e+06   1.310000e+02   0.000000e+00  -1.014962e-03  -1.897237e-03  -2.556265e-03  -2.972354e-03  -3.202898e-03  -3.364267e-03  -3.594811e-03  -4.010900e-03  -4.669927e-03  -5.552202e-03  -6.567164e-03   0.000000e+00   1.527424e-02   2.931362e-02   4.098156e-02   4.933127e-02   5.368351e-02   5.368350e-02   4.933127e-02   4.098156e-02   2.931362e-02   1.527424e-02   0.000000e+00
   5.491878e-02   1.072400e+06   1.320000e+02   0.000000e+00  -1.023390e-03  -1.912854e-03  -2.576985e-03  -2.995907e-03  -3.227548e-03  -3.389368e-03  -3.621009e-03  -4.039930e-03  -4.704061e-03  -5.593525e-03  -6.616915e-03   0.000000e+00   1.537105e-02   2.949945e-02   4.124140e-02   4.964410e-02   5.402397e-02   5.402396e-02   4.964410e-02   4.124140e-02   2.949945e-02   1.537105e-02   0.000000e+00
   5.526419e-02   1.074700e+06   1.330000e+02   0.000000e+00  -1.031822e-03  -1.928478e-03  -2.597712e-03  -3.019464e-03  -3.252201e-03  -3.414467e-03  -3.647202e-03  -4.068954e-03  -4.738189e-03  -5.634844e-03  -6.666667e-03   0.000000e+00   1.546756e-02   2.968468e-02   4.150041e-02   4.995593e-02   5.436334e-02   5.436334e-02   4.995593e-02   4.150041e-02   2.968468e-02   1.546756e-02   0.000000e+00
   5.560851e-02   1.077100e+06   1.340000e+02   0.000000e+00  -1.040258e-03  -1.944107e-03  -2.618445e-03  -3.043027e-03  -3.276854e-03  -3.439564e-03  -3.673391e-03  -4.097973e-03  -4.772311e-03  -5.676160e-03  -6.716418e-03   0.000000e+00   1.556375e-02   2.986932e-02   4.175859e-02   5.026677e-02   5.470164e-02   5.470163e-02   5.026677e-02   4.175859e-02   2.986932e-02   1.556375e-02   0.000000e+00
   5.595174e-02   1.079400e+06   1.350000e+02   0.000000e+00  -1.048696e-03  -1.959741e-03  -2.639184e-03  -3.066593e-03  -3.301510e-03  -3.464660e-03  -3.699576e-03  -4.126985e-03  -4.806428e-03  -5.717473e-03  -6.766169e-03   0.000000e+00   1.565964e-02   3.005337e-02   4.201596e-02   5.057663e-02   5.503887e-02   5.503886e-02   5.057663e-02   4.201596e-02   3.005337e-02   1.565964e-02   0.000000e+00
   5.629391e-02   1.081600e+06   1.360000e+02   0.000000e+00  -1.057138e-03  -1.975381e-03  -2.659929e-03  -3.090165e-03  -3.326167e-03  -3.489754e-03  -3.725756e-03  -4.155992e-03  -4.840540e-03  -5.758783e-03  -6.815920e-03   0.000000e+00   1.575523e-02   3.023685e-02   4.227251e-02   5.088551e-02   5.537504e-02   5.537503e-02   5.088551e-02   4.227251e-02   3.023685e-02   1.575523e-02   0.000000e+00
   5.663500e-02   1.083900e+06   1.370000e+02   0.000000e+00  -1.065582e-03  -1.991025e-03  -2.680679e-03  -3.113740e-03  -3.350826e-03  -3.514846e-03  -3.751932e-03  -4.184993e-03  -4.874646e-03  -5.800089e-03  -6.865672e-03   0.000000e+00   1.585052e-02   3.041975e-02   4.252826e-02   5.119342e-02   5.571015e-02   5.571014e-02   5.119342e-02   4.252826e-02   3.041975e-02   1.585052e-02   0.000000e+00
   5.697504e-02   1.086100e+06   1.380000e+02   0.000000e+00  -1.074030e-03  -2.006675e-03  -2.701435e-03  -3.137320e-03  -3.375486e-03  -3.539937e-03  -3.778103e-03  -4.213988e-03  -4.908748e-03  -5.841393e-03  -6.915423e-03   0.000000e+00   1.594551e-02   3.060207e-02   4.278321e-02   5.150037e-02   5.604422e-02   5.604421e-02   5.150037e-02   4.278321e-02   3.060207e-02   1.594551e-02   0.000000e+00
   5.731402e-02   1.088300e+06   1.390000e+02   0.000000e+00  -1.082481e-03  -2.022330e-03  -2.722196e-03  -3.160904e-03  -3.400148e-03  -3.565027e-03  -3.804270e-03  -4.242978e-03  -4.942844e-03  -5.882693e-03  -6.965174e-03   0.000000e+00   1.604020e-02   3.078383e-02   4.303736e-02   5.180636e-02   5.637724e-02   5.637723e-02   5.180636e-02   4.303736e-02   3.078383e-02   1.604020e-02   0.000000e+00
   5.765197e-02   1.090500e+06   1.400000e+02   0.000000e+00  -1.090934e-03  -2.037990e-03  -2.742963e-03  -3.184492e-03  -3.424812e-03  -3.590114e-03  -3.830433e-03  -4.271963e-03  -4.976935e-03  -5.923991e-03  -7.014925e-03   0.000000e+00   1.613460e-02   3.096502e-02   4.329073e-02   5.211141e-02   5.670924e-02   5.670923e-02   5.211141e-02   4.329073e-02   3.096502e-02   1.613460e-02   0.000000e+00
   5.798887e-02   1.092700e+06   1.410000e+02   0.000000e+00  -1.099391e-03  -2.053655e-03  -2.763735e-03  -3.208084e-03  -3.449477e-03  -3.615201e-03  -3.856593e-03  -4.300942e-03  -5.011022e-03  -5.965286e-03  -7.064677e-03   0.000000e+00   1.622870e-02   3.114565e-02   4.354331e-02   5.241551e-02   5.704021e-02   5.704020e-02   5.241551e-02   4.354331e-02   3.114565e-02   1.622870e-02   0.000000e+00
   5.832475e-02   1.094800e+06   1.420000e+02   0.000000e+00  -1.107850e-03  -2.069324e-03  -2.784512e-03  -3.231680e-03  -3.474143e-03  -3.640285e-03  -3.882748e-03  -4.329916e-03  -5.045104e-03  -6.006578e-03  -7.114428e-03   0.000000e+00   1.632252e-02   3.132573e-02   4.379512e-02   5.271868e-02   5.737016e-02   5.737015e-02   5.271868e-02   4.379512e-02   3.132573e-02   1.632252e-02   0.000000e+00
   5.865960e-02   1.096900e+06   1.430000e+02   0.000000e+00  -1.116312e-03  -2.084998e-03  -2.805294e-03  -3.255280e-03  -3.498811e-03  -3.665369e-03  -3.908899e-03  -4.358885e-03  -5.079181e-03  -6.047867e-03  -7.164179e-03   0.000000e+00   1.641605e-02   3.150525e-02   4.404615e-02   5.302092e-02   5.769910e-02   5.769909e-02   5.302092e-02   4.404615e-02   3.150525e-02   1.641605e-02   0.000000e+00
   5.899344e-02   1.099000e+06   1.440000e+02   0.000000e+00  -1.124777e-03  -2.100677e-03  -2.826082e-03  -3.278884e-03  -3.523480e-03  -3.690450e-03  -3.935046e-03  -4.387849e-03  -5.113253e-03  -6.089153e-03  -7.213930e-03   0.000000e+00   1.650929e-02   3.168423e-02   4.429642e-02   5.332224e-02   5.802704e-02   5.802703e-02   5.332223e-02   4.429642e-02   3.168423e-02   1.650929e-02   0.000000e+00
   5.932628e-02   1.101100e+06   1.450000e+02   0.000000e+00  -1.133244e-03  -2.116360e-03  -2.846874e-03  -3.302492e-03  -3.548151e-03  -3.715531e-03  -3.961190e-03  -4.416808e-03  -5.147321e-03  -6.130437e-03  -7.263682e-03   0.000000e+00   1.660225e-02   3.186266e-02   4.454593e-02   5.362264e-02   5.835399e-02   5.835398e-02   5.362264e-02   4.454593e-02   3.186266e-02   1.660225e-02   0.000000e+00
   5.965811e-02   1.103200e+06   1.460000e+02   0.000000e+00  -1.141715e-03  -2.132048e-03  -2.867671e-03  -3.326103e-03  -3.572823e-03  -3.740610e-03  -3.987330e-03  -4.445762e-03  -5.181385e-03  -6.171718e-03  -7.313433e-03   0.000000e+00   1.669492e-02   3.204055e-02   4.479468e-02   5.392213e-02   5.867995e-02   5.867994e-02   5.392213e-02   4.479468e-02   3.204055e-02   1.669492e-02   0.000000e+00
   5.998895e-02   1.105200e+06   1.470000e+02   0.000000e+00  -1.150187e-03  -2.147740e-03  -2.888473e-03  -3.349718e-03  -3.597497e-03  -3.765688e-03  -4.013466e-03  -4.474711e-03  -5.215444e-03  -6.212997e-03  -7.363184e-03   0.000000e+00   1.678732e-02   3.221790e-02   4.504268e-02   5.422073e-02   5.900492e-02   5.900491e-02   5.422073e-02   4.504268e-02   3.221790e-02   1.678732e-02   0.000000e+00
   6.031881e-02   1.107200e+06   1.480000e+02   0.000000e+00  -1.158662e-03  -2.163436e-03  -2.909279e-03  -3.373337e-03  -3.622172e-03  -3.790764e-03  -4.039599e-03  -4.503656e-03  -5.249499e-03  -6.254273e-03  -7.412935e-03   0.000000e+00   1.687944e-02   3.239472e-02   4.528994e-02   5.451842e-02   5.932893e-02   5.932892e-02   5.451842e-02   4.528994e-02   3.239472e-02   1.687944e-02   0.000000e+00
   6.064769e-02   1.109200e+06   1.490000e+02   0.000000e+00  -1.167140e-03  -2.179137e-03  -2.930090e-03  -3.396959e-03  -3.646848e-03  -3.815839e-03  -4.065728e-03  -4.532596e-03  -5.283550e-03  -6.295546e-03  -7.462687e-03   0.000000e+00   1.697128e-02   3.257101e-02   4.553646e-02   5.481523e-02   5.965196e-02   5.965195e-02   5.481523e-02   4.553646e-02   3.257101e-02   1.697128e-02   0.000000e+00
   6.097560e-02   1.111200e+06   1.500000e+02   0.000000e+00  -1.175620e-03  -2.194842e-03  -2.950906e-03  -3.420585e-03  -3.671525e-03  -3.840913e-03  -4.091853e-03  -4.561532e-03  -5.317596e-03  -6.336817e-03  -7.512438e-03   0.000000e+00   1.706285e-02   3.274678e-02   4.578224e-02   5.511116e-02   5.997404e-02   5.997403e-02   5.511116e-02   4.578224e-02   3.274678e-02   1.706285e-02   0.000000e+00
   6.130254e-02   1.113100e+06   1.510000e+02   0.000000e+00  -1.184103e-03  -2.210550e-03  -2.971726e-03  -3.444214e-03  -3.696204e-03  -3.865985e-03  -4.117976e-03  -4.590463e-03  -5.351639e-03  -6.378086e-03  -7.562189e-03   0.000000e+00   1.715414e-02   3.292202e-02   4.602730e-02   5.540621e-02   6.029516e-02   6.029515e-02   5.540621e-02   4.602730e-02   3.292202e-02   1.715414e-02   0.000000e+00
   6.162853e-02   1.115000e+06   1.520000e+02   0.000000e+00  -1.192588e-03  -2.226263e-03  -2.992551e-03  -3.467846e-03  -3.720884e-03  -3.891057e-03  -4.144094e-03  -4.619390e-03  -5.385677e-03  -6.419352e-03  -7.611940e-03   0.000000e+00   1.724517e-02   3.309675e-02   4.627163e-02   5.570039e-02   6.061534e-02   6.061533e-02   5.570039e-02   4.627163e-02   3.309675e-02   1.724517e-02   0.000000e+00
   6.195356e-02   1.116900e+06   1.530000e+02   0.000000e+00  -1.201075e-03  -2.241980e-03  -3.013380e-03  -3.491482e-03  -3.745565e-03  -3.916127e-03  -4.170210e-03  -4.648312e-03  -5.419712e-03  -6.460616e-03  -7.661692e-03   0.000000e+00   1.733593e-02   3.327096e-02   4.651525e-02   5.599371e-02   6.093457e-02   6.093456e-02   5.599371e-02   4.651525e-02   3.327096e-02   1.733593e-02   0.000000e+00
   6.227766e-02   1.118800e+06   1.540000e+02   0.000000e+00  -1.209565e-03  -2.257701e-03  -3.034213e-03  -3.515120e-03  -3.770248e-03  -3.941196e-03  -4.196322e-03  -4.677230e-03  -5.453742e-03  -6.501878e-03  -7.711443e-03   0.000000e+00   1.742642e-02   3.344467e-02   4.675815e-02   5.628617e-02   6.125288e-02   6.125287e-02   5.628617e-02   4.675815e-02   3.344467e-02   1.742642e-02   0.000000e+00
   6.260081e-02   1.120700e+06   1.550000e+02   0.000000e+00  -1.218057e-03  -2.273425e-03  -3.055050e-03  -3.538763e-03  -3.794932e-03  -3.966263e-03  -4.222432e-03  -4.706144e-03  -5.487769e-03  -6.543137e-03  -7.761194e-03   0.000000e+00   1.751665e-02   3.361786e-02   4.700035e-02   5.657778e-02   6.157026e-02   6.157025e-02   5.657778e-02   4.700035e-02   3.361786e-02   1.751665e-02   0.000000e+00
   6.292304e-02   1.122600e+06   1.560000e+02   0.000000e+00  -1.226551e-03  -2.289153e-03  -3.075891e-03  -3.562408e-03  -3.819616e-03  -3.991330e-03  -4.248538e-03  -4.735054e-03  -5.521792e-03  -6.584394e-03  -7.810945e-03   0.000000e+00   1.760662e-02   3.379056e-02   4.724184e-02   5.686854e-02   6.188671e-02   6.188671e-02   5.686854e-02   4.724184e-02   3.379056e-02   1.760662e-02   0.000000e+00
   6.324434e-02   1.124400e+06   1.570000e+02   0.000000e+00  -1.235047e-03  -2.304885e-03  -3.096737e-03  -3.586056e-03  -3.844302e-03  -4.016395e-03  -4.274640e-03  -4.763960e-03  -5.555811e-03  -6.625649e-03  -7.860697e-03   0.000000e+00   1.769633e-02   3.396275e-02   4.748264e-02   5.715846e-02   6.220226e-02   6.220225e-02   5.715846e-02   4.748264e-02   3.396275e-02   1.769633e-02   0.000000e+00
   6.356473e-02   1.126200e+06   1.580000e+02   0.000000e+00  -1.243546e-03  -2.320621e-03  -3.117586e-03  -3.609707e-03  -3.868989e-03  -4.041459e-03  -4.300740e-03  -4.792862e-03  -5.589827e-03  -6.666902e-03  -7.910448e-03   0.000000e+00   1.778577e-02   3.413445e-02   4.772274e-02   5.744755e-02   6.251690e-02   6.251689e-02   5.744755e-02   4.772274e-02   3.413445e-02   1.778577e-02   0.000000e+00
   6.388420e-02   1.128000e+06   1.590000e+02   0.000000e+00  -1.252047e-03  -2.336360e-03  -3.138439e-03  -3.633362e-03  -3.893678e-03  -4.066522e-03  -4.326837e-03  -4.821760e-03  -5.623839e-03  -6.708152e-03  -7.960199e-03   0.000000e+00   1.787497e-02   3.430566e-02   4.796216e-02   5.773582e-02   6.283064e-02   6.283063e-02   5.773582e-02   4.796216e-02   3.430566e-02   1.787497e-02   0.000000e+00
   6.420278e-02   1.129800e+06   1.600000e+02   0.000000e+00  -1.260549e-03  -2.352102e-03  -3.159296e-03  -3.657019e-03  -3.918367e-03  -4.091584e-03  -4.352931e-03  -4.850654e-03  -5.657848e-03  -6.749401e-03  -8.009950e-03   0.000000e+00   1.796390e-02   3.447637e-02   4.820089e-02   5.802326e-02   6.314349e-02   6.314348e-02   5.802326e-02   4.820089e-02   3.447637e-02   1.796390e-02   0.000000e+00
   6.452045e-02   1.131600e+06   1.610000e+02   0.000000e+00  -1.269054e-03  -2.367848e-03  -3.180157e-03  -3.680679e-03  -3.943057e-03  -4.116645e-03  -4.379022e-03  -4.879544e-03  -5.691853e-03  -6.790647e-03  -8.059701e-03   0.000000e+00   1.805258e-02   3.464660e-02   4.843894e-02   5.830988e-02   6.345545e-02   6.345544e-02   5.830988e-02   4.843894e-02   3.464660e-02   1.805258e-02   0.000000e+00
   6.483724e-02   1.133300e+06   1.620000e+02   0.000000e+00  -1.277561e-03  -2.383598e-03  -3.201022e-03  -3.704342e-03  -3.967749e-03  -4.141705e-03  -4.405110e-03  -4.908431e-03  -5.725855e-03  -6.831892e-03  -8.109453e-03   0.000000e+00   1.814102e-02   3.481635e-02   4.867632e-02   5.859570e-02   6.376652e-02   6.376652e-02   5.859570e-02   4.867632e-02   3.481635e-02   1.814102e-02   0.000000e+00
   6.515314e-02   1.135000e+06   1.630000e+02   0.000000e+00  -1.286070e-03  -2.399351e-03  -3.221890e-03  -3.728008e-03  -3.992441e-03  -4.166763e-03  -4.431196e-03  -4.937314e-03  -5.759853e-03  -6.873134e-03  -8.159204e-03   0.000000e+00   1.822920e-02   3.498562e-02   4.891303e-02   5.888071e-02   6.407673e-02   6.407672e-02   5.888071e-02   4.891303e-02   3.498562e-02   1.822920e-02   0.000000e+00
   6.546816e-02   1.136800e+06   1.640000e+02   0.000000e+00  -1.294580e-03  -2.415107e-03  -3.242762e-03  -3.751677e-03  -4.017135e-03  -4.191821e-03  -4.457278e-03  -4.966193e-03  -5.793848e-03  -6.914375e-03  -8.208955e-03   0.000000e+00   1.831713e-02   3.515442e-02   4.914908e-02   5.916493e-02   6.438606e-02   6.438605e-02   5.916493e-02   4.914908e-02   3.515442e-02   1.831713e-02   0.000000e+00
   6.578231e-02   1.138500e+06   1.650000e+02   0.000000e+00  -1.303093e-03  -2.430866e-03  -3.263637e-03  -3.775348e-03  -4.041829e-03  -4.216878e-03  -4.483358e-03  -4.995069e-03  -5.827840e-03  -6.955614e-03  -8.258706e-03   0.000000e+00   1.840482e-02   3.532274e-02   4.938447e-02   5.944835e-02   6.469454e-02   6.469453e-02   5.944835e-02   4.938447e-02   3.532274e-02   1.840482e-02   0.000000e+00
   6.609559e-02   1.140200e+06   1.660000e+02   0.000000e+00  -1.311607e-03  -2.446629e-03  -3.284516e-03  -3.799022e-03  -4.066525e-03  -4.241933e-03  -4.509436e-03  -5.023942e-03  -5.861829e-03  -6.996850e-03  -8.308458e-03   0.000000e+00   1.849227e-02   3.549060e-02   4.961921e-02   5.973098e-02   6.500215e-02   6.500214e-02   5.973098e-02   4.961921e-02   3.549060e-02   1.849227e-02   0.000000e+00
   6.640801e-02   1.141800e+06   1.670000e+02   0.000000e+00  -1.320124e-03  -2.462395e-03  -3.305399e-03  -3.822699e-03  -4.091222e-03  -4.266988e-03  -4.535510e-03  -5.052810e-03  -5.895814e-03  -7.038085e-03  -8.358209e-03   0.000000e+00   1.857947e-02   3.565799e-02   4.985329e-02   6.001283e-02   6.530892e-02   6.530891e-02   6.001283e-02   4.985329e-02   3.565799e-02   1.857947e-02   0.000000e+00
   6.671958e-02   1.143500e+06   1.680000e+02   0.000000e+00  -1.328642e-03  -2.478164e-03  -3.326284e-03  -3.846378e-03  -4.115919e-03  -4.292042e-03  -4.561582e-03  -5.081676e-03  -5.929797e-03  -7.079318e-03  -8.407960e-03   0.000000e+00   1.866643e-02   3.582492e-02   5.008673e-02   6.029391e-02   6.561484e-02   6.561483e-02   6.029391e-02   5.008673e-02   3.582492e-02   1.866643e-02   0.000000e+00
   6.703030e-02   1.145100e+06   1.690000e+02   0.000000e+00  -1.337162e-03  -2.493936e-03  -3.347173e-03  -3.870060e-03  -4.140618e-03  -4.317095e-03  -4.587652e-03  -5.110538e-03  -5.963776e-03  -7.120549e-03  -8.457711e-03   0.000000e+00   1.875315e-02   3.599139e-02   5.031953e-02   6.057421e-02   6.591992e-02   6.591991e-02   6.057421e-02   5.031953e-02   3.599139e-02   1.875315e-02   0.000000e+00
   6.734018e-02   1.146700e+06   1.700000e+02   0.000000e+00  -1.345684e-03  -2.509711e-03  -3.368066e-03  -3.893744e-03  -4.165317e-03  -4.342146e-03  -4.613718e-03  -5.139397e-03  -5.997752e-03  -7.161779e-03  -8.507463e-03   0.000000e+00   1.883964e-02   3.615740e-02   5.055169e-02   6.085375e-02   6.622417e-02   6.622416e-02   6.085375e-02   5.055169e-02   3.615740e-02   1.883964e-02   0.000000e+00
   6.764922e-02   1.148400e+06   1.710000e+02   0.000000e+00  -1.354207e-03  -2.525488e-03  -3.388961e-03  -3.917431e-03  -4.190017e-03  -4.367197e-03  -4.639783e-03  -5.168253e-03  -6.031726e-03  -7.203006e-03  -8.557214e-03   0.000000e+00   1.892588e-02   3.632296e-02   5.078322e-02   6.113253e-02   6.652760e-02   6.652759e-02   6.113253e-02   5.078322e-02   3.632296e-02   1.892588e-02   0.000000e+00
   6.795743e-02   1.149900e+06   1.720000e+02   0.000000e+00  -1.362733e-03  -2.541269e-03  -3.409860e-03  -3.941120e-03  -4.214719e-03  -4.392247e-03  -4.665845e-03  -5.197105e-03  -6.065696e-03  -7.244232e-03  -8.606965e-03   0.000000e+00   1.901190e-02   3.648808e-02   5.101412e-02   6.141056e-02   6.683020e-02   6.683019e-02   6.141056e-02   5.101412e-02   3.648808e-02   1.901190e-02   0.000000e+00
   6.826482e-02   1.151500e+06   1.730000e+02   0.000000e+00  -1.371260e-03  -2.557053e-03  -3.430762e-03  -3.964812e-03  -4.239421e-03  -4.417296e-03  -4.691904e-03  -5.225954e-03  -6.099664e-03  -7.285457e-03  -8.656716e-03   0.000000e+00   1.909768e-02   3.665274e-02   5.124440e-02   6.168783e-02   6.713199e-02   6.713198e-02   6.168783e-02   5.124440e-02   3.665274e-02   1.909768e-02   0.000000e+00
   6.857139e-02   1.153100e+06   1.740000e+02   0.000000e+00  -1.379788e-03  -2.572839e-03  -3.451667e-03  -3.988506e-03  -4.264124e-03  -4.442345e-03  -4.717962e-03  -5.254801e-03  -6.133628e-03  -7.326679e-03  -8.706468e-03   0.000000e+00   1.918323e-02   3.681696e-02   5.147406e-02   6.196436e-02   6.743296e-02   6.743295e-02   6.196436e-02   5.147406e-02   3.681696e-02   1.918323e-02   0.000000e+00
   6.887715e-02   1.154700e+06   1.750000e+02   0.000000e+00  -1.388319e-03  -2.588629e-03  -3.472575e-03  -4.012202e-03  -4.288828e-03  -4.467392e-03  -4.744016e-03  -5.283644e-03  -6.167590e-03  -7.367900e-03  -8.756219e-03   0.000000e+00   1.926855e-02   3.698075e-02   5.170311e-02   6.224015e-02   6.773314e-02   6.773313e-02   6.224015e-02   5.170311e-02   3.698075e-02   1.926855e-02   0.000000e+00
   6.918209e-02   1.156200e+06   1.760000e+02   0.000000e+00  -1.396851e-03  -2.604421e-03  -3.493486e-03  -4.035901e-03  -4.313532e-03  -4.492438e-03  -4.770069e-03  -5.312484e-03  -6.201549e-03  -7.409119e-03  -8.805970e-03   0.000000e+00   1.935364e-02   3.714409e-02   5.193154e-02   6.251521e-02   6.803251e-02   6.803250e-02   6.251521e-02   5.193154e-02   3.714409e-02   1.935364e-02   0.000000e+00
   6.948624e-02   1.157700e+06   1.770000e+02   0.000000e+00  -1.405384e-03  -2.620215e-03  -3.514400e-03  -4.059602e-03  -4.338238e-03  -4.517484e-03  -4.796119e-03  -5.341321e-03  -6.235506e-03  -7.450337e-03  -8.855721e-03   0.000000e+00   1.943851e-02   3.730700e-02   5.215937e-02   6.278953e-02   6.833109e-02   6.833108e-02   6.278953e-02   5.215937e-02   3.730700e-02   1.943851e-02   0.000000e+00
   6.978959e-02   1.159200e+06   1.780000e+02   0.000000e+00  -1.413919e-03  -2.636013e-03  -3.535317e-03  -4.083305e-03  -4.362945e-03  -4.542529e-03  -4.822167e-03  -5.370156e-03  -6.269460e-03  -7.491553e-03  -8.905473e-03   0.000000e+00   1.952315e-02   3.746949e-02   5.238660e-02   6.306314e-02   6.862888e-02   6.862887e-02   6.306314e-02   5.238660e-02   3.746949e-02   1.952315e-02   0.000000e+00
   7.009214e-02   1.160700e+06   1.790000e+02   0.000000e+00  -1.422456e-03  -2.651813e-03  -3.556237e-03  -4.107011e-03  -4.387652e-03  -4.567573e-03  -4.848213e-03  -5.398987e-03  -6.303411e-03  -7.532768e-03  -8.955224e-03   0.000000e+00   1.960757e-02   3.763154e-02   5.261323e-02   6.333602e-02   6.892590e-02   6.892589e-02   6.333602e-02   5.261323e-02   3.763154e-02   1.960757e-02   0.000000e+00
   7.039392e-02   1.162200e+06   1.800000e+02   0.000000e+00  -1.430994e-03  -2.667616e-03  -3.577160e-03  -4.130718e-03  -4.412360e-03  -4.592616e-03  -4.874257e-03  -5.427816e-03  -6.337360e-03  -7.573981e-03  -9.004975e-03   0.000000e+00   1.969177e-02   3.779317e-02   5.283926e-02   6.360819e-02   6.922213e-02   6.922212e-02   6.360819e-02   5.283926e-02   3.779316e-02   1.969177e-02   0.000000e+00
   7.069491e-02   1.163700e+06   1.810000e+02   0.000000e+00  -1.439534e-03  -2.683421e-03  -3.598085e-03  -4.154428e-03  -4.437069e-03  -4.617658e-03  -4.900298e-03  -5.456641e-03  -6.371306e-03  -7.615192e-03  -9.054726e-03   0.000000e+00   1.977575e-02   3.795437e-02   5.306471e-02   6.387965e-02   6.951759e-02   6.951758e-02   6.387965e-02   5.306471e-02   3.795437e-02   1.977575e-02   0.000000e+00
   7.099512e-02   1.165200e+06   1.820000e+02   0.000000e+00  -1.448075e-03  -2.699228e-03  -3.619013e-03  -4.178140e-03  -4.461778e-03  -4.642700e-03  -4.926338e-03  -5.485464e-03  -6.405249e-03  -7.656402e-03  -9.104478e-03   0.000000e+00   1.985950e-02   3.811516e-02   5.328957e-02   6.415040e-02   6.981228e-02   6.981227e-02   6.415040e-02   5.328957e-02   3.811516e-02   1.985950e-02   0.000000e+00
   7.129457e-02   1.166600e+06   1.830000e+02   0.000000e+00  -1.456618e-03  -2.715039e-03  -3.639944e-03  -4.201854e-03  -4.486489e-03  -4.667741e-03  -4.952375e-03  -5.514285e-03  -6.439190e-03  -7.697611e-03  -9.154229e-03   0.000000e+00   1.994304e-02   3.827552e-02   5.351384e-02   6.442046e-02   7.010622e-02   7.010621e-02   6.442046e-02   5.351384e-02   3.827552e-02   1.994304e-02   0.000000e+00
   7.159325e-02   1.168000e+06   1.840000e+02   0.000000e+00  -1.465162e-03  -2.730851e-03  -3.660878e-03  -4.225570e-03  -4.511200e-03  -4.692781e-03  -4.978411e-03  -5.543102e-03  -6.473129e-03  -7.738818e-03  -9.203980e-03   0.000000e+00   2.002637e-02   3.843548e-02   5.373754e-02   6.468982e-02   7.039940e-02   7.039938e-02   6.468981e-02   5.373754e-02   3.843548e-02   2.002637e-02   0.000000e+00
   7.189117e-02   1.169500e+06   1.850000e+02   0.000000e+00  -1.473708e-03  -2.746666e-03  -3.681814e-03  -4.249287e-03  -4.535912e-03  -4.717820e-03  -5.004444e-03  -5.571917e-03  -6.507065e-03  -7.780024e-03  -9.253731e-03   0.000000e+00   2.010948e-02   3.859502e-02   5.396067e-02   6.495848e-02   7.069182e-02   7.069181e-02   6.495848e-02   5.396067e-02   3.859502e-02   2.010948e-02   0.000000e+00
   7.218834e-02   1.170900e+06   1.860000e+02   0.000000e+00  -1.482255e-03  -2.762484e-03  -3.702753e-03  -4.273007e-03  -4.560625e-03  -4.742858e-03  -5.030475e-03  -5.600730e-03  -6.540999e-03  -7.821228e-03  -9.303483e-03   0.000000e+00   2.019238e-02   3.875416e-02   5.418322e-02   6.522647e-02   7.098350e-02   7.098349e-02   6.522647e-02   5.418322e-02   3.875416e-02   2.019238e-02   0.000000e+00
   7.248476e-02   1.172300e+06   1.870000e+02   0.000000e+00  -1.490803e-03  -2.778303e-03  -3.723694e-03  -4.296729e-03  -4.585338e-03  -4.767896e-03  -5.056504e-03  -5.629540e-03  -6.574930e-03  -7.862431e-03  -9.353234e-03   0.000000e+00   2.027506e-02   3.891289e-02   5.440521e-02   6.549377e-02   7.127444e-02   7.127443e-02   6.549377e-02   5.440521e-02   3.891289e-02   2.027506e-02   0.000000e+00
   7.278043e-02   1.173700e+06   1.880000e+02   0.000000e+00  -1.499353e-03  -2.794125e-03  -3.744638e-03  -4.320453e-03  -4.610053e-03  -4.792933e-03  -5.082532e-03  -5.658347e-03  -6.608860e-03  -7.903632e-03  -9.402985e-03   0.000000e+00   2.035754e-02   3.907122e-02   5.462663e-02   6.576039e-02   7.156464e-02   7.156463e-02   6.576039e-02   5.462663e-02   3.907122e-02   2.035754e-02   0.000000e+00
   7.307537e-02   1.175100e+06   1.890000e+02   0.000000e+00  -1.507904e-03  -2.809950e-03  -3.765584e-03  -4.344179e-03  -4.634767e-03  -4.817970e-03  -5.108557e-03  -5.687152e-03  -6.642787e-03  -7.944832e-03  -9.452736e-03   0.000000e+00   2.043981e-02   3.922914e-02   5.484750e-02   6.602634e-02   7.185411e-02   7.185410e-02   6.602634e-02   5.484750e-02   3.922914e-02   2.043981e-02   0.000000e+00
   7.336957e-02   1.176400e+06   1.900000e+02   0.000000e+00  -1.516456e-03  -2.825776e-03  -3.786533e-03  -4.367907e-03  -4.659483e-03  -4.843005e-03  -5.134581e-03  -5.715954e-03  -6.676711e-03  -7.986031e-03  -9.502488e-03   0.000000e+00   2.052187e-02   3.938667e-02   5.506781e-02   6.629162e-02   7.214285e-02   7.214284e-02   6.629162e-02   5.506781e-02   3.938667e-02   2.052187e-02   0.000000e+00
   7.366303e-02   1.177800e+06   1.910000e+02   0.000000e+00  -1.525010e-03  -2.841605e-03  -3.807485e-03  -4.391636e-03  -4.684199e-03  -4.868040e-03  -5.160603e-03  -5.744754e-03  -6.710634e-03  -8.027229e-03  -9.552239e-03   0.000000e+00   2.060372e-02   3.954381e-02   5.528757e-02   6.655624e-02   7.243088e-02   7.243087e-02   6.655624e-02   5.528756e-02   3.954381e-02   2.060372e-02   0.000000e+00
   7.395578e-02   1.179100e+06   1.920000e+02   0.000000e+00  -1.533565e-03  -2.857436e-03  -3.828438e-03  -4.415367e-03  -4.708916e-03  -4.893074e-03  -5.186623e-03  -5.773552e-03  -6.744554e-03  -8.068425e-03  -9.601990e-03   0.000000e+00   2.068537e-02   3.970055e-02   5.550678e-02   6.682020e-02   7.271818e-02   7.271817e-02   6.682020e-02   5.550678e-02   3.970055e-02   2.068537e-02   0.000000e+00
   7.424780e-02   1.180500e+06   1.930000e+02   0.000000e+00  -1.542121e-03  -2.873269e-03  -3.849394e-03  -4.439101e-03  -4.733634e-03  -4.918108e-03  -5.212641e-03  -5.802347e-03  -6.778472e-03  -8.109620e-03  -9.651741e-03   0.000000e+00   2.076682e-02   3.985690e-02   5.572544e-02   6.708351e-02   7.300477e-02   7.300476e-02   6.708351e-02   5.572544e-02   3.985690e-02   2.076682e-02   0.000000e+00
   7.453911e-02   1.181800e+06   1.940000e+02   0.000000e+00  -1.550679e-03  -2.889104e-03  -3.870352e-03  -4.462836e-03  -4.758352e-03  -4.943141e-03  -5.238657e-03  -5.831140e-03  -6.812388e-03  -8.150814e-03  -9.701493e-03   0.000000e+00   2.084806e-02   4.001286e-02   5.594357e-02   6.734616e-02   7.329066e-02   7.329065e-02   6.734616e-02   5.594357e-02   4.001286e-02   2.084806e-02   0.000000e+00
   7.482971e-02   1.183100e+06   1.950000e+02   0.000000e+00  -1.559237e-03  -2.904942e-03  -3.891313e-03  -4.486572e-03  -4.783071e-03  -4.968173e-03  -5.264672e-03  -5.859931e-03  -6.846302e-03  -8.192006e-03  -9.751244e-03   0.000000e+00   2.092911e-02   4.016844e-02   5.616115e-02   6.760817e-02   7.357584e-02   7.357583e-02   6.760817e-02   5.616115e-02   4.016844e-02   2.092911e-02   0.000000e+00
   7.511960e-02   1.184400e+06   1.960000e+02   0.000000e+00  -1.567797e-03  -2.920781e-03  -3.912276e-03  -4.510311e-03  -4.807791e-03  -4.993205e-03  -5.290684e-03  -5.888719e-03  -6.880214e-03  -8.233198e-03  -9.800995e-03   0.000000e+00   2.100995e-02   4.032364e-02   5.637821e-02   6.786954e-02   7.386032e-02   7.386031e-02   6.786954e-02   5.637821e-02   4.032364e-02   2.100995e-02   0.000000e+00
   7.540879e-02   1.185700e+06   1.970000e+02   0.000000e+00  -1.576359e-03  -2.936622e-03  -3.933241e-03  -4.534051e-03  -4.832511e-03  -5.018236e-03  -5.316695e-03  -5.917505e-03  -6.914124e-03  -8.274388e-03  -9.850746e-03   0.000000e+00   2.109060e-02   4.047846e-02   5.659473e-02   6.813027e-02   7.414411e-02   7.414410e-02   6.813027e-02   5.659473e-02   4.047846e-02   2.109060e-02   0.000000e+00
   7.569729e-02   1.187000e+06   1.980000e+02   0.000000e+00  -1.584921e-03  -2.952466e-03  -3.954208e-03  -4.557793e-03  -4.857232e-03  -5.043266e-03  -5.342705e-03  -5.946289e-03  -6.948032e-03  -8.315577e-03  -9.900498e-03   0.000000e+00   2.117105e-02   4.063290e-02   5.681073e-02   6.839036e-02   7.442721e-02   7.442720e-02   6.839036e-02   5.681073e-02   4.063290e-02   2.117105e-02   0.000000e+00
   7.598509e-02   1.188300e+06   1.990000e+02   0.000000e+00  -1.593484e-03  -2.968311e-03  -3.975178e-03  -4.581536e-03  -4.881954e-03  -5.068296e-03  -5.368713e-03  -5.975071e-03  -6.981938e-03  -8.356764e-03  -9.950249e-03   0.000000e+00   2.125130e-02   4.078697e-02   5.702620e-02   6.864983e-02   7.470963e-02   7.470962e-02   6.864983e-02   5.702620e-02   4.078697e-02   2.125130e-02   0.000000e+00
   7.627220e-02   1.189500e+06   2.000000e+02   0.000000e+00  -1.602049e-03  -2.984159e-03  -3.996149e-03  -4.605281e-03  -4.906676e-03  -5.093325e-03  -5.394719e-03  -6.003851e-03  -7.015841e-03  -8.397951e-03  -1.000000e-02   0.000000e+00   2.133136e-02   4.094066e-02   5.724115e-02   6.890867e-02   7.499136e-02   7.499135e-02   6.890867e-02   5.724115e-02   4.094066e-02   2.133136e-02   0.000000e+00
   8.983805e-02   1.242400e+06   2.010000e+02   0.000000e+00  -2.031463e-03  -3.778522e-03  -5.046916e-03  -5.794211e-03  -6.143390e-03  -6.344111e-03  -6.693289e-03  -7.440584e-03  -8.708978e-03  -1.045604e-02  -1.248750e-02   0.000000e+00   2.511134e-02   4.819758e-02   6.739130e-02   8.113204e-02   8.829650e-02   8.829649e-02   8.113204e-02   6.739130e-02   4.819758e-02   2.511134e-02   0.000000e+00
   1.021241e-01   1.281100e+06   2.020000e+02   0.000000e+00  -2.462467e-03  -4.575588e-03  -6.100661e-03  -6.985440e-03  -7.380967e-03  -7.594034e-03  -7.989560e-03  -8.874339e-03  -1.039941e-02  -1.251253e-02  -1.497500e-02   0.000000e+00   2.852962e-02   5.476088e-02   7.657272e-02   9.219039e-02   1.003345e-01   1.003345e-01   9.219039e-02   7.657272e-02   5.476088e-02   2.852962e-02   0.000000e+00
   1.134230e-01   1.311000e+06   2.030000e+02   0.000000e+00  -2.894399e-03  -5.374241e-03  -7.156171e-03  -8.178043e-03  -8.619062e-03  -8.843439e-03  -9.284457e-03  -1.030633e-02  -1.208826e-02  -1.456810e-02  -1.746250e-02   0.000000e+00   3.166851e-02   6.078848e-02   8.500607e-02   1.023492e-01   1.113943e-01   1.113943e-01   1.023492e-01   8.500607e-02   6.078848e-02   3.166851e-02   0.000000e+00
   1.239338e-01   1.334900e+06   2.040000e+02   0.000000e+00  -3.326905e-03  -6.173888e-03  -8.212800e-03  -9.371528e-03  -9.857492e-03  -1.009251e-02  -1.057847e-02  -1.173720e-02  -1.377611e-02  -1.662309e-02  -1.995000e-02   0.000000e+00   3.458408e-02   6.638789e-02   9.284156e-02   1.117892e-01   1.216724e-01   1.216723e-01   1.117892e-01   9.284156e-02   6.638789e-02   3.458408e-02   0.000000e+00
   1.337982e-01   1.354700e+06   2.050000e+02   0.000000e+00  -3.759780e-03  -6.974182e-03  -9.270173e-03  -1.056561e-02  -1.109615e-02  -1.134135e-02  -1.187189e-02  -1.316733e-02  -1.546332e-02  -1.867772e-02  -2.243750e-02   0.000000e+00   3.731618e-02   7.163558e-02   1.001860e-01   1.206390e-01   1.313086e-01   1.313086e-01   1.206390e-01   1.001860e-01   7.163558e-02   3.731618e-02   0.000000e+00
   1.431205e-01   1.371400e+06   2.060000e+02   0.000000e+00  -4.192896e-03  -7.774909e-03  -1.032805e-02  -1.176010e-02  -1.233497e-02  -1.259003e-02  -1.316490e-02  -1.459695e-02  -1.715009e-02  -2.073210e-02  -2.492500e-02   0.000000e+00   3.989424e-02   7.658801e-02   1.071184e-01   1.289933e-01   1.404062e-01   1.404062e-01   1.289933e-01   1.071184e-01   7.658801e-02   3.989424e-02   0.000000e+00
   1.519804e-01   1.385800e+06   2.070000e+02   0.000000e+00  -4.626168e-03  -8.575927e-03  -1.138629e-02  -1.295490e-02  -1.357390e-02  -1.383860e-02  -1.445760e-02  -1.602621e-02  -1.883657e-02  -2.278633e-02  -2.741250e-02   0.000000e+00   4.234067e-02   8.128814e-02   1.136986e-01   1.369245e-01   1.490438e-01   1.490438e-01   1.369245e-01   1.136986e-01   8.128814e-02   4.234067e-02   0.000000e+00
   1.604399e-01   1.398300e+06   2.080000e+02   0.000000e+00  -5.059541e-03  -9.377140e-03  -1.244478e-02  -1.414991e-02  -1.481293e-02  -1.508707e-02  -1.575009e-02  -1.745522e-02  -2.052286e-02  -2.484046e-02  -2.990000e-02   0.000000e+00   4.467295e-02   8.576952e-02   1.199736e-01   1.444889e-01   1.572826e-01   1.572826e-01   1.444889e-01   1.199736e-01   8.576952e-02   4.467295e-02   0.000000e+00
   1.685483e-01   1.409400e+06   2.090000e+02   0.000000e+00  -5.492973e-03  -1.017848e-02  -1.350345e-02  -1.534509e-02  -1.605202e-02  -1.633548e-02  -1.704241e-02  -1.888405e-02  -2.220902e-02  -2.689453e-02  -3.238750e-02   0.000000e+00   4.690504e-02   9.005892e-02   1.259808e-01   1.517314e-01   1.651716e-01   1.651716e-01   1.517314e-01   1.259808e-01   9.005892e-02   4.690504e-02   0.000000e+00
   1.763459e-01   1.419400e+06   2.100000e+02   0.000000e+00  -5.926436e-03  -1.097990e-02  -1.456224e-02  -1.654039e-02  -1.729116e-02  -1.758384e-02  -1.833461e-02  -2.031276e-02  -2.389510e-02  -2.894856e-02  -3.487500e-02   0.000000e+00   4.904827e-02   9.417806e-02   1.317504e-01   1.586887e-01   1.727505e-01   1.727504e-01   1.586887e-01   1.317504e-01   9.417806e-02   4.904827e-02   0.000000e+00
   1.838658e-01   1.428300e+06   2.110000e+02   0.000000e+00  -6.359906e-03  -1.178136e-02  -1.562112e-02  -1.773578e-02  -1.853034e-02  -1.883216e-02  -1.962672e-02  -2.174138e-02  -2.558114e-02  -3.100259e-02  -3.736250e-02   0.000000e+00   5.111199e-02   9.814487e-02   1.373075e-01   1.653907e-01   1.800520e-01   1.800519e-01   1.653907e-01   1.373075e-01   9.814487e-02   5.111199e-02   0.000000e+00
   1.911357e-01   1.436500e+06   2.120000e+02   0.000000e+00  -6.793369e-03  -1.258284e-02  -1.668005e-02  -1.893124e-02  -1.976956e-02  -2.008044e-02  -2.091876e-02  -2.316995e-02  -2.726716e-02  -3.305663e-02  -3.985000e-02   0.000000e+00   5.310402e-02   1.019744e-01   1.426732e-01   1.718627e-01   1.871035e-01   1.871035e-01   1.718627e-01   1.426732e-01   1.019744e-01   5.310402e-02   0.000000e+00
   1.981789e-01   1.443900e+06   2.130000e+02   0.000000e+00  -7.226812e-03  -1.338430e-02  -1.773901e-02  -2.012675e-02  -2.100880e-02  -2.132870e-02  -2.221075e-02  -2.459849e-02  -2.895320e-02  -3.511069e-02  -4.233750e-02   0.000000e+00   5.503096e-02   1.056792e-01   1.478650e-01   1.781260e-01   1.939282e-01   1.939282e-01   1.781260e-01   1.478650e-01   1.056792e-01   5.503096e-02   0.000000e+00
   2.050154e-01   1.450800e+06   2.140000e+02   0.000000e+00  -7.660223e-03  -1.418575e-02  -1.879799e-02  -2.132230e-02  -2.224806e-02  -2.257694e-02  -2.350270e-02  -2.602702e-02  -3.063925e-02  -3.716478e-02  -4.482500e-02   0.000000e+00   5.689848e-02   1.092702e-01   1.528982e-01   1.841988e-01   2.005460e-01   2.005460e-01   1.841988e-01   1.528982e-01   1.092702e-01   5.689848e-02   0.000000e+00
   2.116626e-01   1.457100e+06   2.150000e+02   0.000000e+00  -8.093596e-03  -1.498715e-02  -1.985696e-02  -2.251787e-02  -2.348733e-02  -2.382517e-02  -2.479463e-02  -2.745554e-02  -3.232535e-02  -3.921890e-02  -4.731250e-02   0.000000e+00   5.871145e-02   1.127568e-01   1.577857e-01   1.900968e-01   2.069738e-01   2.069738e-01   1.900968e-01   1.577857e-01   1.127568e-01   5.871145e-02   0.000000e+00
   2.181353e-01   1.463000e+06   2.160000e+02   0.000000e+00  -8.526924e-03  -1.578851e-02  -2.091592e-02  -2.371347e-02  -2.472662e-02  -2.507338e-02  -2.608653e-02  -2.888408e-02  -3.401149e-02  -4.127308e-02  -4.980000e-02   0.000000e+00   6.047411e-02   1.161470e-01   1.625390e-01   1.958337e-01   2.132266e-01   2.132266e-01   1.958337e-01   1.625390e-01   1.161470e-01   6.047411e-02   0.000000e+00
   2.244468e-01   1.468600e+06   2.170000e+02   0.000000e+00  -8.960202e-03  -1.658981e-02  -2.197486e-02  -2.490907e-02  -2.596592e-02  -2.632158e-02  -2.737843e-02  -3.031264e-02  -3.569769e-02  -4.332730e-02  -5.228750e-02   0.000000e+00   6.219018e-02   1.194480e-01   1.671680e-01   2.014213e-01   2.193173e-01   2.193173e-01   2.014213e-01   1.671680e-01   1.194480e-01   6.219018e-02   0.000000e+00
   2.306085e-01   1.473700e+06   2.180000e+02   0.000000e+00  -9.393426e-03  -1.739105e-02  -2.303377e-02  -2.610469e-02  -2.720523e-02  -2.756977e-02  -2.867032e-02  -3.174123e-02  -3.738395e-02  -4.538157e-02  -5.477500e-02   0.000000e+00   6.386293e-02   1.226661e-01   1.716815e-01   2.068703e-01   2.252574e-01   2.252574e-01   2.068703e-01   1.716815e-01   1.226661e-01   6.386292e-02   0.000000e+00
   2.366307e-01   1.478600e+06   2.190000e+02   0.000000e+00  -9.826592e-03  -1.819222e-02  -2.409264e-02  -2.730030e-02  -2.844454e-02  -2.881796e-02  -2.996220e-02  -3.316986e-02  -3.907028e-02  -4.743591e-02  -5.726250e-02   0.000000e+00   6.549526e-02   1.258069e-01   1.760871e-01   2.121901e-01   2.310571e-01   2.310571e-01   2.121901e-01   1.760871e-01   1.258069e-01   6.549526e-02   0.000000e+00
   2.425226e-01   1.483200e+06   2.200000e+02   0.000000e+00  -1.025970e-02  -1.899332e-02  -2.515148e-02  -2.849590e-02  -2.968386e-02  -3.006614e-02  -3.125410e-02  -3.459852e-02  -4.075668e-02  -4.949030e-02  -5.975000e-02   0.000000e+00   6.708977e-02   1.288753e-01   1.803920e-01   2.173888e-01   2.367254e-01   2.367254e-01   2.173888e-01   1.803920e-01   1.288753e-01   6.708977e-02   0.000000e+00
   2.482923e-01   1.487600e+06   2.210000e+02   0.000000e+00  -1.069274e-02  -1.979433e-02  -2.621026e-02  -2.969150e-02  -3.092319e-02  -3.131432e-02  -3.254600e-02  -3.602724e-02  -4.244317e-02  -5.154476e-02  -6.223750e-02   0.000000e+00   6.864879e-02   1.318757e-01   1.846023e-01   2.224741e-01   2.422705e-01   2.422705e-01   2.224741e-01   1.846023e-01   1.318757e-01   6.864879e-02   0.000000e+00
   2.539473e-01   1.491700e+06   2.220000e+02   0.000000e+00  -1.112572e-02  -2.059527e-02  -2.726900e-02  -3.088709e-02  -3.216251e-02  -3.256249e-02  -3.383791e-02  -3.745600e-02  -4.412973e-02  -5.359928e-02  -6.472500e-02   0.000000e+00   7.017441e-02   1.348123e-01   1.887235e-01   2.274527e-01   2.476998e-01   2.476997e-01   2.274527e-01   1.887235e-01   1.348123e-01   7.017441e-02   0.000000e+00
   2.594942e-01   1.495600e+06   2.230000e+02   0.000000e+00  -1.155863e-02  -2.139612e-02  -2.832768e-02  -3.208267e-02  -3.340184e-02  -3.381067e-02  -3.512983e-02  -3.888482e-02  -4.581638e-02  -5.565387e-02  -6.721250e-02   0.000000e+00   7.166852e-02   1.376885e-01   1.927608e-01   2.323306e-01   2.530197e-01   2.530197e-01   2.323306e-01   1.927608e-01   1.376885e-01   7.166852e-02   0.000000e+00
   2.649390e-01   1.499400e+06   2.240000e+02   0.000000e+00  -1.199147e-02  -2.219688e-02  -2.938631e-02  -3.327824e-02  -3.464117e-02  -3.505884e-02  -3.642176e-02  -4.031369e-02  -4.750312e-02  -5.770853e-02  -6.970000e-02   0.000000e+00   7.313283e-02   1.405078e-01   1.967188e-01   2.371134e-01   2.582364e-01   2.582363e-01   2.371134e-01   1.967188e-01   1.405078e-01   7.313283e-02   0.000000e+00
   2.702873e-01   1.503000e+06   2.250000e+02   0.000000e+00  -1.242424e-02  -2.299755e-02  -3.044488e-02  -3.447378e-02  -3.588049e-02  -3.630701e-02  -3.771372e-02  -4.174262e-02  -4.918995e-02  -5.976326e-02  -7.218750e-02   0.000000e+00   7.456892e-02   1.432730e-01   2.006017e-01   2.418061e-01   2.633552e-01   2.633552e-01   2.418061e-01   2.006017e-01   1.432730e-01   7.456892e-02   0.000000e+00
   2.755440e-01   1.506400e+06   2.260000e+02   0.000000e+00  -1.285694e-02  -2.379813e-02  -3.150340e-02  -3.566931e-02  -3.711982e-02  -3.755518e-02  -3.900569e-02  -4.317160e-02  -5.087687e-02  -6.181806e-02  -7.467500e-02   0.000000e+00   7.597821e-02   1.459870e-01   2.044132e-01   2.464133e-01   2.683813e-01   2.683813e-01   2.464133e-01   2.044132e-01   1.459870e-01   7.597821e-02   0.000000e+00
   2.807138e-01   1.509700e+06   2.270000e+02   0.000000e+00  -1.328957e-02  -2.459862e-02  -3.256185e-02  -3.686483e-02  -3.835915e-02  -3.880336e-02  -4.029767e-02  -4.460065e-02  -5.256388e-02  -6.387293e-02  -7.716250e-02   0.000000e+00   7.736202e-02   1.486523e-01   2.081569e-01   2.509392e-01   2.733192e-01   2.733191e-01   2.509392e-01   2.081569e-01   1.486523e-01   7.736202e-02   0.000000e+00
   2.858010e-01   1.512900e+06   2.280000e+02   0.000000e+00  -1.372213e-02  -2.539901e-02  -3.362024e-02  -3.806032e-02  -3.959847e-02  -4.005153e-02  -4.158968e-02  -4.602976e-02  -5.425099e-02  -6.592787e-02  -7.965000e-02   0.000000e+00   7.872155e-02   1.512712e-01   2.118360e-01   2.553877e-01   2.781730e-01   2.781730e-01   2.553877e-01   2.118360e-01   1.512712e-01   7.872155e-02   0.000000e+00
   2.908094e-01   1.515900e+06   2.290000e+02   0.000000e+00  -1.415462e-02  -2.619931e-02  -3.467856e-02  -3.925579e-02  -4.083780e-02  -4.129970e-02  -4.288171e-02  -4.745894e-02  -5.593819e-02  -6.798288e-02  -8.213750e-02   0.000000e+00   8.005792e-02   1.538457e-01   2.154535e-01   2.597624e-01   2.829468e-01   2.829468e-01   2.597624e-01   2.154535e-01   1.538457e-01   8.005792e-02   0.000000e+00
   2.957427e-01   1.518900e+06   2.300000e+02   0.000000e+00  -1.458703e-02  -2.699952e-02  -3.573682e-02  -4.045124e-02  -4.207712e-02  -4.254788e-02  -4.417376e-02  -4.888818e-02  -5.762548e-02  -7.003797e-02  -8.462500e-02   0.000000e+00   8.137215e-02   1.563780e-01   2.190121e-01   2.640666e-01   2.876441e-01   2.876440e-01   2.640666e-01   2.190121e-01   1.563780e-01   8.137215e-02   0.000000e+00
   3.006042e-01   1.521700e+06   2.310000e+02   0.000000e+00  -1.501936e-02  -2.779962e-02  -3.679501e-02  -4.164667e-02  -4.331644e-02  -4.379606e-02  -4.546583e-02  -5.031749e-02  -5.931288e-02  -7.209314e-02  -8.711250e-02   0.000000e+00   8.266521e-02   1.588698e-01   2.225145e-01   2.683034e-01   2.922682e-01   2.922681e-01   2.683034e-01   2.225145e-01   1.588698e-01   8.266521e-02   0.000000e+00
   3.053970e-01   1.524500e+06   2.320000e+02   0.000000e+00  -1.545162e-02  -2.859963e-02  -3.785314e-02  -4.284207e-02  -4.455576e-02  -4.504424e-02  -4.675793e-02  -5.174686e-02  -6.100037e-02  -7.414838e-02  -8.960000e-02   0.000000e+00   8.393797e-02   1.613227e-01   2.259628e-01   2.724756e-01   2.968222e-01   2.968221e-01   2.724756e-01   2.259628e-01   1.613227e-01   8.393797e-02   0.000000e+00
   3.101239e-01   1.527100e+06   2.330000e+02   0.000000e+00  -1.588381e-02  -2.939954e-02  -3.891120e-02  -4.403746e-02  -4.579508e-02  -4.629243e-02  -4.805004e-02  -5.317630e-02  -6.268796e-02  -7.620369e-02  -9.208750e-02   0.000000e+00   8.519125e-02   1.637385e-01   2.293595e-01   2.765858e-01   3.013090e-01   3.013089e-01   2.765858e-01   2.293595e-01   1.637385e-01   8.519125e-02   0.000000e+00
   3.147878e-01   1.529700e+06   2.340000e+02   0.000000e+00  -1.631592e-02  -3.019934e-02  -3.996919e-02  -4.523281e-02  -4.703439e-02  -4.754061e-02  -4.934219e-02  -5.460581e-02  -6.437566e-02  -7.825908e-02  -9.457500e-02   0.000000e+00   8.642584e-02   1.661185e-01   2.327065e-01   2.806365e-01   3.057313e-01   3.057312e-01   2.806365e-01   2.327065e-01   1.661185e-01   8.642584e-02   0.000000e+00
   3.193911e-01   1.532200e+06   2.350000e+02   0.000000e+00  -1.674796e-02  -3.099905e-02  -4.102711e-02  -4.642815e-02  -4.827370e-02  -4.878880e-02  -5.063435e-02  -5.603539e-02  -6.606345e-02  -8.031454e-02  -9.706250e-02   0.000000e+00   8.764244e-02   1.684642e-01   2.360057e-01   2.846301e-01   3.100915e-01   3.100915e-01   2.846301e-01   2.360057e-01   1.684642e-01   8.764244e-02   0.000000e+00
   3.239361e-01   1.534700e+06   2.360000e+02   0.000000e+00  -1.717991e-02  -3.179866e-02  -4.208496e-02  -4.762346e-02  -4.951301e-02  -5.003699e-02  -5.192654e-02  -5.746504e-02  -6.775134e-02  -8.237009e-02  -9.955000e-02   0.000000e+00   8.884174e-02   1.707768e-01   2.392590e-01   2.885686e-01   3.143921e-01   3.143921e-01   2.885686e-01   2.392590e-01   1.707768e-01   8.884174e-02   0.000000e+00
   3.284251e-01   1.537100e+06   2.370000e+02   0.000000e+00  -1.761179e-02  -3.259817e-02  -4.314274e-02  -4.881874e-02  -5.075231e-02  -5.128519e-02  -5.321876e-02  -5.889476e-02  -6.943933e-02  -8.442571e-02  -1.020375e-01   0.000000e+00   9.002435e-02   1.730575e-01   2.424680e-01   2.924542e-01   3.186353e-01   3.186352e-01   2.924542e-01   2.424680e-01   1.730575e-01   9.002435e-02   0.000000e+00
   3.328602e-01   1.539400e+06   2.380000e+02   0.000000e+00  -1.804360e-02  -3.339757e-02  -4.420045e-02  -5.001400e-02  -5.199162e-02  -5.253339e-02  -5.451100e-02  -6.032455e-02  -7.112743e-02  -8.648140e-02  -1.045250e-01   0.000000e+00   9.119088e-02   1.753075e-01   2.456343e-01   2.962886e-01   3.228230e-01   3.228230e-01   2.962886e-01   2.456343e-01   1.753075e-01   9.119088e-02   0.000000e+00
   3.372432e-01   1.541600e+06   2.390000e+02   0.000000e+00  -1.847533e-02  -3.419687e-02  -4.525809e-02  -5.120923e-02  -5.323092e-02  -5.378159e-02  -5.580327e-02  -6.175441e-02  -7.281563e-02  -8.853717e-02  -1.070125e-01   0.000000e+00   9.234187e-02   1.775278e-01   2.487594e-01   3.000738e-01   3.269573e-01   3.269573e-01   3.000738e-01   2.487594e-01   1.775278e-01   9.234187e-02   0.000000e+00
   3.415761e-01   1.543800e+06   2.400000e+02   0.000000e+00  -1.890698e-02  -3.499607e-02  -4.631566e-02  -5.240444e-02  -5.447021e-02  -5.502979e-02  -5.709556e-02  -6.318434e-02  -7.450393e-02  -9.059302e-02  -1.095000e-01   0.000000e+00   9.347787e-02   1.797195e-01   2.518447e-01   3.038114e-01   3.310400e-01   3.310400e-01   3.038114e-01   2.518447e-01   1.797195e-01   9.347787e-02   0.000000e+00
   3.458605e-01   1.546000e+06   2.410000e+02   0.000000e+00  -1.933855e-02  -3.579517e-02  -4.737316e-02  -5.359962e-02  -5.570950e-02  -5.627800e-02  -5.838788e-02  -6.461434e-02  -7.619233e-02  -9.264895e-02  -1.119875e-01   0.000000e+00   9.459935e-02   1.818835e-01   2.548915e-01   3.075029e-01   3.350728e-01   3.350728e-01   3.075029e-01   2.548915e-01   1.818835e-01   9.459935e-02   0.000000e+00
   3.500981e-01   1.548100e+06   2.420000e+02   0.000000e+00  -1.977004e-02  -3.659417e-02  -4.843059e-02  -5.479477e-02  -5.694879e-02  -5.752621e-02  -5.968023e-02  -6.604442e-02  -7.788083e-02  -9.470496e-02  -1.144750e-01   0.000000e+00   9.570679e-02   1.840206e-01   2.579011e-01   3.111499e-01   3.390573e-01   3.390573e-01   3.111499e-01   2.579011e-01   1.840206e-01   9.570679e-02   0.000000e+00
   3.542904e-01   1.550100e+06   2.430000e+02   0.000000e+00  -2.020146e-02  -3.739306e-02  -4.948794e-02  -5.598990e-02  -5.818808e-02  -5.877443e-02  -6.097260e-02  -6.747456e-02  -7.956944e-02  -9.676104e-02  -1.169625e-01   0.000000e+00   9.680064e-02   1.861318e-01   2.608746e-01   3.147539e-01   3.429952e-01   3.429951e-01   3.147539e-01   2.608746e-01   1.861318e-01   9.680064e-02   0.000000e+00
   3.584390e-01   1.552200e+06   2.440000e+02   0.000000e+00  -2.063280e-02  -3.819185e-02  -5.054522e-02  -5.718500e-02  -5.942736e-02  -6.002265e-02  -6.226500e-02  -6.890478e-02  -8.125815e-02  -9.881720e-02  -1.194500e-01   0.000000e+00   9.788131e-02   1.882179e-01   2.638133e-01   3.183160e-01   3.468877e-01   3.468877e-01   3.183160e-01   2.638133e-01   1.882179e-01   9.788130e-02   0.000000e+00
   3.625451e-01   1.554100e+06   2.450000e+02   0.000000e+00  -2.106406e-02  -3.899053e-02  -5.160243e-02  -5.838008e-02  -6.066664e-02  -6.127087e-02  -6.355742e-02  -7.033507e-02  -8.294697e-02  -1.008734e-01  -1.219375e-01   0.000000e+00   9.894919e-02   1.902795e-01   2.667180e-01   3.218377e-01   3.507364e-01   3.507364e-01   3.218377e-01   2.667180e-01   1.902795e-01   9.894919e-02   0.000000e+00
   3.666101e-01   1.556100e+06   2.460000e+02   0.000000e+00  -2.149524e-02  -3.978911e-02  -5.265957e-02  -5.957513e-02  -6.190591e-02  -6.251909e-02  -6.484988e-02  -7.176543e-02  -8.463589e-02  -1.029298e-01  -1.244250e-01   0.000000e+00   1.000047e-01   1.923175e-01   2.695900e-01   3.253201e-01   3.545426e-01   3.545425e-01   3.253201e-01   2.695900e-01   1.923175e-01   1.000047e-01   0.000000e+00
   3.706352e-01   1.558000e+06   2.470000e+02   0.000000e+00  -2.192634e-02  -4.058759e-02  -5.371663e-02  -6.077015e-02  -6.314518e-02  -6.376732e-02  -6.614235e-02  -7.319587e-02  -8.632491e-02  -1.049862e-01  -1.269125e-01   0.000000e+00   1.010481e-01   1.943325e-01   2.724300e-01   3.287644e-01   3.583074e-01   3.583074e-01   3.287644e-01   2.724300e-01   1.943325e-01   1.010481e-01   0.000000e+00
   3.746217e-01   1.559800e+06   2.480000e+02   0.000000e+00  -2.235737e-02  -4.138597e-02  -5.477362e-02  -6.196514e-02  -6.438445e-02  -6.501556e-02  -6.743486e-02  -7.462638e-02  -8.801404e-02  -1.070426e-01  -1.294000e-01   0.000000e+00   1.020798e-01   1.963251e-01   2.752390e-01   3.321717e-01   3.620321e-01   3.620321e-01   3.321717e-01   2.752390e-01   1.963251e-01   1.020798e-01   0.000000e+00
   3.785706e-01   1.561600e+06   2.490000e+02   0.000000e+00  -2.278832e-02  -4.218423e-02  -5.583054e-02  -6.316011e-02  -6.562371e-02  -6.626379e-02  -6.872739e-02  -7.605696e-02  -8.970327e-02  -1.090992e-01  -1.318875e-01   0.000000e+00   1.031002e-01   1.982961e-01   2.780179e-01   3.355430e-01   3.657179e-01   3.657178e-01   3.355430e-01   2.780179e-01   1.982961e-01   1.031002e-01   0.000000e+00
   3.824831e-01   1.563400e+06   2.500000e+02   0.000000e+00  -2.321918e-02  -4.298240e-02  -5.688738e-02  -6.435505e-02  -6.686297e-02  -6.751203e-02  -7.001995e-02  -7.748762e-02  -9.139260e-02  -1.111558e-01  -1.343750e-01   0.000000e+00   1.041095e-01   2.002459e-01   2.807676e-01   3.388792e-01   3.693657e-01   3.693657e-01   3.388792e-01   2.807676e-01   2.002459e-01   1.041095e-01   0.000000e+00
   3.863601e-01   1.565200e+06   2.510000e+02   0.000000e+00  -2.364997e-02  -4.378046e-02  -5.794415e-02  -6.554996e-02  -6.810223e-02  -6.876028e-02  -7.131254e-02  -7.891835e-02  -9.308204e-02  -1.132125e-01  -1.368625e-01   0.000000e+00   1.051080e-01   2.021752e-01   2.834887e-01   3.421815e-01   3.729767e-01   3.729766e-01   3.421815e-01   2.834887e-01   2.021752e-01   1.051080e-01   0.000000e+00
   3.902027e-01   1.566900e+06   2.520000e+02   0.000000e+00  -2.408068e-02  -4.457841e-02  -5.900085e-02  -6.674484e-02  -6.934148e-02  -7.000852e-02  -7.260516e-02  -8.034915e-02  -9.477159e-02  -1.152693e-01  -1.393500e-01   0.000000e+00   1.060960e-01   2.040844e-01   2.861821e-01   3.454506e-01   3.765517e-01   3.765517e-01   3.454506e-01   2.861821e-01   2.040844e-01   1.060960e-01   0.000000e+00
   3.940117e-01   1.568600e+06   2.530000e+02   0.000000e+00  -2.451132e-02  -4.537627e-02  -6.005748e-02  -6.793970e-02  -7.058073e-02  -7.125678e-02  -7.389780e-02  -8.178003e-02  -9.646124e-02  -1.173262e-01  -1.418375e-01   0.000000e+00   1.070738e-01   2.059742e-01   2.888484e-01   3.486874e-01   3.800918e-01   3.800918e-01   3.486874e-01   2.888484e-01   2.059742e-01   1.070738e-01   0.000000e+00
   3.977882e-01   1.570300e+06   2.540000e+02   0.000000e+00  -2.494187e-02  -4.617401e-02  -6.111403e-02  -6.913453e-02  -7.181997e-02  -7.250503e-02  -7.519047e-02  -8.321098e-02  -9.815099e-02  -1.193831e-01  -1.443250e-01   0.000000e+00   1.080416e-01   2.078449e-01   2.914884e-01   3.518927e-01   3.835979e-01   3.835978e-01   3.518927e-01   2.914884e-01   2.078449e-01   1.080416e-01   0.000000e+00
   4.015328e-01   1.572000e+06   2.550000e+02   0.000000e+00  -2.537234e-02  -4.697165e-02  -6.217050e-02  -7.032933e-02  -7.305922e-02  -7.375329e-02  -7.648317e-02  -8.464200e-02  -9.984085e-02  -1.214402e-01  -1.468125e-01   0.000000e+00   1.089997e-01   2.096971e-01   2.941027e-01   3.550674e-01   3.870707e-01   3.870706e-01   3.550674e-01   2.941027e-01   2.096971e-01   1.089997e-01   0.000000e+00
   4.052465e-01   1.573600e+06   2.560000e+02   0.000000e+00  -2.580274e-02  -4.776919e-02  -6.322690e-02  -7.152411e-02  -7.429845e-02  -7.500155e-02  -7.777589e-02  -8.607310e-02  -1.015308e-01  -1.234973e-01  -1.493000e-01   0.000000e+00   1.099484e-01   2.115313e-01   2.966920e-01   3.582122e-01   3.905112e-01   3.905111e-01   3.582122e-01   2.966920e-01   2.115313e-01   1.099484e-01   0.000000e+00
   4.089300e-01   1.575200e+06   2.570000e+02   0.000000e+00  -2.623305e-02  -4.856662e-02  -6.428323e-02  -7.271886e-02  -7.553769e-02  -7.624982e-02  -7.906865e-02  -8.750427e-02  -1.032209e-01  -1.255544e-01  -1.517875e-01   0.000000e+00   1.108877e-01   2.133478e-01   2.992568e-01   3.613278e-01   3.939200e-01   3.939199e-01   3.613278e-01   2.992568e-01   2.133478e-01   1.108877e-01   0.000000e+00
   4.125841e-01   1.576800e+06   2.580000e+02   0.000000e+00  -2.666329e-02  -4.936394e-02  -6.533949e-02  -7.391358e-02  -7.677692e-02  -7.749809e-02  -8.036143e-02  -8.893551e-02  -1.049111e-01  -1.276117e-01  -1.542750e-01   0.000000e+00   1.118181e-01   2.151470e-01   3.017977e-01   3.644149e-01   3.972980e-01   3.972980e-01   3.644149e-01   3.017977e-01   2.151470e-01   1.118181e-01   0.000000e+00
   4.162095e-01   1.578300e+06   2.590000e+02   0.000000e+00  -2.709344e-02  -5.016116e-02  -6.639567e-02  -7.510827e-02  -7.801614e-02  -7.874637e-02  -8.165423e-02  -9.036683e-02  -1.066013e-01  -1.296691e-01  -1.567625e-01   0.000000e+00   1.127396e-01   2.169294e-01   3.043153e-01   3.674742e-01   4.006459e-01   4.006459e-01   3.674742e-01   3.043153e-01   2.169294e-01   1.127396e-01   0.000000e+00
   4.198070e-01   1.579900e+06   2.600000e+02   0.000000e+00  -2.752352e-02  -5.095828e-02  -6.745177e-02  -7.630293e-02  -7.925536e-02  -7.999464e-02  -8.294707e-02  -9.179823e-02  -1.082917e-01  -1.317265e-01  -1.592500e-01   0.000000e+00   1.136524e-01   2.186954e-01   3.068101e-01   3.705063e-01   4.039644e-01   4.039644e-01   3.705063e-01   3.068101e-01   2.186954e-01   1.136524e-01   0.000000e+00
   4.233770e-01   1.581400e+06   2.610000e+02   0.000000e+00  -2.795352e-02  -5.175528e-02  -6.850781e-02  -7.749757e-02  -8.049458e-02  -8.124293e-02  -8.423993e-02  -9.322970e-02  -1.099822e-01  -1.337840e-01  -1.617375e-01   0.000000e+00   1.145569e-01   2.204453e-01   3.092827e-01   3.735118e-01   4.072542e-01   4.072541e-01   3.735118e-01   3.092827e-01   2.204453e-01   1.145569e-01   0.000000e+00
   4.269204e-01   1.582900e+06   2.620000e+02   0.000000e+00  -2.838344e-02  -5.255219e-02  -6.956376e-02  -7.869218e-02  -8.173380e-02  -8.249121e-02  -8.553282e-02  -9.466124e-02  -1.116728e-01  -1.358416e-01  -1.642250e-01   0.000000e+00   1.154530e-01   2.221795e-01   3.117335e-01   3.764914e-01   4.105158e-01   4.105157e-01   3.764914e-01   3.117335e-01   2.221795e-01   1.154530e-01   0.000000e+00
   4.304377e-01   1.584400e+06   2.630000e+02   0.000000e+00  -2.881328e-02  -5.334898e-02  -7.061965e-02  -7.988676e-02  -8.297301e-02  -8.373950e-02  -8.682574e-02  -9.609286e-02  -1.133635e-01  -1.378992e-01  -1.667125e-01   0.000000e+00   1.163412e-01   2.238983e-01   3.141630e-01   3.794455e-01   4.137499e-01   4.137499e-01   3.794455e-01   3.141630e-01   2.238983e-01   1.163412e-01   0.000000e+00
   4.339296e-01   1.585900e+06   2.640000e+02   0.000000e+00  -2.924304e-02  -5.414567e-02  -7.167545e-02  -8.108131e-02  -8.421221e-02  -8.498779e-02  -8.811869e-02  -9.752455e-02  -1.150543e-01  -1.399570e-01  -1.692000e-01   0.000000e+00   1.172214e-01   2.256020e-01   3.165716e-01   3.823749e-01   4.169572e-01   4.169571e-01   3.823749e-01   3.165716e-01   2.256020e-01   1.172214e-01   0.000000e+00
   4.373965e-01   1.587300e+06   2.650000e+02   0.000000e+00  -2.967272e-02  -5.494226e-02  -7.273119e-02  -8.227584e-02  -8.545142e-02  -8.623609e-02  -8.941166e-02  -9.895631e-02  -1.167452e-01  -1.420148e-01  -1.716875e-01   0.000000e+00   1.180938e-01   2.272910e-01   3.189599e-01   3.852798e-01   4.201381e-01   4.201381e-01   3.852798e-01   3.189599e-01   2.272910e-01   1.180938e-01   0.000000e+00
   4.408390e-01   1.588800e+06   2.660000e+02   0.000000e+00  -3.010232e-02  -5.573874e-02  -7.378685e-02  -8.347034e-02  -8.669061e-02  -8.748439e-02  -9.070467e-02  -1.003882e-01  -1.184363e-01  -1.440727e-01  -1.741750e-01   0.000000e+00   1.189587e-01   2.289655e-01   3.213281e-01   3.881610e-01   4.232933e-01   4.232933e-01   3.881610e-01   3.213281e-01   2.289655e-01   1.189587e-01   0.000000e+00
   4.442577e-01   1.590200e+06   2.670000e+02   0.000000e+00  -3.053184e-02  -5.653511e-02  -7.484243e-02  -8.466480e-02  -8.792981e-02  -8.873270e-02  -9.199770e-02  -1.018201e-01  -1.201274e-01  -1.461307e-01  -1.766625e-01   0.000000e+00   1.198162e-01   2.306260e-01   3.236768e-01   3.910189e-01   4.264233e-01   4.264232e-01   3.910189e-01   3.236768e-01   2.306260e-01   1.198162e-01   0.000000e+00
   4.476531e-01   1.591600e+06   2.680000e+02   0.000000e+00  -3.096128e-02  -5.733138e-02  -7.589794e-02  -8.585925e-02  -8.916900e-02  -8.998101e-02  -9.329076e-02  -1.032521e-01  -1.218186e-01  -1.481887e-01  -1.791500e-01   0.000000e+00   1.206664e-01   2.322725e-01   3.260064e-01   3.938539e-01   4.295285e-01   4.295285e-01   3.938539e-01   3.260064e-01   2.322725e-01   1.206664e-01   0.000000e+00
   4.510257e-01   1.593000e+06   2.690000e+02   0.000000e+00  -3.139064e-02  -5.812754e-02  -7.695338e-02  -8.705366e-02  -9.040819e-02  -9.122932e-02  -9.458384e-02  -1.046841e-01  -1.235100e-01  -1.502469e-01  -1.816375e-01   0.000000e+00   1.215095e-01   2.339055e-01   3.283171e-01   3.966665e-01   4.326096e-01   4.326095e-01   3.966665e-01   3.283171e-01   2.339055e-01   1.215095e-01   0.000000e+00
   4.543759e-01   1.594300e+06   2.700000e+02   0.000000e+00  -3.181992e-02  -5.892359e-02  -7.800874e-02  -8.824805e-02  -9.164737e-02  -9.247764e-02  -9.587696e-02  -1.061163e-01  -1.252014e-01  -1.523051e-01  -1.841250e-01   0.000000e+00   1.223455e-01   2.355252e-01   3.306094e-01   3.994572e-01   4.356669e-01   4.356668e-01   3.994572e-01   3.306094e-01   2.355252e-01   1.223455e-01   0.000000e+00
   4.577042e-01   1.595700e+06   2.710000e+02   0.000000e+00  -3.224912e-02  -5.971954e-02  -7.906402e-02  -8.944240e-02  -9.288655e-02  -9.372596e-02  -9.717010e-02  -1.075485e-01  -1.268930e-01  -1.543634e-01  -1.866125e-01   0.000000e+00   1.231747e-01   2.371318e-01   3.328837e-01   4.022263e-01   4.387009e-01   4.387008e-01   4.022263e-01   3.328837e-01   2.371318e-01   1.231747e-01   0.000000e+00
   4.610111e-01   1.597100e+06   2.720000e+02   0.000000e+00  -3.267824e-02  -6.051538e-02  -8.011923e-02  -9.063673e-02  -9.412573e-02  -9.497428e-02  -9.846327e-02  -1.089808e-01  -1.285846e-01  -1.564218e-01  -1.891000e-01   0.000000e+00   1.239972e-01   2.387256e-01   3.351402e-01   4.049744e-01   4.417121e-01   4.417121e-01   4.049744e-01   3.351402e-01   2.387256e-01   1.239972e-01   0.000000e+00
   4.642970e-01   1.598400e+06   2.730000e+02   0.000000e+00  -3.310728e-02  -6.131112e-02  -8.117437e-02  -9.183104e-02  -9.536490e-02  -9.622261e-02  -9.975646e-02  -1.104131e-01  -1.302764e-01  -1.584802e-01  -1.915875e-01   0.000000e+00   1.248131e-01   2.403068e-01   3.373794e-01   4.077017e-01   4.447010e-01   4.447009e-01   4.077017e-01   3.373794e-01   2.403068e-01   1.248131e-01   0.000000e+00
   4.675622e-01   1.599700e+06   2.740000e+02   0.000000e+00  -3.353624e-02  -6.210675e-02  -8.222943e-02  -9.302531e-02  -9.660407e-02  -9.747094e-02  -1.010497e-01  -1.118456e-01  -1.319683e-01  -1.605388e-01  -1.940750e-01   0.000000e+00   1.256225e-01   2.418756e-01   3.396015e-01   4.104087e-01   4.476678e-01   4.476677e-01   4.104087e-01   3.396015e-01   2.418756e-01   1.256225e-01   0.000000e+00
   4.708073e-01   1.601000e+06   2.750000e+02   0.000000e+00  -3.396512e-02  -6.290227e-02  -8.328441e-02  -9.421956e-02  -9.784323e-02  -9.871928e-02  -1.023429e-01  -1.132781e-01  -1.336602e-01  -1.625974e-01  -1.965625e-01   0.000000e+00   1.264255e-01   2.434324e-01   3.418068e-01   4.130958e-01   4.506131e-01   4.506131e-01   4.130958e-01   3.418068e-01   2.434324e-01   1.264255e-01   0.000000e+00
   4.740326e-01   1.602300e+06   2.760000e+02   0.000000e+00  -3.439392e-02  -6.369769e-02  -8.433932e-02  -9.541378e-02  -9.908239e-02  -9.996762e-02  -1.036362e-01  -1.147107e-01  -1.353523e-01  -1.646561e-01  -1.990500e-01   0.000000e+00   1.272223e-01   2.449772e-01   3.439957e-01   4.157633e-01   4.535373e-01   4.535372e-01   4.157633e-01   3.439957e-01   2.449772e-01   1.272223e-01   0.000000e+00
   4.772385e-01   1.603600e+06   2.770000e+02   0.000000e+00  -3.482264e-02  -6.449299e-02  -8.539416e-02  -9.660797e-02  -1.003215e-01  -1.012160e-01  -1.049295e-01  -1.161433e-01  -1.370445e-01  -1.667149e-01  -2.015375e-01   0.000000e+00   1.280129e-01   2.465104e-01   3.461684e-01   4.184116e-01   4.564406e-01   4.564406e-01   4.184115e-01   3.461684e-01   2.465104e-01   1.280129e-01   0.000000e+00
   4.804252e-01   1.604900e+06   2.780000e+02   0.000000e+00  -3.525128e-02  -6.528820e-02  -8.644892e-02  -9.780213e-02  -1.015607e-01  -1.024643e-01  -1.062229e-01  -1.175761e-01  -1.387368e-01  -1.687737e-01  -2.040250e-01   0.000000e+00   1.287975e-01   2.480321e-01   3.483253e-01   4.210409e-01   4.593236e-01   4.593235e-01   4.210409e-01   3.483253e-01   2.480321e-01   1.287975e-01   0.000000e+00
   4.835933e-01   1.606200e+06   2.790000e+02   0.000000e+00  -3.567984e-02  -6.608329e-02  -8.750360e-02  -9.899626e-02  -1.027999e-01  -1.037127e-01  -1.075162e-01  -1.190089e-01  -1.404292e-01  -1.708327e-01  -2.065125e-01   0.000000e+00   1.295762e-01   2.495425e-01   3.504666e-01   4.236517e-01   4.621865e-01   4.621864e-01   4.236517e-01   3.504666e-01   2.495425e-01   1.295762e-01   0.000000e+00
   4.867431e-01   1.607400e+06   2.800000e+02   0.000000e+00  -3.610832e-02  -6.687828e-02  -8.855821e-02  -1.001904e-01  -1.040390e-01  -1.049610e-01  -1.088096e-01  -1.204418e-01  -1.421217e-01  -1.728917e-01  -2.090000e-01   0.000000e+00   1.303490e-01   2.510418e-01   3.525925e-01   4.262443e-01   4.650296e-01   4.650296e-01   4.262443e-01   3.525925e-01   2.510418e-01   1.303490e-01   0.000000e+00
   4.898748e-01   1.608700e+06   2.810000e+02   0.000000e+00  -3.653672e-02  -6.767316e-02  -8.961275e-02  -1.013844e-01  -1.052781e-01  -1.062094e-01  -1.101031e-01  -1.218748e-01  -1.438143e-01  -1.749508e-01  -2.114875e-01   0.000000e+00   1.311161e-01   2.525302e-01   3.547034e-01   4.288190e-01   4.678535e-01   4.678534e-01   4.288190e-01   3.547034e-01   2.525302e-01   1.311161e-01   0.000000e+00
   4.929888e-01   1.609900e+06   2.820000e+02   0.000000e+00  -3.696504e-02  -6.846794e-02  -9.066721e-02  -1.025785e-01  -1.065173e-01  -1.074577e-01  -1.113965e-01  -1.233078e-01  -1.455071e-01  -1.770100e-01  -2.139750e-01   0.000000e+00   1.318775e-01   2.540078e-01   3.567995e-01   4.313760e-01   4.706582e-01   4.706582e-01   4.313760e-01   3.567995e-01   2.540078e-01   1.318775e-01   0.000000e+00
   4.960854e-01   1.611200e+06   2.830000e+02   0.000000e+00  -3.739328e-02  -6.926260e-02  -9.172159e-02  -1.037725e-01  -1.077564e-01  -1.087061e-01  -1.126900e-01  -1.247409e-01  -1.471999e-01  -1.790692e-01  -2.164625e-01   0.000000e+00   1.326334e-01   2.554749e-01   3.588809e-01   4.339157e-01   4.734443e-01   4.734442e-01   4.339157e-01   3.588809e-01   2.554749e-01   1.326334e-01   0.000000e+00
   4.991649e-01   1.612400e+06   2.840000e+02   0.000000e+00  -3.782144e-02  -7.005716e-02  -9.277590e-02  -1.049665e-01  -1.089955e-01  -1.099545e-01  -1.139835e-01  -1.261741e-01  -1.488928e-01  -1.811286e-01  -2.189500e-01   0.000000e+00   1.333839e-01   2.569316e-01   3.609481e-01   4.364383e-01   4.762119e-01   4.762119e-01   4.364383e-01   3.609481e-01   2.569316e-01   1.333839e-01   0.000000e+00
   5.022277e-01   1.613600e+06   2.850000e+02   0.000000e+00  -3.824951e-02  -7.085162e-02  -9.383013e-02  -1.061605e-01  -1.102347e-01  -1.112028e-01  -1.152770e-01  -1.276074e-01  -1.505859e-01  -1.831880e-01  -2.214375e-01   0.000000e+00   1.341290e-01   2.583781e-01   3.630011e-01   4.389442e-01   4.789615e-01   4.789614e-01   4.389442e-01   3.630011e-01   2.583781e-01   1.341290e-01   0.000000e+00
   5.052740e-01   1.614800e+06   2.860000e+02   0.000000e+00  -3.867751e-02  -7.164596e-02  -9.488429e-02  -1.073544e-01  -1.114738e-01  -1.124512e-01  -1.165706e-01  -1.290407e-01  -1.522790e-01  -1.852475e-01  -2.239250e-01   0.000000e+00   1.348688e-01   2.598146e-01   3.650403e-01   4.414336e-01   4.816932e-01   4.816931e-01   4.414336e-01   3.650403e-01   2.598146e-01   1.348688e-01   0.000000e+00
   5.083040e-01   1.616000e+06   2.870000e+02   0.000000e+00  -3.910543e-02  -7.244020e-02  -9.593837e-02  -1.085483e-01  -1.127129e-01  -1.136996e-01  -1.178642e-01  -1.304741e-01  -1.539723e-01  -1.873071e-01  -2.264125e-01   0.000000e+00   1.356033e-01   2.612411e-01   3.670658e-01   4.439067e-01   4.844073e-01   4.844073e-01   4.439067e-01   3.670658e-01   2.612411e-01   1.356033e-01   0.000000e+00
   5.113181e-01   1.617200e+06   2.880000e+02   0.000000e+00  -3.953326e-02  -7.323433e-02  -9.699237e-02  -1.097422e-01  -1.139520e-01  -1.149480e-01  -1.191578e-01  -1.319076e-01  -1.556657e-01  -1.893667e-01  -2.289000e-01   0.000000e+00   1.363328e-01   2.626580e-01   3.690779e-01   4.463638e-01   4.871042e-01   4.871042e-01   4.463638e-01   3.690779e-01   2.626579e-01   1.363328e-01   0.000000e+00
   5.143165e-01   1.618400e+06   2.890000e+02   0.000000e+00  -3.996102e-02  -7.402835e-02  -9.804630e-02  -1.109361e-01  -1.151911e-01  -1.161964e-01  -1.204514e-01  -1.333412e-01  -1.573591e-01  -1.914265e-01  -2.313875e-01   0.000000e+00   1.370572e-01   2.640652e-01   3.710767e-01   4.488052e-01   4.897842e-01   4.897841e-01   4.488052e-01   3.710767e-01   2.640652e-01   1.370572e-01   0.000000e+00
   5.172996e-01   1.619600e+06   2.900000e+02   0.000000e+00  -4.038869e-02  -7.482227e-02  -9.910016e-02  -1.121299e-01  -1.164302e-01  -1.174448e-01  -1.217451e-01  -1.347748e-01  -1.590527e-01  -1.934863e-01  -2.338750e-01   0.000000e+00   1.377766e-01   2.654629e-01   3.730625e-01   4.512311e-01   4.924473e-01   4.924473e-01   4.512311e-01   3.730624e-01   2.654629e-01   1.377766e-01   0.000000e+00
   5.202674e-01   1.620700e+06   2.910000e+02   0.000000e+00  -4.081629e-02  -7.561608e-02  -1.001539e-01  -1.133237e-01  -1.176693e-01  -1.186932e-01  -1.230388e-01  -1.362086e-01  -1.607464e-01  -1.955462e-01  -2.363625e-01   0.000000e+00   1.384912e-01   2.668514e-01   3.750354e-01   4.536418e-01   4.950940e-01   4.950940e-01   4.536418e-01   3.750354e-01   2.668514e-01   1.384912e-01   0.000000e+00
   5.232203e-01   1.621900e+06   2.920000e+02   0.000000e+00  -4.124380e-02  -7.640978e-02  -1.012076e-01  -1.145175e-01  -1.189084e-01  -1.199416e-01  -1.243325e-01  -1.376424e-01  -1.624402e-01  -1.976062e-01  -2.388500e-01   0.000000e+00   1.392009e-01   2.682306e-01   3.769956e-01   4.560374e-01   4.977245e-01   4.977245e-01   4.560374e-01   3.769956e-01   2.682306e-01   1.392009e-01   0.000000e+00
   5.261586e-01   1.623100e+06   2.930000e+02   0.000000e+00  -4.167123e-02  -7.720337e-02  -1.022613e-01  -1.157112e-01  -1.201475e-01  -1.211900e-01  -1.256263e-01  -1.390762e-01  -1.641341e-01  -1.996663e-01  -2.413375e-01   0.000000e+00   1.399058e-01   2.696009e-01   3.789434e-01   4.584182e-01   5.003390e-01   5.003389e-01   4.584182e-01   3.789434e-01   2.696009e-01   1.399058e-01   0.000000e+00
   5.290824e-01   1.624200e+06   2.940000e+02   0.000000e+00  -4.209858e-02  -7.799685e-02  -1.033148e-01  -1.169049e-01  -1.213866e-01  -1.224384e-01  -1.269201e-01  -1.405102e-01  -1.658281e-01  -2.017264e-01  -2.438250e-01   0.000000e+00   1.406061e-01   2.709622e-01   3.808790e-01   4.607844e-01   5.029378e-01   5.029377e-01   4.607844e-01   3.808790e-01   2.709622e-01   1.406061e-01   0.000000e+00
   5.319919e-01   1.625400e+06   2.950000e+02   0.000000e+00  -4.252585e-02  -7.879023e-02  -1.043683e-01  -1.180986e-01  -1.226257e-01  -1.236868e-01  -1.282139e-01  -1.419442e-01  -1.675223e-01  -2.037866e-01  -2.463125e-01   0.000000e+00   1.413017e-01   2.723147e-01   3.828024e-01   4.631362e-01   5.055210e-01   5.055209e-01   4.631362e-01   3.828024e-01   2.723147e-01   1.413017e-01   0.000000e+00
   5.348875e-01   1.626500e+06   2.960000e+02   0.000000e+00  -4.295304e-02  -7.958350e-02  -1.054217e-01  -1.192922e-01  -1.238648e-01  -1.249352e-01  -1.295078e-01  -1.433783e-01  -1.692165e-01  -2.058470e-01  -2.488000e-01   0.000000e+00   1.419928e-01   2.736586e-01   3.847138e-01   4.654738e-01   5.080889e-01   5.080888e-01   4.654738e-01   3.847138e-01   2.736586e-01   1.419928e-01   0.000000e+00
   5.377693e-01   1.627600e+06   2.970000e+02   0.000000e+00  -4.338015e-02  -8.037666e-02  -1.064750e-01  -1.204859e-01  -1.251039e-01  -1.261836e-01  -1.308016e-01  -1.448125e-01  -1.709108e-01  -2.079074e-01  -2.512875e-01   0.000000e+00   1.426794e-01   2.749939e-01   3.866135e-01   4.677975e-01   5.106418e-01   5.106417e-01   4.677975e-01   3.866135e-01   2.749939e-01   1.426794e-01   0.000000e+00
   5.406374e-01   1.628800e+06   2.980000e+02   0.000000e+00  -4.380718e-02  -8.116971e-02  -1.075283e-01  -1.216795e-01  -1.263430e-01  -1.274320e-01  -1.320955e-01  -1.462467e-01  -1.726053e-01  -2.099678e-01  -2.537750e-01   0.000000e+00   1.433615e-01   2.763208e-01   3.885016e-01   4.701074e-01   5.131797e-01   5.131797e-01   4.701074e-01   3.885016e-01   2.763208e-01   1.433615e-01   0.000000e+00
   5.434923e-01   1.629900e+06   2.990000e+02   0.000000e+00  -4.423412e-02  -8.196266e-02  -1.085814e-01  -1.228730e-01  -1.275820e-01  -1.286805e-01  -1.333895e-01  -1.476811e-01  -1.742998e-01  -2.120284e-01  -2.562625e-01   0.000000e+00   1.440393e-01   2.776394e-01   3.903782e-01   4.724037e-01   5.157031e-01   5.157030e-01   4.724037e-01   3.903782e-01   2.776394e-01   1.440393e-01   0.000000e+00
   5.463339e-01   1.631000e+06   3.000000e+02   0.000000e+00  -4.466099e-02  -8.275550e-02  -1.096345e-01  -1.240666e-01  -1.288211e-01  -1.299289e-01  -1.346834e-01  -1.491155e-01  -1.759945e-01  -2.140890e-01  -2.587500e-01   0.000000e+00   1.447128e-01   2.789498e-01   3.922436e-01   4.746865e-01   5.182119e-01   5.182119e-01   4.746865e-01   3.922436e-01   2.789498e-01   1.447128e-01   0.000000e+00
   5.491626e-01   1.632100e+06   3.010000e+02   0.000000e+00  -4.508777e-02  -8.354822e-02  -1.106875e-01  -1.252601e-01  -1.300602e-01  -1.311773e-01  -1.359774e-01  -1.505500e-01  -1.776893e-01  -2.161497e-01  -2.612375e-01   0.000000e+00   1.453820e-01   2.802522e-01   3.940978e-01   4.769562e-01   5.207065e-01   5.207065e-01   4.769562e-01   3.940977e-01   2.802522e-01   1.453820e-01   0.000000e+00
   5.519784e-01   1.633200e+06   3.020000e+02   0.000000e+00  -4.551447e-02  -8.434084e-02  -1.117405e-01  -1.264536e-01  -1.312992e-01  -1.324258e-01  -1.372714e-01  -1.519845e-01  -1.793842e-01  -2.182105e-01  -2.637250e-01   0.000000e+00   1.460470e-01   2.815465e-01   3.959410e-01   4.792128e-01   5.231871e-01   5.231870e-01   4.792128e-01   3.959410e-01   2.815465e-01   1.460470e-01   0.000000e+00
   5.547817e-01   1.634300e+06   3.030000e+02   0.000000e+00  -4.594109e-02  -8.513335e-02  -1.127933e-01  -1.276471e-01  -1.325383e-01  -1.336742e-01  -1.385655e-01  -1.534192e-01  -1.810791e-01  -2.202714e-01  -2.662125e-01   0.000000e+00   1.467078e-01   2.828330e-01   3.977733e-01   4.814566e-01   5.256537e-01   5.256537e-01   4.814566e-01   3.977733e-01   2.828330e-01   1.467078e-01   0.000000e+00
   5.575725e-01   1.635400e+06   3.040000e+02   0.000000e+00  -4.636763e-02  -8.592576e-02  -1.138461e-01  -1.288405e-01  -1.337774e-01  -1.349227e-01  -1.398595e-01  -1.548539e-01  -1.827742e-01  -2.223324e-01  -2.687000e-01   0.000000e+00   1.473646e-01   2.841117e-01   3.995950e-01   4.836876e-01   5.281067e-01   5.281066e-01   4.836876e-01   3.995950e-01   2.841117e-01   1.473646e-01   0.000000e+00
   5.603511e-01   1.636500e+06   3.050000e+02   0.000000e+00  -4.679409e-02  -8.671805e-02  -1.148988e-01  -1.300339e-01  -1.350164e-01  -1.361711e-01  -1.411536e-01  -1.562887e-01  -1.844694e-01  -2.243934e-01  -2.711875e-01   0.000000e+00   1.480173e-01   2.853827e-01   4.014060e-01   4.859062e-01   5.305462e-01   5.305461e-01   4.859062e-01   4.014060e-01   2.853827e-01   1.480173e-01   0.000000e+00
   5.631176e-01   1.637600e+06   3.060000e+02   0.000000e+00  -4.722047e-02  -8.751024e-02  -1.159515e-01  -1.312273e-01  -1.362555e-01  -1.374196e-01  -1.424477e-01  -1.577235e-01  -1.861648e-01  -2.264545e-01  -2.736750e-01   0.000000e+00   1.486661e-01   2.866461e-01   4.032067e-01   4.881123e-01   5.329723e-01   5.329722e-01   4.881123e-01   4.032067e-01   2.866461e-01   1.486661e-01   0.000000e+00
   5.658722e-01   1.638700e+06   3.070000e+02   0.000000e+00  -4.764677e-02  -8.830232e-02  -1.170040e-01  -1.324206e-01  -1.374945e-01  -1.386680e-01  -1.437419e-01  -1.591585e-01  -1.878602e-01  -2.285157e-01  -2.761625e-01   0.000000e+00   1.493108e-01   2.879021e-01   4.049970e-01   4.903062e-01   5.353852e-01   5.353851e-01   4.903062e-01   4.049970e-01   2.879021e-01   1.493108e-01   0.000000e+00
   5.686150e-01   1.639700e+06   3.080000e+02   0.000000e+00  -4.807298e-02  -8.909428e-02  -1.180565e-01  -1.336139e-01  -1.387335e-01  -1.399165e-01  -1.450361e-01  -1.605935e-01  -1.895557e-01  -2.305770e-01  -2.786500e-01   0.000000e+00   1.499517e-01   2.891507e-01   4.067772e-01   4.924881e-01   5.377852e-01   5.377851e-01   4.924881e-01   4.067772e-01   2.891507e-01   1.499517e-01   0.000000e+00
   5.713463e-01   1.640800e+06   3.090000e+02   0.000000e+00  -4.849911e-02  -8.988614e-02  -1.191089e-01  -1.348072e-01  -1.399726e-01  -1.411649e-01  -1.463303e-01  -1.620286e-01  -1.912514e-01  -2.326384e-01  -2.811375e-01   0.000000e+00   1.505888e-01   2.903919e-01   4.085473e-01   4.946581e-01   5.401723e-01   5.401722e-01   4.946581e-01   4.085473e-01   2.903919e-01   1.505888e-01   0.000000e+00
   5.740661e-01   1.641900e+06   3.100000e+02   0.000000e+00  -4.892516e-02  -9.067789e-02  -1.201612e-01  -1.360005e-01  -1.412116e-01  -1.424134e-01  -1.476245e-01  -1.634638e-01  -1.929471e-01  -2.346998e-01  -2.836250e-01   0.000000e+00   1.512220e-01   2.916260e-01   4.103075e-01   4.968163e-01   5.425467e-01   5.425466e-01   4.968163e-01   4.103075e-01   2.916260e-01   1.512220e-01   0.000000e+00
   5.767747e-01   1.643000e+06   3.110000e+02   0.000000e+00  -4.935113e-02  -9.146954e-02  -1.212135e-01  -1.371937e-01  -1.424506e-01  -1.436619e-01  -1.489188e-01  -1.648990e-01  -1.946430e-01  -2.367614e-01  -2.861125e-01   0.000000e+00   1.518515e-01   2.928530e-01   4.120580e-01   4.989629e-01   5.449086e-01   5.449086e-01   4.989629e-01   4.120580e-01   2.928530e-01   1.518515e-01   0.000000e+00
   5.794722e-01   1.644000e+06   3.120000e+02   0.000000e+00  -4.977702e-02  -9.226107e-02  -1.222657e-01  -1.383869e-01  -1.436897e-01  -1.449103e-01  -1.502131e-01  -1.663343e-01  -1.963389e-01  -2.388230e-01  -2.886000e-01   0.000000e+00   1.524773e-01   2.940729e-01   4.137987e-01   5.010980e-01   5.472582e-01   5.472581e-01   5.010980e-01   4.137987e-01   2.940729e-01   1.524773e-01   0.000000e+00
   5.821587e-01   1.645100e+06   3.130000e+02   0.000000e+00  -5.020283e-02  -9.305249e-02  -1.233178e-01  -1.395801e-01  -1.449287e-01  -1.461588e-01  -1.515074e-01  -1.677697e-01  -1.980350e-01  -2.408847e-01  -2.910875e-01   0.000000e+00   1.530995e-01   2.952858e-01   4.155298e-01   5.032218e-01   5.495956e-01   5.495955e-01   5.032218e-01   4.155298e-01   2.952858e-01   1.530995e-01   0.000000e+00
   5.848343e-01   1.646100e+06   3.140000e+02   0.000000e+00  -5.062855e-02  -9.384381e-02  -1.243698e-01  -1.407732e-01  -1.461677e-01  -1.474073e-01  -1.528018e-01  -1.692052e-01  -1.997312e-01  -2.429465e-01  -2.935750e-01   0.000000e+00   1.537180e-01   2.964919e-01   4.172516e-01   5.053344e-01   5.519208e-01   5.519208e-01   5.053344e-01   4.172515e-01   2.964919e-01   1.537180e-01   0.000000e+00
   5.874993e-01   1.647200e+06   3.150000e+02   0.000000e+00  -5.105419e-02  -9.463501e-02  -1.254217e-01  -1.419663e-01  -1.474067e-01  -1.486558e-01  -1.540962e-01  -1.706408e-01  -2.014275e-01  -2.450083e-01  -2.960625e-01   0.000000e+00   1.543329e-01   2.976912e-01   4.189639e-01   5.074359e-01   5.542342e-01   5.542341e-01   5.074359e-01   4.189639e-01   2.976912e-01   1.543329e-01   0.000000e+00
   5.901537e-01   1.648200e+06   3.160000e+02   0.000000e+00  -5.147975e-02  -9.542611e-02  -1.264736e-01  -1.431594e-01  -1.486457e-01  -1.499043e-01  -1.553906e-01  -1.720764e-01  -2.031239e-01  -2.470702e-01  -2.985500e-01   0.000000e+00   1.549443e-01   2.988838e-01   4.206670e-01   5.095265e-01   5.565358e-01   5.565357e-01   5.095265e-01   4.206670e-01   2.988838e-01   1.549443e-01   0.000000e+00
   5.927978e-01   1.649300e+06   3.170000e+02   0.000000e+00  -5.190523e-02  -9.621710e-02  -1.275254e-01  -1.443525e-01  -1.498847e-01  -1.511528e-01  -1.566850e-01  -1.735121e-01  -2.048204e-01  -2.491323e-01  -3.010375e-01   0.000000e+00   1.555522e-01   3.000697e-01   4.223611e-01   5.116063e-01   5.588257e-01   5.588257e-01   5.116063e-01   4.223611e-01   3.000697e-01   1.555522e-01   0.000000e+00
   5.954315e-01   1.650300e+06   3.180000e+02   0.000000e+00  -5.233063e-02  -9.700797e-02  -1.285771e-01  -1.455455e-01  -1.511237e-01  -1.524013e-01  -1.579795e-01  -1.749479e-01  -2.065170e-01  -2.511944e-01  -3.035250e-01   0.000000e+00   1.561566e-01   3.012491e-01   4.240460e-01   5.136754e-01   5.611042e-01   5.611041e-01   5.136754e-01   4.240460e-01   3.012491e-01   1.561566e-01   0.000000e+00
   5.980551e-01   1.651300e+06   3.190000e+02   0.000000e+00  -5.275594e-02  -9.779874e-02  -1.296287e-01  -1.467385e-01  -1.523627e-01  -1.536498e-01  -1.592740e-01  -1.763838e-01  -2.082138e-01  -2.532566e-01  -3.060125e-01   0.000000e+00   1.567576e-01   3.024220e-01   4.257221e-01   5.157339e-01   5.633712e-01   5.633712e-01   5.157339e-01   4.257221e-01   3.024220e-01   1.567576e-01   0.000000e+00
   6.006687e-01   1.652400e+06   3.200000e+02   0.000000e+00  -5.318117e-02  -9.858940e-02  -1.306803e-01  -1.479315e-01  -1.536017e-01  -1.548983e-01  -1.605685e-01  -1.778197e-01  -2.099106e-01  -2.553188e-01  -3.085000e-01   0.000000e+00   1.573552e-01   3.035885e-01   4.273893e-01   5.177820e-01   5.656271e-01   5.656270e-01   5.177820e-01   4.273893e-01   3.035885e-01   1.573552e-01   0.000000e+00
   6.032723e-01   1.653400e+06   3.210000e+02   0.000000e+00  -5.360632e-02  -9.937995e-02  -1.317318e-01  -1.491245e-01  -1.548407e-01  -1.561468e-01  -1.618631e-01  -1.792557e-01  -2.116076e-01  -2.573812e-01  -3.109875e-01   0.000000e+00   1.579495e-01   3.047486e-01   4.290479e-01   5.198198e-01   5.678718e-01   5.678717e-01   5.198197e-01   4.290479e-01   3.047486e-01   1.579495e-01   0.000000e+00
   6.058662e-01   1.654400e+06   3.220000e+02   0.000000e+00  -5.403139e-02  -1.001704e-01  -1.327832e-01  -1.503174e-01  -1.560797e-01  -1.573953e-01  -1.631576e-01  -1.806918e-01  -2.133046e-01  -2.594436e-01  -3.134750e-01   0.000000e+00   1.585405e-01   3.059025e-01   4.306978e-01   5.218473e-01   5.701055e-01   5.701054e-01   5.218473e-01   4.306978e-01   3.059025e-01   1.585405e-01   0.000000e+00
   6.084505e-01   1.655500e+06   3.230000e+02   0.000000e+00  -5.445638e-02  -1.009607e-01  -1.338345e-01  -1.515103e-01  -1.573187e-01  -1.586438e-01  -1.644522e-01  -1.821280e-01  -2.150018e-01  -2.615061e-01  -3.159625e-01   0.000000e+00   1.591282e-01   3.070501e-01   4.323391e-01   5.238648e-01   5.723283e-01   5.723282e-01   5.238648e-01   4.323391e-01   3.070501e-01   1.591282e-01   0.000000e+00
   6.110252e-01   1.656500e+06   3.240000e+02   0.000000e+00  -5.488128e-02  -1.017509e-01  -1.348858e-01  -1.527031e-01  -1.585577e-01  -1.598923e-01  -1.657469e-01  -1.835643e-01  -2.166991e-01  -2.635687e-01  -3.184500e-01   0.000000e+00   1.597126e-01   3.081916e-01   4.339720e-01   5.258723e-01   5.745404e-01   5.745403e-01   5.258722e-01   4.339720e-01   3.081916e-01   1.597126e-01   0.000000e+00
   6.135905e-01   1.657500e+06   3.250000e+02   0.000000e+00  -5.530610e-02  -1.025410e-01  -1.359369e-01  -1.538960e-01  -1.597967e-01  -1.611409e-01  -1.670415e-01  -1.850006e-01  -2.183965e-01  -2.656314e-01  -3.209375e-01   0.000000e+00   1.602939e-01   3.093271e-01   4.355966e-01   5.278699e-01   5.767419e-01   5.767418e-01   5.278698e-01   4.355966e-01   3.093271e-01   1.602939e-01   0.000000e+00
   6.161464e-01   1.658500e+06   3.260000e+02   0.000000e+00  -5.573084e-02  -1.033310e-01  -1.369880e-01  -1.550888e-01  -1.610356e-01  -1.623894e-01  -1.683362e-01  -1.864370e-01  -2.200940e-01  -2.676942e-01  -3.234250e-01   0.000000e+00   1.608720e-01   3.104565e-01   4.372129e-01   5.298577e-01   5.789329e-01   5.789328e-01   5.298577e-01   4.372129e-01   3.104565e-01   1.608720e-01   0.000000e+00
   6.186932e-01   1.659500e+06   3.270000e+02   0.000000e+00  -5.615550e-02  -1.041209e-01  -1.380390e-01  -1.562815e-01  -1.622746e-01  -1.636379e-01  -1.696310e-01  -1.878735e-01  -2.217916e-01  -2.697570e-01  -3.259125e-01   0.000000e+00   1.614469e-01   3.115800e-01   4.388211e-01   5.318358e-01   5.811134e-01   5.811133e-01   5.318358e-01   4.388211e-01   3.115800e-01   1.614469e-01   0.000000e+00
   6.212309e-01   1.660500e+06   3.280000e+02   0.000000e+00  -5.658007e-02  -1.049107e-01  -1.390900e-01  -1.574743e-01  -1.635136e-01  -1.648864e-01  -1.709257e-01  -1.893100e-01  -2.234893e-01  -2.718199e-01  -3.284000e-01   0.000000e+00   1.620187e-01   3.126975e-01   4.404211e-01   5.338044e-01   5.832837e-01   5.832836e-01   5.338044e-01   4.404211e-01   3.126975e-01   1.620187e-01   0.000000e+00
   6.237596e-01   1.661500e+06   3.290000e+02   0.000000e+00  -5.700457e-02  -1.057004e-01  -1.401408e-01  -1.586670e-01  -1.647525e-01  -1.661350e-01  -1.722205e-01  -1.907467e-01  -2.251871e-01  -2.738829e-01  -3.308875e-01   0.000000e+00   1.625875e-01   3.138093e-01   4.420132e-01   5.357636e-01   5.854437e-01   5.854436e-01   5.357636e-01   4.420132e-01   3.138093e-01   1.625875e-01   0.000000e+00
   6.262794e-01   1.662500e+06   3.300000e+02   0.000000e+00  -5.742897e-02  -1.064899e-01  -1.411916e-01  -1.598597e-01  -1.659915e-01  -1.673835e-01  -1.735153e-01  -1.921834e-01  -2.268851e-01  -2.759460e-01  -3.333750e-01   0.000000e+00   1.631532e-01   3.149153e-01   4.435973e-01   5.377133e-01   5.875937e-01   5.875936e-01   5.377133e-01   4.435973e-01   3.149153e-01   1.631532e-01   0.000000e+00
   6.287904e-01   1.663500e+06   3.310000e+02   0.000000e+00  -5.785330e-02  -1.072794e-01  -1.422423e-01  -1.610523e-01  -1.672304e-01  -1.686321e-01  -1.748102e-01  -1.936202e-01  -2.285831e-01  -2.780092e-01  -3.358625e-01   0.000000e+00   1.637159e-01   3.160156e-01   4.451736e-01   5.396538e-01   5.897338e-01   5.897337e-01   5.396538e-01   4.451736e-01   3.160156e-01   1.637159e-01   0.000000e+00
   6.312928e-01   1.664500e+06   3.320000e+02   0.000000e+00  -5.827754e-02  -1.080687e-01  -1.432929e-01  -1.622450e-01  -1.684694e-01  -1.698806e-01  -1.761050e-01  -1.950571e-01  -2.302813e-01  -2.800725e-01  -3.383500e-01   0.000000e+00   1.642756e-01   3.171102e-01   4.467421e-01   5.415852e-01   5.918639e-01   5.918638e-01   5.415852e-01   4.467421e-01   3.171102e-01   1.642756e-01   0.000000e+00
   6.337866e-01   1.665500e+06   3.330000e+02   0.000000e+00  -5.870171e-02  -1.088580e-01  -1.443435e-01  -1.634376e-01  -1.697083e-01  -1.711292e-01  -1.773999e-01  -1.964940e-01  -2.319796e-01  -2.821358e-01  -3.408375e-01   0.000000e+00   1.648324e-01   3.181992e-01   4.483030e-01   5.435074e-01   5.939843e-01   5.939842e-01   5.435074e-01   4.483030e-01   3.181992e-01   1.648324e-01   0.000000e+00
   6.362719e-01   1.666500e+06   3.340000e+02   0.000000e+00  -5.912578e-02  -1.096471e-01  -1.453940e-01  -1.646302e-01  -1.709473e-01  -1.723777e-01  -1.786948e-01  -1.979311e-01  -2.336779e-01  -2.841992e-01  -3.433250e-01   0.000000e+00   1.653862e-01   3.192827e-01   4.498562e-01   5.454207e-01   5.960950e-01   5.960949e-01   5.454207e-01   4.498562e-01   3.192827e-01   1.653862e-01   0.000000e+00
   6.387488e-01   1.667500e+06   3.350000e+02   0.000000e+00  -5.954978e-02  -1.104361e-01  -1.464443e-01  -1.658227e-01  -1.721862e-01  -1.736263e-01  -1.799898e-01  -1.993682e-01  -2.353764e-01  -2.862627e-01  -3.458125e-01   0.000000e+00   1.659372e-01   3.203607e-01   4.514019e-01   5.473250e-01   5.981962e-01   5.981961e-01   5.473250e-01   4.514019e-01   3.203607e-01   1.659372e-01   0.000000e+00
   6.412174e-01   1.668500e+06   3.360000e+02   0.000000e+00  -5.997369e-02  -1.112250e-01  -1.474947e-01  -1.670152e-01  -1.734252e-01  -1.748749e-01  -1.812848e-01  -2.008053e-01  -2.370750e-01  -2.883263e-01  -3.483000e-01   0.000000e+00   1.664853e-01   3.214333e-01   4.529402e-01   5.492206e-01   6.002879e-01   6.002878e-01   5.492206e-01   4.529402e-01   3.214333e-01   1.664853e-01   0.000000e+00
   6.436779e-01   1.669500e+06   3.370000e+02   0.000000e+00  -6.039752e-02  -1.120138e-01  -1.485449e-01  -1.682077e-01  -1.746641e-01  -1.761234e-01  -1.825798e-01  -2.022426e-01  -2.387738e-01  -2.903900e-01  -3.507875e-01   0.000000e+00   1.670305e-01   3.225005e-01   4.544711e-01   5.511074e-01   6.023702e-01   6.023701e-01   5.511074e-01   4.544711e-01   3.225005e-01   1.670305e-01   0.000000e+00
   6.461302e-01   1.670500e+06   3.380000e+02   0.000000e+00  -6.082127e-02  -1.128024e-01  -1.495950e-01  -1.694002e-01  -1.759030e-01  -1.773720e-01  -1.838748e-01  -2.036800e-01  -2.404726e-01  -2.924537e-01  -3.532750e-01   0.000000e+00   1.675729e-01   3.235623e-01   4.559946e-01   5.529856e-01   6.044432e-01   6.044431e-01   5.529856e-01   4.559946e-01   3.235623e-01   1.675729e-01   0.000000e+00
   6.485745e-01   1.671500e+06   3.390000e+02   0.000000e+00  -6.124494e-02  -1.135910e-01  -1.506451e-01  -1.705926e-01  -1.771419e-01  -1.786206e-01  -1.851699e-01  -2.051174e-01  -2.421715e-01  -2.945176e-01  -3.557625e-01   0.000000e+00   1.681125e-01   3.246189e-01   4.575109e-01   5.548553e-01   6.065070e-01   6.065069e-01   5.548553e-01   4.575109e-01   3.246189e-01   1.681125e-01   0.000000e+00
   6.510109e-01   1.672500e+06   3.400000e+02   0.000000e+00  -6.166852e-02  -1.143794e-01  -1.516951e-01  -1.717850e-01  -1.783809e-01  -1.798691e-01  -1.864650e-01  -2.065549e-01  -2.438706e-01  -2.965815e-01  -3.582500e-01   0.000000e+00   1.686494e-01   3.256702e-01   4.590201e-01   5.567164e-01   6.085617e-01   6.085616e-01   5.567164e-01   4.590201e-01   3.256702e-01   1.686494e-01   0.000000e+00
   6.534394e-01   1.673500e+06   3.410000e+02   0.000000e+00  -6.209201e-02  -1.151678e-01  -1.527450e-01  -1.729774e-01  -1.796198e-01  -1.811177e-01  -1.877601e-01  -2.079925e-01  -2.455697e-01  -2.986455e-01  -3.607375e-01   0.000000e+00   1.691835e-01   3.267164e-01   4.605221e-01   5.585692e-01   6.106074e-01   6.106073e-01   5.585692e-01   4.605221e-01   3.267164e-01   1.691835e-01   0.000000e+00
   6.558601e-01   1.674400e+06   3.420000e+02   0.000000e+00  -6.251543e-02  -1.159560e-01  -1.537949e-01  -1.741697e-01  -1.808587e-01  -1.823663e-01  -1.890553e-01  -2.094301e-01  -2.472690e-01  -3.007096e-01  -3.632250e-01   0.000000e+00   1.697150e-01   3.277574e-01   4.620171e-01   5.604137e-01   6.126442e-01   6.126441e-01   5.604136e-01   4.620171e-01   3.277574e-01   1.697150e-01   0.000000e+00
   6.582732e-01   1.675400e+06   3.430000e+02   0.000000e+00  -6.293876e-02  -1.167441e-01  -1.548446e-01  -1.753620e-01  -1.820976e-01  -1.836149e-01  -1.903505e-01  -2.108679e-01  -2.489684e-01  -3.027737e-01  -3.657125e-01   0.000000e+00   1.702437e-01   3.287934e-01   4.635051e-01   5.622499e-01   6.146721e-01   6.146720e-01   5.622499e-01   4.635051e-01   3.287934e-01   1.702437e-01   0.000000e+00
   6.606786e-01   1.676400e+06   3.440000e+02   0.000000e+00  -6.336201e-02  -1.175321e-01  -1.558943e-01  -1.765543e-01  -1.833365e-01  -1.848635e-01  -1.916457e-01  -2.123057e-01  -2.506679e-01  -3.048380e-01  -3.682000e-01   0.000000e+00   1.707698e-01   3.298243e-01   4.649862e-01   5.640780e-01   6.166912e-01   6.166911e-01   5.640780e-01   4.649862e-01   3.298243e-01   1.707698e-01   0.000000e+00
   6.630766e-01   1.677400e+06   3.450000e+02   0.000000e+00  -6.378517e-02  -1.183200e-01  -1.569439e-01  -1.777466e-01  -1.845754e-01  -1.861121e-01  -1.929409e-01  -2.137436e-01  -2.523675e-01  -3.069023e-01  -3.706875e-01   0.000000e+00   1.712932e-01   3.308502e-01   4.664605e-01   5.658979e-01   6.187017e-01   6.187016e-01   5.658979e-01   4.664605e-01   3.308502e-01   1.712932e-01   0.000000e+00
   6.654671e-01   1.678300e+06   3.460000e+02   0.000000e+00  -6.420826e-02  -1.191078e-01  -1.579935e-01  -1.789388e-01  -1.858143e-01  -1.873607e-01  -1.942362e-01  -2.151815e-01  -2.540672e-01  -3.089667e-01  -3.731750e-01   0.000000e+00   1.718140e-01   3.318711e-01   4.679280e-01   5.677099e-01   6.207035e-01   6.207035e-01   5.677099e-01   4.679279e-01   3.318711e-01   1.718140e-01   0.000000e+00
   6.678502e-01   1.679300e+06   3.470000e+02   0.000000e+00  -6.463125e-02  -1.198955e-01  -1.590429e-01  -1.801310e-01  -1.870532e-01  -1.886093e-01  -1.955315e-01  -2.166196e-01  -2.557670e-01  -3.110312e-01  -3.756625e-01   0.000000e+00   1.723323e-01   3.328872e-01   4.693887e-01   5.695140e-01   6.226969e-01   6.226968e-01   5.695140e-01   4.693887e-01   3.328872e-01   1.723323e-01   0.000000e+00
   6.702260e-01   1.680300e+06   3.480000e+02   0.000000e+00  -6.505417e-02  -1.206830e-01  -1.600923e-01  -1.813232e-01  -1.882921e-01  -1.898579e-01  -1.968269e-01  -2.180577e-01  -2.574670e-01  -3.130958e-01  -3.781500e-01   0.000000e+00   1.728479e-01   3.338984e-01   4.708428e-01   5.713102e-01   6.246818e-01   6.246817e-01   5.713102e-01   4.708428e-01   3.338984e-01   1.728479e-01   0.000000e+00
   6.725947e-01   1.681200e+06   3.490000e+02   0.000000e+00  -6.547700e-02  -1.214705e-01  -1.611416e-01  -1.825153e-01  -1.895310e-01  -1.911065e-01  -1.981222e-01  -2.194959e-01  -2.591670e-01  -3.151605e-01  -3.806375e-01   0.000000e+00   1.733610e-01   3.349048e-01   4.722903e-01   5.730986e-01   6.266583e-01   6.266582e-01   5.730986e-01   4.722903e-01   3.349048e-01   1.733610e-01   0.000000e+00
   6.749561e-01   1.682200e+06   3.500000e+02   0.000000e+00  -6.589975e-02  -1.222578e-01  -1.621908e-01  -1.837074e-01  -1.907699e-01  -1.923551e-01  -1.994176e-01  -2.209342e-01  -2.608672e-01  -3.172253e-01  -3.831250e-01   0.000000e+00   1.738716e-01   3.359064e-01   4.737312e-01   5.748792e-01   6.286265e-01   6.286264e-01   5.748792e-01   4.737312e-01   3.359063e-01   1.738716e-01   0.000000e+00
   6.773106e-01   1.683200e+06   3.510000e+02   0.000000e+00  -6.632241e-02  -1.230450e-01  -1.632399e-01  -1.848995e-01  -1.920088e-01  -1.936038e-01  -2.007130e-01  -2.223726e-01  -2.625675e-01  -3.192901e-01  -3.856125e-01   0.000000e+00   1.743797e-01   3.369032e-01   4.751656e-01   5.766523e-01   6.305865e-01   6.305864e-01   5.766523e-01   4.751656e-01   3.369032e-01   1.743797e-01   0.000000e+00
   6.796580e-01   1.684100e+06   3.520000e+02   0.000000e+00  -6.674499e-02  -1.238322e-01  -1.642890e-01  -1.860915e-01  -1.932476e-01  -1.948524e-01  -2.020085e-01  -2.238110e-01  -2.642678e-01  -3.213550e-01  -3.881000e-01   0.000000e+00   1.748853e-01   3.378954e-01   4.765937e-01   5.784177e-01   6.325384e-01   6.325383e-01   5.784177e-01   4.765937e-01   3.378954e-01   1.748853e-01   0.000000e+00
   6.819984e-01   1.685100e+06   3.530000e+02   0.000000e+00  -6.716749e-02  -1.246192e-01  -1.653379e-01  -1.872836e-01  -1.944865e-01  -1.961010e-01  -2.033039e-01  -2.252496e-01  -2.659683e-01  -3.234200e-01  -3.905875e-01   0.000000e+00   1.753885e-01   3.388829e-01   4.780153e-01   5.801756e-01   6.344822e-01   6.344821e-01   5.801756e-01   4.780153e-01   3.388829e-01   1.753885e-01   0.000000e+00
   6.843321e-01   1.686100e+06   3.540000e+02   0.000000e+00  -6.758991e-02  -1.254060e-01  -1.663868e-01  -1.884756e-01  -1.957254e-01  -1.973496e-01  -2.045995e-01  -2.266882e-01  -2.676690e-01  -3.254851e-01  -3.930750e-01   0.000000e+00   1.758892e-01   3.398658e-01   4.794306e-01   5.819261e-01   6.364180e-01   6.364179e-01   5.819261e-01   4.794306e-01   3.398658e-01   1.758892e-01   0.000000e+00
   6.866589e-01   1.687000e+06   3.550000e+02   0.000000e+00  -6.801223e-02  -1.261928e-01  -1.674356e-01  -1.896675e-01  -1.969643e-01  -1.985983e-01  -2.058950e-01  -2.281269e-01  -2.693697e-01  -3.275503e-01  -3.955625e-01   0.000000e+00   1.763875e-01   3.408441e-01   4.808396e-01   5.836692e-01   6.383458e-01   6.383457e-01   5.836692e-01   4.808396e-01   3.408441e-01   1.763875e-01   0.000000e+00
   6.889790e-01   1.688000e+06   3.560000e+02   0.000000e+00  -6.843448e-02  -1.269795e-01  -1.684844e-01  -1.908595e-01  -1.982031e-01  -1.998469e-01  -2.071906e-01  -2.295656e-01  -2.710705e-01  -3.296155e-01  -3.980500e-01   0.000000e+00   1.768833e-01   3.418179e-01   4.822425e-01   5.854049e-01   6.402658e-01   6.402657e-01   5.854049e-01   4.822425e-01   3.418178e-01   1.768833e-01   0.000000e+00
   6.912924e-01   1.688900e+06   3.570000e+02   0.000000e+00  -6.885664e-02  -1.277660e-01  -1.695330e-01  -1.920514e-01  -1.994420e-01  -2.010955e-01  -2.084861e-01  -2.310045e-01  -2.727715e-01  -3.316809e-01  -4.005375e-01   0.000000e+00   1.773769e-01   3.427871e-01   4.836391e-01   5.871334e-01   6.421780e-01   6.421779e-01   5.871334e-01   4.836391e-01   3.427871e-01   1.773769e-01   0.000000e+00
   6.935993e-01   1.689900e+06   3.580000e+02   0.000000e+00  -6.927872e-02  -1.285525e-01  -1.705816e-01  -1.932432e-01  -2.006808e-01  -2.023442e-01  -2.097818e-01  -2.324434e-01  -2.744725e-01  -3.337463e-01  -4.030250e-01   0.000000e+00   1.778680e-01   3.437519e-01   4.850297e-01   5.888547e-01   6.440824e-01   6.440823e-01   5.888547e-01   4.850297e-01   3.437519e-01   1.778680e-01   0.000000e+00
   6.958996e-01   1.690800e+06   3.590000e+02   0.000000e+00  -6.970071e-02  -1.293388e-01  -1.716301e-01  -1.944351e-01  -2.019197e-01  -2.035928e-01  -2.110774e-01  -2.338824e-01  -2.761737e-01  -3.358118e-01  -4.055125e-01   0.000000e+00   1.783568e-01   3.447123e-01   4.864142e-01   5.905688e-01   6.459792e-01   6.459791e-01   5.905688e-01   4.864142e-01   3.447123e-01   1.783568e-01   0.000000e+00
   6.981934e-01   1.691800e+06   3.600000e+02   0.000000e+00  -7.012262e-02  -1.301250e-01  -1.726785e-01  -1.956269e-01  -2.031585e-01  -2.048415e-01  -2.123731e-01  -2.353215e-01  -2.778750e-01  -3.378774e-01  -4.080000e-01   0.000000e+00   1.788433e-01   3.456683e-01   4.877926e-01   5.922759e-01   6.478684e-01   6.478683e-01   5.922759e-01   4.877926e-01   3.456683e-01   1.788433e-01   0.000000e+00
   7.004808e-01   1.692700e+06   3.610000e+02   0.000000e+00  -7.054445e-02  -1.309111e-01  -1.737269e-01  -1.968187e-01  -2.043974e-01  -2.060901e-01  -2.136688e-01  -2.367606e-01  -2.795764e-01  -3.399431e-01  -4.104875e-01   0.000000e+00   1.793275e-01   3.466199e-01   4.891651e-01   5.939759e-01   6.497501e-01   6.497500e-01   5.939759e-01   4.891651e-01   3.466199e-01   1.793275e-01   0.000000e+00
   7.027619e-01   1.693700e+06   3.620000e+02   0.000000e+00  -7.096619e-02  -1.316971e-01  -1.747751e-01  -1.980104e-01  -2.056362e-01  -2.073388e-01  -2.149646e-01  -2.381999e-01  -2.812779e-01  -3.420088e-01  -4.129750e-01   0.000000e+00   1.798094e-01   3.475672e-01   4.905317e-01   5.956689e-01   6.516242e-01   6.516241e-01   5.956689e-01   4.905317e-01   3.475672e-01   1.798094e-01   0.000000e+00
   7.050367e-01   1.694600e+06   3.630000e+02   0.000000e+00  -7.138785e-02  -1.324830e-01  -1.758233e-01  -1.992022e-01  -2.068750e-01  -2.085875e-01  -2.162603e-01  -2.396392e-01  -2.829795e-01  -3.440747e-01  -4.154625e-01   0.000000e+00   1.802890e-01   3.485102e-01   4.918925e-01   5.973551e-01   6.534910e-01   6.534909e-01   5.973551e-01   4.918925e-01   3.485102e-01   1.802890e-01   0.000000e+00
   7.073053e-01   1.695600e+06   3.640000e+02   0.000000e+00  -7.180942e-02  -1.332687e-01  -1.768714e-01  -2.003939e-01  -2.081139e-01  -2.098361e-01  -2.175561e-01  -2.410786e-01  -2.846813e-01  -3.461406e-01  -4.179500e-01   0.000000e+00   1.807664e-01   3.494490e-01   4.932474e-01   5.990344e-01   6.553504e-01   6.553503e-01   5.990344e-01   4.932474e-01   3.494490e-01   1.807664e-01   0.000000e+00
   7.095676e-01   1.696500e+06   3.650000e+02   0.000000e+00  -7.223091e-02  -1.340544e-01  -1.779194e-01  -2.015855e-01  -2.093527e-01  -2.110848e-01  -2.188520e-01  -2.425181e-01  -2.863831e-01  -3.482066e-01  -4.204375e-01   0.000000e+00   1.812415e-01   3.503835e-01   4.945965e-01   6.007069e-01   6.572025e-01   6.572024e-01   6.007069e-01   4.945965e-01   3.503835e-01   1.812415e-01   0.000000e+00
   7.118239e-01   1.697500e+06   3.660000e+02   0.000000e+00  -7.265231e-02  -1.348399e-01  -1.789673e-01  -2.027772e-01  -2.105915e-01  -2.123335e-01  -2.201478e-01  -2.439577e-01  -2.880851e-01  -3.502727e-01  -4.229250e-01   0.000000e+00   1.817144e-01   3.513139e-01   4.959399e-01   6.023726e-01   6.590474e-01   6.590473e-01   6.023726e-01   4.959399e-01   3.513139e-01   1.817144e-01   0.000000e+00
   7.140741e-01   1.698400e+06   3.670000e+02   0.000000e+00  -7.307363e-02  -1.356253e-01  -1.800152e-01  -2.039688e-01  -2.118304e-01  -2.135822e-01  -2.214437e-01  -2.453973e-01  -2.897872e-01  -3.523389e-01  -4.254125e-01   0.000000e+00   1.821852e-01   3.522401e-01   4.972776e-01   6.040317e-01   6.608851e-01   6.608850e-01   6.040317e-01   4.972776e-01   3.522401e-01   1.821852e-01   0.000000e+00
   7.163183e-01   1.699400e+06   3.680000e+02   0.000000e+00  -7.349487e-02  -1.364106e-01  -1.810630e-01  -2.051604e-01  -2.130692e-01  -2.148308e-01  -2.227396e-01  -2.468370e-01  -2.914894e-01  -3.544051e-01  -4.279000e-01   0.000000e+00   1.826537e-01   3.531622e-01   4.986097e-01   6.056841e-01   6.627157e-01   6.627155e-01   6.056841e-01   4.986097e-01   3.531622e-01   1.826537e-01   0.000000e+00
   7.185566e-01   1.700300e+06   3.690000e+02   0.000000e+00  -7.391602e-02  -1.371958e-01  -1.821107e-01  -2.063519e-01  -2.143080e-01  -2.160795e-01  -2.240356e-01  -2.482768e-01  -2.931917e-01  -3.564715e-01  -4.303875e-01   0.000000e+00   1.831201e-01   3.540801e-01   4.999361e-01   6.073300e-01   6.645392e-01   6.645391e-01   6.073299e-01   4.999361e-01   3.540801e-01   1.831201e-01   0.000000e+00
   7.207889e-01   1.701300e+06   3.700000e+02   0.000000e+00  -7.433709e-02  -1.379809e-01  -1.831583e-01  -2.075434e-01  -2.155468e-01  -2.173282e-01  -2.253316e-01  -2.497167e-01  -2.948941e-01  -3.585379e-01  -4.328750e-01   0.000000e+00   1.835843e-01   3.549941e-01   5.012571e-01   6.089693e-01   6.663557e-01   6.663556e-01   6.089692e-01   5.012571e-01   3.549941e-01   1.835843e-01   0.000000e+00
   7.230155e-01   1.702200e+06   3.710000e+02   0.000000e+00  -7.475807e-02  -1.387659e-01  -1.842058e-01  -2.087349e-01  -2.167856e-01  -2.185769e-01  -2.266276e-01  -2.511567e-01  -2.965966e-01  -3.606044e-01  -4.353625e-01   0.000000e+00   1.840464e-01   3.559039e-01   5.025725e-01   6.106021e-01   6.681652e-01   6.681651e-01   6.106021e-01   5.025725e-01   3.559039e-01   1.840464e-01   0.000000e+00
   7.252362e-01   1.703100e+06   3.720000e+02   0.000000e+00  -7.517896e-02  -1.395507e-01  -1.852533e-01  -2.099264e-01  -2.180244e-01  -2.198256e-01  -2.279236e-01  -2.525967e-01  -2.982993e-01  -3.626710e-01  -4.378500e-01   0.000000e+00   1.845064e-01   3.568098e-01   5.038824e-01   6.122284e-01   6.699679e-01   6.699678e-01   6.122284e-01   5.038824e-01   3.568098e-01   1.845064e-01   0.000000e+00
   7.274512e-01   1.704100e+06   3.730000e+02   0.000000e+00  -7.559978e-02  -1.403355e-01  -1.863006e-01  -2.111178e-01  -2.192632e-01  -2.210743e-01  -2.292197e-01  -2.540369e-01  -3.000020e-01  -3.647377e-01  -4.403375e-01   0.000000e+00   1.849643e-01   3.577117e-01   5.051869e-01   6.138484e-01   6.717637e-01   6.717636e-01   6.138484e-01   5.051869e-01   3.577117e-01   1.849643e-01   0.000000e+00
   7.296605e-01   1.705000e+06   3.740000e+02   0.000000e+00  -7.602050e-02  -1.411201e-01  -1.873479e-01  -2.123092e-01  -2.205020e-01  -2.223230e-01  -2.305158e-01  -2.554771e-01  -3.017049e-01  -3.668045e-01  -4.428250e-01   0.000000e+00   1.854201e-01   3.586097e-01   5.064860e-01   6.154621e-01   6.735527e-01   6.735526e-01   6.154621e-01   5.064860e-01   3.586097e-01   1.854201e-01   0.000000e+00
   7.318642e-01   1.706000e+06   3.750000e+02   0.000000e+00  -7.644115e-02  -1.419046e-01  -1.883951e-01  -2.135006e-01  -2.217408e-01  -2.235717e-01  -2.318119e-01  -2.569174e-01  -3.034079e-01  -3.688714e-01  -4.453125e-01   0.000000e+00   1.858738e-01   3.595038e-01   5.077798e-01   6.170695e-01   6.753350e-01   6.753349e-01   6.170695e-01   5.077798e-01   3.595038e-01   1.858738e-01   0.000000e+00
   7.340622e-01   1.706900e+06   3.760000e+02   0.000000e+00  -7.686170e-02  -1.426890e-01  -1.894423e-01  -2.146920e-01  -2.229796e-01  -2.248204e-01  -2.331080e-01  -2.583577e-01  -3.051110e-01  -3.709383e-01  -4.478000e-01   0.000000e+00   1.863255e-01   3.603940e-01   5.090683e-01   6.186706e-01   6.771106e-01   6.771105e-01   6.186706e-01   5.090683e-01   3.603940e-01   1.863255e-01   0.000000e+00
   7.362548e-01   1.707800e+06   3.770000e+02   0.000000e+00  -7.728217e-02  -1.434733e-01  -1.904893e-01  -2.158833e-01  -2.242184e-01  -2.260691e-01  -2.344042e-01  -2.597982e-01  -3.068142e-01  -3.730053e-01  -4.502875e-01   0.000000e+00   1.867751e-01   3.612803e-01   5.103515e-01   6.202655e-01   6.788795e-01   6.788794e-01   6.202655e-01   5.103515e-01   3.612803e-01   1.867751e-01   0.000000e+00
   7.384418e-01   1.708800e+06   3.780000e+02   0.000000e+00  -7.770256e-02  -1.442575e-01  -1.915363e-01  -2.170746e-01  -2.254572e-01  -2.273179e-01  -2.357004e-01  -2.612387e-01  -3.085175e-01  -3.750724e-01  -4.527750e-01   0.000000e+00   1.872227e-01   3.621628e-01   5.116294e-01   6.218543e-01   6.806419e-01   6.806418e-01   6.218543e-01   5.116294e-01   3.621628e-01   1.872227e-01   0.000000e+00
   7.406234e-01   1.709700e+06   3.790000e+02   0.000000e+00  -7.812286e-02  -1.450415e-01  -1.925832e-01  -2.182658e-01  -2.266959e-01  -2.285666e-01  -2.369967e-01  -2.626793e-01  -3.102210e-01  -3.771396e-01  -4.552625e-01   0.000000e+00   1.876683e-01   3.630415e-01   5.129022e-01   6.234370e-01   6.823977e-01   6.823976e-01   6.234369e-01   5.129022e-01   3.630414e-01   1.876683e-01   0.000000e+00
   7.427996e-01   1.710600e+06   3.800000e+02   0.000000e+00  -7.854308e-02  -1.458255e-01  -1.936300e-01  -2.194570e-01  -2.279347e-01  -2.298153e-01  -2.382930e-01  -2.641200e-01  -3.119245e-01  -3.792069e-01  -4.577500e-01   0.000000e+00   1.881119e-01   3.639164e-01   5.141698e-01   6.250136e-01   6.841470e-01   6.841469e-01   6.250136e-01   5.141698e-01   3.639164e-01   1.881119e-01   0.000000e+00
   7.449705e-01   1.711600e+06   3.810000e+02   0.000000e+00  -7.896321e-02  -1.466093e-01  -1.946767e-01  -2.206482e-01  -2.291735e-01  -2.310640e-01  -2.395893e-01  -2.655608e-01  -3.136282e-01  -3.812743e-01  -4.602375e-01   0.000000e+00   1.885535e-01   3.647875e-01   5.154323e-01   6.265842e-01   6.858899e-01   6.858898e-01   6.265841e-01   5.154323e-01   3.647875e-01   1.885535e-01   0.000000e+00
   7.471360e-01   1.712500e+06   3.820000e+02   0.000000e+00  -7.938326e-02  -1.473930e-01  -1.957233e-01  -2.218394e-01  -2.304122e-01  -2.323128e-01  -2.408856e-01  -2.670017e-01  -3.153320e-01  -3.833417e-01  -4.627250e-01   0.000000e+00   1.889932e-01   3.656550e-01   5.166897e-01   6.281488e-01   6.876263e-01   6.876262e-01   6.281488e-01   5.166897e-01   3.656550e-01   1.889932e-01   0.000000e+00
   7.492963e-01   1.713400e+06   3.830000e+02   0.000000e+00  -7.980322e-02  -1.481766e-01  -1.967699e-01  -2.230305e-01  -2.316510e-01  -2.335615e-01  -2.421820e-01  -2.684426e-01  -3.170359e-01  -3.854093e-01  -4.652125e-01   0.000000e+00   1.894309e-01   3.665187e-01   5.179421e-01   6.297075e-01   6.893565e-01   6.893563e-01   6.297075e-01   5.179421e-01   3.665187e-01   1.894309e-01   0.000000e+00
   7.514514e-01   1.714400e+06   3.840000e+02   0.000000e+00  -8.022310e-02  -1.489601e-01  -1.978164e-01  -2.242216e-01  -2.328898e-01  -2.348103e-01  -2.434784e-01  -2.698836e-01  -3.187399e-01  -3.874769e-01  -4.677000e-01   0.000000e+00   1.898666e-01   3.673788e-01   5.191894e-01   6.312603e-01   6.910803e-01   6.910802e-01   6.312603e-01   5.191894e-01   3.673788e-01   1.898666e-01   0.000000e+00
   7.536013e-01   1.715300e+06   3.850000e+02   0.000000e+00  -8.064289e-02  -1.497435e-01  -1.988628e-01  -2.254127e-01  -2.341285e-01  -2.360590e-01  -2.447748e-01  -2.713247e-01  -3.204441e-01  -3.895446e-01  -4.701875e-01   0.000000e+00   1.903004e-01   3.682352e-01   5.204318e-01   6.328072e-01   6.927978e-01   6.927977e-01   6.328072e-01   5.204318e-01   3.682352e-01   1.903004e-01   0.000000e+00
   7.557460e-01   1.716200e+06   3.860000e+02   0.000000e+00  -8.106259e-02  -1.505267e-01  -1.999091e-01  -2.266038e-01  -2.353673e-01  -2.373078e-01  -2.460713e-01  -2.727659e-01  -3.221483e-01  -3.916124e-01  -4.726750e-01   0.000000e+00   1.907323e-01   3.690880e-01   5.216692e-01   6.343484e-01   6.945092e-01   6.945091e-01   6.343484e-01   5.216692e-01   3.690880e-01   1.907323e-01   0.000000e+00
   7.578857e-01   1.717200e+06   3.870000e+02   0.000000e+00  -8.148221e-02  -1.513098e-01  -2.009553e-01  -2.277948e-01  -2.366060e-01  -2.385565e-01  -2.473677e-01  -2.742072e-01  -3.238527e-01  -3.936803e-01  -4.751625e-01   0.000000e+00   1.911623e-01   3.699373e-01   5.229017e-01   6.358838e-01   6.962143e-01   6.962142e-01   6.358837e-01   5.229017e-01   3.699373e-01   1.911623e-01   0.000000e+00
   7.600203e-01   1.718100e+06   3.880000e+02   0.000000e+00  -8.190174e-02  -1.520929e-01  -2.020015e-01  -2.289858e-01  -2.378448e-01  -2.398053e-01  -2.486643e-01  -2.756485e-01  -3.255571e-01  -3.957483e-01  -4.776500e-01   0.000000e+00   1.915904e-01   3.707829e-01   5.241294e-01   6.374134e-01   6.979134e-01   6.979133e-01   6.374134e-01   5.241294e-01   3.707829e-01   1.915904e-01   0.000000e+00
   7.621499e-01   1.719000e+06   3.890000e+02   0.000000e+00  -8.232119e-02  -1.528758e-01  -2.030476e-01  -2.301767e-01  -2.390835e-01  -2.410540e-01  -2.499608e-01  -2.770899e-01  -3.272617e-01  -3.978163e-01  -4.801375e-01   0.000000e+00   1.920166e-01   3.716250e-01   5.253522e-01   6.389374e-01   6.996063e-01   6.996062e-01   6.389374e-01   5.253521e-01   3.716250e-01   1.920166e-01   0.000000e+00
   7.642746e-01   1.719900e+06   3.900000e+02   0.000000e+00  -8.274055e-02  -1.536586e-01  -2.040936e-01  -2.313676e-01  -2.403222e-01  -2.423028e-01  -2.512574e-01  -2.785314e-01  -3.289664e-01  -3.998844e-01  -4.826250e-01   0.000000e+00   1.924410e-01   3.724636e-01   5.265701e-01   6.404557e-01   7.012932e-01   7.012931e-01   6.404557e-01   5.265701e-01   3.724636e-01   1.924410e-01   0.000000e+00
   7.663943e-01   1.720900e+06   3.910000e+02   0.000000e+00  -8.315983e-02  -1.544412e-01  -2.051395e-01  -2.325585e-01  -2.415610e-01  -2.435516e-01  -2.525540e-01  -2.799730e-01  -3.306713e-01  -4.019527e-01  -4.851125e-01   0.000000e+00   1.928635e-01   3.732987e-01   5.277834e-01   6.419684e-01   7.029741e-01   7.029740e-01   6.419684e-01   5.277833e-01   3.732987e-01   1.928635e-01   0.000000e+00
   7.685092e-01   1.721800e+06   3.920000e+02   0.000000e+00  -8.357902e-02  -1.552238e-01  -2.061853e-01  -2.337494e-01  -2.427997e-01  -2.448003e-01  -2.538506e-01  -2.814147e-01  -3.323762e-01  -4.040210e-01  -4.876000e-01   0.000000e+00   1.932841e-01   3.741303e-01   5.289918e-01   6.434756e-01   7.046491e-01   7.046489e-01   6.434756e-01   5.289918e-01   3.741303e-01   1.932841e-01   0.000000e+00
   7.706192e-01   1.722700e+06   3.930000e+02   0.000000e+00  -8.399813e-02  -1.560063e-01  -2.072310e-01  -2.349402e-01  -2.440384e-01  -2.460491e-01  -2.551473e-01  -2.828565e-01  -3.340813e-01  -4.060894e-01  -4.900875e-01   0.000000e+00   1.937030e-01   3.749584e-01   5.301956e-01   6.449772e-01   7.063181e-01   7.063180e-01   6.449772e-01   5.301956e-01   3.749584e-01   1.937030e-01   0.000000e+00
   7.727244e-01   1.723700e+06   3.940000e+02   0.000000e+00  -8.441715e-02  -1.567886e-01  -2.082767e-01  -2.361310e-01  -2.452771e-01  -2.472979e-01  -2.564440e-01  -2.842983e-01  -3.357864e-01  -4.081579e-01  -4.925750e-01   0.000000e+00   1.941200e-01   3.757831e-01   5.313946e-01   6.464733e-01   7.079812e-01   7.079811e-01   6.464733e-01   5.313946e-01   3.757831e-01   1.941200e-01   0.000000e+00
   7.748248e-01   1.724600e+06   3.950000e+02   0.000000e+00  -8.483608e-02  -1.575708e-01  -2.093223e-01  -2.373218e-01  -2.465159e-01  -2.485467e-01  -2.577407e-01  -2.857402e-01  -3.374917e-01  -4.102264e-01  -4.950625e-01   0.000000e+00   1.945352e-01   3.766044e-01   5.325891e-01   6.479640e-01   7.096385e-01   7.096384e-01   6.479640e-01   5.325891e-01   3.766044e-01   1.945352e-01   0.000000e+00
   7.769205e-01   1.725500e+06   3.960000e+02   0.000000e+00  -8.525493e-02  -1.583529e-01  -2.103678e-01  -2.385125e-01  -2.477546e-01  -2.497955e-01  -2.590375e-01  -2.871822e-01  -3.391971e-01  -4.122951e-01  -4.975500e-01   0.000000e+00   1.949486e-01   3.774223e-01   5.337789e-01   6.494492e-01   7.112900e-01   7.112899e-01   6.494492e-01   5.337789e-01   3.774223e-01   1.949486e-01   0.000000e+00
   7.790115e-01   1.726400e+06   3.970000e+02   0.000000e+00  -8.567369e-02  -1.591349e-01  -2.114132e-01  -2.397033e-01  -2.489933e-01  -2.510442e-01  -2.603343e-01  -2.886243e-01  -3.409026e-01  -4.143638e-01  -5.000375e-01   0.000000e+00   1.953602e-01   3.782369e-01   5.349641e-01   6.509291e-01   7.129358e-01   7.129356e-01   6.509291e-01   5.349641e-01   3.782369e-01   1.953602e-01   0.000000e+00
   7.810979e-01   1.727400e+06   3.980000e+02   0.000000e+00  -8.609236e-02  -1.599167e-01  -2.124585e-01  -2.408939e-01  -2.502320e-01  -2.522930e-01  -2.616311e-01  -2.900665e-01  -3.426083e-01  -4.164326e-01  -5.025250e-01   0.000000e+00   1.957701e-01   3.790481e-01   5.361447e-01   6.524036e-01   7.145758e-01   7.145757e-01   6.524036e-01   5.361447e-01   3.790481e-01   1.957701e-01   0.000000e+00
   7.831796e-01   1.728300e+06   3.990000e+02   0.000000e+00  -8.651095e-02  -1.606985e-01  -2.135038e-01  -2.420846e-01  -2.514707e-01  -2.535418e-01  -2.629279e-01  -2.915087e-01  -3.443140e-01  -4.185016e-01  -5.050125e-01   0.000000e+00   1.961782e-01   3.798560e-01   5.373208e-01   6.538728e-01   7.162101e-01   7.162100e-01   6.538728e-01   5.373208e-01   3.798560e-01   1.961782e-01   0.000000e+00
   7.852567e-01   1.729200e+06   4.000000e+02   0.000000e+00  -8.692945e-02  -1.614801e-01  -2.145489e-01  -2.432752e-01  -2.527094e-01  -2.547906e-01  -2.642248e-01  -2.929511e-01  -3.460199e-01  -4.205706e-01  -5.075000e-01   0.000000e+00   1.965845e-01   3.806605e-01   5.384924e-01   6.553367e-01   7.178388e-01   7.178387e-01   6.553367e-01   5.384924e-01   3.806605e-01   1.965845e-01   0.000000e+00
   7.873293e-01   1.730100e+06   4.010000e+02   0.000000e+00  -8.734787e-02  -1.622616e-01  -2.155940e-01  -2.444658e-01  -2.539481e-01  -2.560394e-01  -2.655217e-01  -2.943935e-01  -3.477259e-01  -4.226396e-01  -5.099875e-01   0.000000e+00   1.969891e-01   3.814618e-01   5.396596e-01   6.567954e-01   7.194618e-01   7.194617e-01   6.567954e-01   5.396595e-01   3.814618e-01   1.969891e-01   0.000000e+00
   7.893974e-01   1.731100e+06   4.020000e+02   0.000000e+00  -8.776620e-02  -1.630430e-01  -2.166390e-01  -2.456564e-01  -2.551868e-01  -2.572883e-01  -2.668187e-01  -2.958360e-01  -3.494320e-01  -4.247088e-01  -5.124750e-01   0.000000e+00   1.973920e-01   3.822599e-01   5.408222e-01   6.582488e-01   7.210793e-01   7.210792e-01   6.582488e-01   5.408222e-01   3.822599e-01   1.973920e-01   0.000000e+00
   7.914610e-01   1.732000e+06   4.030000e+02   0.000000e+00  -8.818444e-02  -1.638243e-01  -2.176839e-01  -2.468469e-01  -2.564255e-01  -2.585371e-01  -2.681156e-01  -2.972786e-01  -3.511382e-01  -4.267781e-01  -5.149625e-01   0.000000e+00   1.977932e-01   3.830547e-01   5.419805e-01   6.596971e-01   7.226913e-01   7.226912e-01   6.596971e-01   5.419805e-01   3.830547e-01   1.977932e-01   0.000000e+00
   7.935202e-01   1.732900e+06   4.040000e+02   0.000000e+00  -8.860259e-02  -1.646055e-01  -2.187288e-01  -2.480374e-01  -2.576641e-01  -2.597859e-01  -2.694126e-01  -2.987212e-01  -3.528445e-01  -4.288474e-01  -5.174500e-01   0.000000e+00   1.981926e-01   3.838462e-01   5.431344e-01   6.611402e-01   7.242977e-01   7.242976e-01   6.611402e-01   5.431344e-01   3.838462e-01   1.981926e-01   0.000000e+00
   7.955750e-01   1.733800e+06   4.050000e+02   0.000000e+00  -8.902066e-02  -1.653866e-01  -2.197735e-01  -2.492279e-01  -2.589028e-01  -2.610347e-01  -2.707097e-01  -3.001640e-01  -3.545509e-01  -4.309168e-01  -5.199375e-01   0.000000e+00   1.985904e-01   3.846346e-01   5.442839e-01   6.625782e-01   7.258987e-01   7.258986e-01   6.625782e-01   5.442839e-01   3.846346e-01   1.985904e-01   0.000000e+00
   7.976253e-01   1.734700e+06   4.060000e+02   0.000000e+00  -8.943865e-02  -1.661675e-01  -2.208182e-01  -2.504183e-01  -2.601415e-01  -2.622835e-01  -2.720067e-01  -3.016068e-01  -3.562575e-01  -4.329864e-01  -5.224250e-01   0.000000e+00   1.989865e-01   3.854198e-01   5.454290e-01   6.640111e-01   7.274943e-01   7.274941e-01   6.640111e-01   5.454290e-01   3.854198e-01   1.989865e-01   0.000000e+00
   7.996714e-01   1.735700e+06   4.070000e+02   0.000000e+00  -8.985654e-02  -1.669483e-01  -2.218628e-01  -2.516087e-01  -2.613802e-01  -2.635324e-01  -2.733038e-01  -3.030497e-01  -3.579642e-01  -4.350560e-01  -5.249125e-01   0.000000e+00   1.993808e-01   3.862018e-01   5.465699e-01   6.654390e-01   7.290844e-01   7.290843e-01   6.654390e-01   5.465699e-01   3.862018e-01   1.993808e-01   0.000000e+00
   8.017131e-01   1.736600e+06   4.080000e+02   0.000000e+00  -9.027435e-02  -1.677290e-01  -2.229073e-01  -2.527991e-01  -2.626188e-01  -2.647812e-01  -2.746009e-01  -3.044927e-01  -3.596710e-01  -4.371257e-01  -5.274000e-01   0.000000e+00   1.997736e-01   3.869807e-01   5.477065e-01   6.668619e-01   7.306692e-01   7.306691e-01   6.668619e-01   5.477065e-01   3.869807e-01   1.997736e-01   0.000000e+00
   8.037505e-01   1.737500e+06   4.090000e+02   0.000000e+00  -9.069207e-02  -1.685096e-01  -2.239517e-01  -2.539894e-01  -2.638575e-01  -2.660300e-01  -2.758981e-01  -3.059358e-01  -3.613779e-01  -4.391954e-01  -5.298875e-01   0.000000e+00   2.001646e-01   3.877564e-01   5.488388e-01   6.682797e-01   7.322486e-01   7.322485e-01   6.682797e-01   5.488388e-01   3.877564e-01   2.001646e-01   0.000000e+00
   8.057837e-01   1.738400e+06   4.100000e+02   0.000000e+00  -9.110971e-02  -1.692901e-01  -2.249960e-01  -2.551797e-01  -2.650962e-01  -2.672789e-01  -2.771953e-01  -3.073790e-01  -3.630849e-01  -4.412653e-01  -5.323750e-01   0.000000e+00   2.005541e-01   3.885291e-01   5.499669e-01   6.696926e-01   7.338228e-01   7.338227e-01   6.696926e-01   5.499669e-01   3.885291e-01   2.005541e-01   0.000000e+00
   8.078127e-01   1.739400e+06   4.110000e+02   0.000000e+00  -9.152726e-02  -1.700704e-01  -2.260403e-01  -2.563700e-01  -2.663348e-01  -2.685277e-01  -2.784925e-01  -3.088222e-01  -3.647921e-01  -4.433352e-01  -5.348625e-01   0.000000e+00   2.009419e-01   3.892986e-01   5.510907e-01   6.711006e-01   7.353917e-01   7.353915e-01   6.711006e-01   5.510907e-01   3.892986e-01   2.009419e-01   0.000000e+00
   8.098375e-01   1.740300e+06   4.120000e+02   0.000000e+00  -9.194472e-02  -1.708506e-01  -2.270845e-01  -2.575603e-01  -2.675735e-01  -2.697766e-01  -2.797897e-01  -3.102655e-01  -3.664994e-01  -4.454053e-01  -5.373500e-01   0.000000e+00   2.013280e-01   3.900651e-01   5.522104e-01   6.725037e-01   7.369553e-01   7.369552e-01   6.725037e-01   5.522104e-01   3.900651e-01   2.013280e-01   0.000000e+00
   8.118582e-01   1.741200e+06   4.130000e+02   0.000000e+00  -9.236209e-02  -1.716308e-01  -2.281285e-01  -2.587505e-01  -2.688121e-01  -2.710254e-01  -2.810870e-01  -3.117090e-01  -3.682067e-01  -4.474754e-01  -5.398375e-01   0.000000e+00   2.017126e-01   3.908286e-01   5.533260e-01   6.739019e-01   7.385137e-01   7.385136e-01   6.739019e-01   5.533260e-01   3.908286e-01   2.017125e-01   0.000000e+00
   8.138747e-01   1.742100e+06   4.140000e+02   0.000000e+00  -9.277938e-02  -1.724108e-01  -2.291725e-01  -2.599407e-01  -2.700508e-01  -2.722743e-01  -2.823843e-01  -3.131525e-01  -3.699142e-01  -4.495456e-01  -5.423250e-01   0.000000e+00   2.020955e-01   3.915890e-01   5.544374e-01   6.752953e-01   7.400670e-01   7.400669e-01   6.752953e-01   5.544374e-01   3.915890e-01   2.020955e-01   0.000000e+00
   8.158871e-01   1.743000e+06   4.150000e+02   0.000000e+00  -9.319658e-02  -1.731906e-01  -2.302165e-01  -2.611308e-01  -2.712894e-01  -2.735231e-01  -2.836817e-01  -3.145960e-01  -3.716219e-01  -4.516159e-01  -5.448125e-01   0.000000e+00   2.024768e-01   3.923463e-01   5.555447e-01   6.766838e-01   7.416152e-01   7.416150e-01   6.766838e-01   5.555446e-01   3.923463e-01   2.024768e-01   0.000000e+00
   8.178955e-01   1.744000e+06   4.160000e+02   0.000000e+00  -9.361370e-02  -1.739704e-01  -2.312603e-01  -2.623210e-01  -2.725280e-01  -2.747720e-01  -2.849790e-01  -3.160397e-01  -3.733296e-01  -4.536863e-01  -5.473000e-01   0.000000e+00   2.028566e-01   3.931007e-01   5.566479e-01   6.780676e-01   7.431582e-01   7.431581e-01   6.780676e-01   5.566479e-01   3.931007e-01   2.028566e-01   0.000000e+00
   8.198998e-01   1.744900e+06   4.170000e+02   0.000000e+00  -9.403072e-02  -1.747500e-01  -2.323041e-01  -2.635111e-01  -2.737667e-01  -2.760209e-01  -2.862764e-01  -3.174835e-01  -3.750375e-01  -4.557568e-01  -5.497875e-01   0.000000e+00   2.032347e-01   3.938521e-01   5.577470e-01   6.794466e-01   7.446961e-01   7.446960e-01   6.794466e-01   5.577470e-01   3.938521e-01   2.032347e-01   0.000000e+00
   8.219001e-01   1.745800e+06   4.180000e+02   0.000000e+00  -9.444766e-02  -1.755296e-01  -2.333477e-01  -2.647011e-01  -2.750053e-01  -2.772697e-01  -2.875739e-01  -3.189273e-01  -3.767454e-01  -4.578273e-01  -5.522750e-01   0.000000e+00   2.036113e-01   3.946006e-01   5.588421e-01   6.808209e-01   7.462290e-01   7.462289e-01   6.808209e-01   5.588421e-01   3.946006e-01   2.036113e-01   0.000000e+00
   8.238965e-01   1.746700e+06   4.190000e+02   0.000000e+00  -9.486451e-02  -1.763090e-01  -2.343913e-01  -2.658912e-01  -2.762439e-01  -2.785186e-01  -2.888713e-01  -3.203712e-01  -3.784535e-01  -4.598980e-01  -5.547625e-01   0.000000e+00   2.039863e-01   3.953460e-01   5.599332e-01   6.821905e-01   7.477569e-01   7.477568e-01   6.821905e-01   5.599332e-01   3.953460e-01   2.039863e-01   0.000000e+00
   8.258889e-01   1.747600e+06   4.200000e+02   0.000000e+00  -9.528127e-02  -1.770883e-01  -2.354348e-01  -2.670812e-01  -2.774826e-01  -2.797675e-01  -2.901688e-01  -3.218152e-01  -3.801617e-01  -4.619687e-01  -5.572500e-01   0.000000e+00   2.043598e-01   3.960886e-01   5.610203e-01   6.835554e-01   7.492798e-01   7.492797e-01   6.835554e-01   5.610203e-01   3.960886e-01   2.043598e-01   0.000000e+00
   8.278773e-01   1.748600e+06   4.210000e+02   0.000000e+00  -9.569795e-02  -1.778675e-01  -2.364782e-01  -2.682712e-01  -2.787212e-01  -2.810164e-01  -2.914664e-01  -3.232593e-01  -3.818701e-01  -4.640396e-01  -5.597375e-01   0.000000e+00   2.047317e-01   3.968282e-01   5.621034e-01   6.849157e-01   7.507977e-01   7.507976e-01   6.849157e-01   5.621034e-01   3.968282e-01   2.047317e-01   0.000000e+00
   8.298619e-01   1.749500e+06   4.220000e+02   0.000000e+00  -9.611454e-02  -1.786465e-01  -2.375215e-01  -2.694611e-01  -2.799598e-01  -2.822652e-01  -2.927639e-01  -3.247035e-01  -3.835785e-01  -4.661105e-01  -5.622250e-01   0.000000e+00   2.051021e-01   3.975650e-01   5.631826e-01   6.862714e-01   7.523107e-01   7.523106e-01   6.862714e-01   5.631826e-01   3.975650e-01   2.051021e-01   0.000000e+00
   8.318426e-01   1.750400e+06   4.230000e+02   0.000000e+00  -9.653104e-02  -1.794254e-01  -2.385648e-01  -2.706510e-01  -2.811984e-01  -2.835141e-01  -2.940615e-01  -3.261477e-01  -3.852871e-01  -4.681815e-01  -5.647125e-01   0.000000e+00   2.054709e-01   3.982988e-01   5.642578e-01   6.876224e-01   7.538189e-01   7.538187e-01   6.876224e-01   5.642578e-01   3.982988e-01   2.054709e-01   0.000000e+00
   8.338195e-01   1.751300e+06   4.240000e+02   0.000000e+00  -9.694745e-02  -1.802043e-01  -2.396079e-01  -2.718409e-01  -2.824370e-01  -2.847630e-01  -2.953591e-01  -3.275921e-01  -3.869957e-01  -4.702526e-01  -5.672000e-01   0.000000e+00   2.058383e-01   3.990298e-01   5.653292e-01   6.889690e-01   7.553221e-01   7.553220e-01   6.889689e-01   5.653292e-01   3.990298e-01   2.058383e-01   0.000000e+00
   8.357926e-01   1.752300e+06   4.250000e+02   0.000000e+00  -9.736378e-02  -1.809830e-01  -2.406510e-01  -2.730307e-01  -2.836756e-01  -2.860119e-01  -2.966568e-01  -3.290365e-01  -3.887045e-01  -4.723237e-01  -5.696875e-01   0.000000e+00   2.062041e-01   3.997579e-01   5.663967e-01   6.903109e-01   7.568205e-01   7.568203e-01   6.903109e-01   5.663966e-01   3.997579e-01   2.062041e-01   0.000000e+00
   8.377619e-01   1.753200e+06   4.260000e+02   0.000000e+00  -9.778001e-02  -1.817615e-01  -2.416940e-01  -2.742206e-01  -2.849142e-01  -2.872608e-01  -2.979545e-01  -3.304810e-01  -3.904135e-01  -4.743950e-01  -5.721750e-01   0.000000e+00   2.065684e-01   4.004832e-01   5.674603e-01   6.916484e-01   7.583140e-01   7.583139e-01   6.916484e-01   5.674603e-01   4.004832e-01   2.065684e-01   0.000000e+00
   8.397274e-01   1.754100e+06   4.270000e+02   0.000000e+00  -9.819616e-02  -1.825400e-01  -2.427369e-01  -2.754103e-01  -2.861528e-01  -2.885097e-01  -2.992522e-01  -3.319256e-01  -3.921225e-01  -4.764663e-01  -5.746625e-01   0.000000e+00   2.069312e-01   4.012057e-01   5.685200e-01   6.929813e-01   7.598028e-01   7.598027e-01   6.929813e-01   5.685200e-01   4.012057e-01   2.069312e-01   0.000000e+00
   8.416892e-01   1.755000e+06   4.280000e+02   0.000000e+00  -9.861223e-02  -1.833183e-01  -2.437797e-01  -2.766001e-01  -2.873914e-01  -2.897586e-01  -3.005499e-01  -3.333703e-01  -3.938317e-01  -4.785378e-01  -5.771500e-01   0.000000e+00   2.072926e-01   4.019254e-01   5.695760e-01   6.943098e-01   7.612868e-01   7.612867e-01   6.943098e-01   5.695760e-01   4.019254e-01   2.072926e-01   0.000000e+00
   8.436473e-01   1.755900e+06   4.290000e+02   0.000000e+00  -9.902820e-02  -1.840966e-01  -2.448225e-01  -2.777898e-01  -2.886300e-01  -2.910076e-01  -3.018477e-01  -3.348150e-01  -3.955409e-01  -4.806093e-01  -5.796375e-01   0.000000e+00   2.076524e-01   4.026422e-01   5.706281e-01   6.956339e-01   7.627661e-01   7.627660e-01   6.956339e-01   5.706281e-01   4.026422e-01   2.076524e-01   0.000000e+00
   8.456017e-01   1.756900e+06   4.300000e+02   0.000000e+00  -9.944408e-02  -1.848747e-01  -2.458651e-01  -2.789795e-01  -2.898686e-01  -2.922565e-01  -3.031455e-01  -3.362599e-01  -3.972503e-01  -4.826809e-01  -5.821250e-01   0.000000e+00   2.080108e-01   4.033563e-01   5.716765e-01   6.969535e-01   7.642407e-01   7.642406e-01   6.969535e-01   5.716765e-01   4.033563e-01   2.080108e-01   0.000000e+00
   8.475524e-01   1.757800e+06   4.310000e+02   0.000000e+00  -9.985988e-02  -1.856527e-01  -2.469077e-01  -2.801692e-01  -2.911071e-01  -2.935054e-01  -3.044433e-01  -3.377048e-01  -3.989598e-01  -4.847526e-01  -5.846125e-01   0.000000e+00   2.083677e-01   4.040677e-01   5.727211e-01   6.982688e-01   7.657106e-01   7.657104e-01   6.982688e-01   5.727211e-01   4.040677e-01   2.083677e-01   0.000000e+00
   8.494995e-01   1.758700e+06   4.320000e+02   0.000000e+00  -1.002756e-01  -1.864305e-01  -2.479502e-01  -2.813588e-01  -2.923457e-01  -2.947543e-01  -3.057412e-01  -3.391498e-01  -4.006695e-01  -4.868244e-01  -5.871000e-01   0.000000e+00   2.087231e-01   4.047763e-01   5.737620e-01   6.995797e-01   7.671758e-01   7.671757e-01   6.995797e-01   5.737620e-01   4.047763e-01   2.087231e-01   0.000000e+00
   8.514431e-01   1.759600e+06   4.330000e+02   0.000000e+00  -1.006912e-01  -1.872083e-01  -2.489926e-01  -2.825484e-01  -2.935843e-01  -2.960032e-01  -3.070391e-01  -3.405949e-01  -4.023792e-01  -4.888963e-01  -5.895875e-01   0.000000e+00   2.090772e-01   4.054821e-01   5.747992e-01   7.008863e-01   7.686364e-01   7.686363e-01   7.008862e-01   5.747992e-01   4.054821e-01   2.090771e-01   0.000000e+00
   8.533830e-01   1.760500e+06   4.340000e+02   0.000000e+00  -1.011067e-01  -1.879859e-01  -2.500349e-01  -2.837380e-01  -2.948229e-01  -2.972522e-01  -3.083370e-01  -3.420401e-01  -4.040891e-01  -4.909683e-01  -5.920750e-01   0.000000e+00   2.094297e-01   4.061853e-01   5.758326e-01   7.021885e-01   7.700924e-01   7.700923e-01   7.021885e-01   5.758326e-01   4.061853e-01   2.094297e-01   0.000000e+00
   8.553194e-01   1.761500e+06   4.350000e+02   0.000000e+00  -1.015222e-01  -1.887634e-01  -2.510771e-01  -2.849275e-01  -2.960614e-01  -2.985011e-01  -3.096350e-01  -3.434854e-01  -4.057991e-01  -4.930403e-01  -5.945625e-01   0.000000e+00   2.097808e-01   4.068857e-01   5.768624e-01   7.034864e-01   7.715438e-01   7.715437e-01   7.034864e-01   5.768624e-01   4.068857e-01   2.097808e-01   0.000000e+00
   8.572522e-01   1.762400e+06   4.360000e+02   0.000000e+00  -1.019375e-01  -1.895408e-01  -2.521192e-01  -2.861170e-01  -2.973000e-01  -2.997500e-01  -3.109330e-01  -3.449308e-01  -4.075092e-01  -4.951125e-01  -5.970500e-01   0.000000e+00   2.101305e-01   4.075834e-01   5.778886e-01   7.047801e-01   7.729907e-01   7.729905e-01   7.047801e-01   5.778886e-01   4.075834e-01   2.101305e-01   0.000000e+00
   8.591815e-01   1.763300e+06   4.370000e+02   0.000000e+00  -1.023528e-01  -1.903181e-01  -2.531613e-01  -2.873065e-01  -2.985385e-01  -3.009990e-01  -3.122310e-01  -3.463762e-01  -4.092194e-01  -4.971847e-01  -5.995375e-01   0.000000e+00   2.104788e-01   4.082785e-01   5.789111e-01   7.060695e-01   7.744330e-01   7.744329e-01   7.060695e-01   5.789111e-01   4.082785e-01   2.104788e-01   0.000000e+00
   8.611073e-01   1.764200e+06   4.380000e+02   0.000000e+00  -1.027680e-01  -1.910952e-01  -2.542033e-01  -2.884959e-01  -2.997771e-01  -3.022479e-01  -3.135291e-01  -3.478217e-01  -4.109298e-01  -4.992570e-01  -6.020250e-01   0.000000e+00   2.108257e-01   4.089709e-01   5.799299e-01   7.073547e-01   7.758708e-01   7.758707e-01   7.073547e-01   5.799299e-01   4.089709e-01   2.108257e-01   0.000000e+00
   8.630297e-01   1.765100e+06   4.390000e+02   0.000000e+00  -1.031831e-01  -1.918723e-01  -2.552451e-01  -2.896853e-01  -3.010156e-01  -3.034969e-01  -3.148272e-01  -3.492674e-01  -4.126402e-01  -5.013294e-01  -6.045125e-01   0.000000e+00   2.111711e-01   4.096607e-01   5.809452e-01   7.086357e-01   7.773041e-01   7.773040e-01   7.086357e-01   5.809452e-01   4.096607e-01   2.111711e-01   0.000000e+00
   8.649486e-01   1.766100e+06   4.400000e+02   0.000000e+00  -1.035981e-01  -1.926492e-01  -2.562869e-01  -2.908747e-01  -3.022542e-01  -3.047458e-01  -3.161253e-01  -3.507131e-01  -4.143508e-01  -5.034019e-01  -6.070000e-01   0.000000e+00   2.115152e-01   4.103478e-01   5.819569e-01   7.099125e-01   7.787330e-01   7.787329e-01   7.099124e-01   5.819569e-01   4.103478e-01   2.115152e-01   0.000000e+00
   8.668642e-01   1.767000e+06   4.410000e+02   0.000000e+00  -1.040130e-01  -1.934260e-01  -2.573286e-01  -2.920640e-01  -3.034927e-01  -3.059948e-01  -3.174235e-01  -3.521589e-01  -4.160615e-01  -5.054745e-01  -6.094875e-01   0.000000e+00   2.118579e-01   4.110323e-01   5.829650e-01   7.111851e-01   7.801574e-01   7.801573e-01   7.111851e-01   5.829650e-01   4.110323e-01   2.118579e-01   0.000000e+00
   8.687763e-01   1.767900e+06   4.420000e+02   0.000000e+00  -1.044278e-01  -1.942026e-01  -2.583703e-01  -2.932534e-01  -3.047313e-01  -3.072438e-01  -3.187216e-01  -3.536047e-01  -4.177724e-01  -5.075472e-01  -6.119750e-01   0.000000e+00   2.121992e-01   4.117142e-01   5.839696e-01   7.124536e-01   7.815775e-01   7.815773e-01   7.124536e-01   5.839696e-01   4.117142e-01   2.121992e-01   0.000000e+00
   8.706850e-01   1.768800e+06   4.430000e+02   0.000000e+00  -1.048425e-01  -1.949792e-01  -2.594118e-01  -2.944426e-01  -3.059698e-01  -3.084927e-01  -3.200199e-01  -3.550507e-01  -4.194833e-01  -5.096200e-01  -6.144625e-01   0.000000e+00   2.125391e-01   4.123935e-01   5.849707e-01   7.137180e-01   7.829931e-01   7.829930e-01   7.137180e-01   5.849707e-01   4.123935e-01   2.125391e-01   0.000000e+00
   8.725904e-01   1.769800e+06   4.440000e+02   0.000000e+00  -1.052572e-01  -1.957556e-01  -2.604533e-01  -2.956319e-01  -3.072083e-01  -3.097417e-01  -3.213181e-01  -3.564967e-01  -4.211944e-01  -5.116928e-01  -6.169500e-01   0.000000e+00   2.128776e-01   4.130702e-01   5.859682e-01   7.149783e-01   7.844044e-01   7.844042e-01   7.149782e-01   5.859682e-01   4.130702e-01   2.128776e-01   0.000000e+00
   8.744925e-01   1.770700e+06   4.450000e+02   0.000000e+00  -1.056717e-01  -1.965319e-01  -2.614946e-01  -2.968211e-01  -3.084468e-01  -3.109907e-01  -3.226164e-01  -3.579429e-01  -4.229056e-01  -5.137658e-01  -6.194375e-01   0.000000e+00   2.132148e-01   4.137443e-01   5.869622e-01   7.162345e-01   7.858113e-01   7.858112e-01   7.162344e-01   5.869622e-01   4.137443e-01   2.132148e-01   0.000000e+00
   8.763912e-01   1.771600e+06   4.460000e+02   0.000000e+00  -1.060862e-01  -1.973081e-01  -2.625359e-01  -2.980103e-01  -3.096854e-01  -3.122397e-01  -3.239147e-01  -3.593891e-01  -4.246169e-01  -5.158388e-01  -6.219250e-01   0.000000e+00   2.135506e-01   4.144159e-01   5.879528e-01   7.174866e-01   7.872139e-01   7.872138e-01   7.174866e-01   5.879528e-01   4.144159e-01   2.135506e-01   0.000000e+00
   8.782867e-01   1.772500e+06   4.470000e+02   0.000000e+00  -1.065006e-01  -1.980842e-01  -2.635771e-01  -2.991994e-01  -3.109239e-01  -3.134886e-01  -3.252131e-01  -3.608354e-01  -4.263283e-01  -5.179119e-01  -6.244125e-01   0.000000e+00   2.138850e-01   4.150849e-01   5.889399e-01   7.187347e-01   7.886122e-01   7.886121e-01   7.187347e-01   5.889399e-01   4.150849e-01   2.138850e-01   0.000000e+00
   8.801789e-01   1.773400e+06   4.480000e+02   0.000000e+00  -1.069149e-01  -1.988601e-01  -2.646182e-01  -3.003886e-01  -3.121624e-01  -3.147376e-01  -3.265114e-01  -3.622818e-01  -4.280399e-01  -5.199851e-01  -6.269000e-01   0.000000e+00   2.142182e-01   4.157514e-01   5.899236e-01   7.199788e-01   7.900062e-01   7.900061e-01   7.199788e-01   5.899236e-01   4.157514e-01   2.142182e-01   0.000000e+00
   8.820678e-01   1.774400e+06   4.490000e+02   0.000000e+00  -1.073291e-01  -1.996359e-01  -2.656592e-01  -3.015777e-01  -3.134009e-01  -3.159866e-01  -3.278099e-01  -3.637283e-01  -4.297516e-01  -5.220584e-01  -6.293875e-01   0.000000e+00   2.145499e-01   4.164154e-01   5.909039e-01   7.212189e-01   7.913960e-01   7.913959e-01   7.212189e-01   5.909038e-01   4.164154e-01   2.145499e-01   0.000000e+00
   8.839535e-01   1.775300e+06   4.500000e+02   0.000000e+00  -1.077432e-01  -2.004116e-01  -2.667002e-01  -3.027667e-01  -3.146394e-01  -3.172356e-01  -3.291083e-01  -3.651749e-01  -4.314634e-01  -5.241318e-01  -6.318750e-01   0.000000e+00   2.148804e-01   4.170769e-01   5.918807e-01   7.224551e-01   7.927816e-01   7.927814e-01   7.224551e-01   5.918807e-01   4.170769e-01   2.148804e-01   0.000000e+00
   8.858360e-01   1.776200e+06   4.510000e+02   0.000000e+00  -1.081572e-01  -2.011872e-01  -2.677410e-01  -3.039557e-01  -3.158779e-01  -3.184846e-01  -3.304068e-01  -3.666215e-01  -4.331753e-01  -5.262053e-01  -6.343625e-01   0.000000e+00   2.152095e-01   4.177359e-01   5.928541e-01   7.236872e-01   7.941629e-01   7.941628e-01   7.236872e-01   5.928541e-01   4.177359e-01   2.152095e-01   0.000000e+00
   8.877154e-01   1.777100e+06   4.520000e+02   0.000000e+00  -1.085711e-01  -2.019627e-01  -2.687818e-01  -3.051447e-01  -3.171164e-01  -3.197336e-01  -3.317053e-01  -3.680682e-01  -4.348873e-01  -5.282789e-01  -6.368500e-01   0.000000e+00   2.155373e-01   4.183923e-01   5.938242e-01   7.249155e-01   7.955400e-01   7.955399e-01   7.249155e-01   5.938242e-01   4.183923e-01   2.155373e-01   0.000000e+00
   8.895915e-01   1.778100e+06   4.530000e+02   0.000000e+00  -1.089850e-01  -2.027380e-01  -2.698224e-01  -3.063337e-01  -3.183549e-01  -3.209826e-01  -3.330038e-01  -3.695151e-01  -4.365995e-01  -5.303525e-01  -6.393375e-01   0.000000e+00   2.158638e-01   4.190464e-01   5.947909e-01   7.261398e-01   7.969130e-01   7.969129e-01   7.261398e-01   5.947909e-01   4.190464e-01   2.158638e-01   0.000000e+00
   8.914645e-01   1.779000e+06   4.540000e+02   0.000000e+00  -1.093987e-01  -2.035133e-01  -2.708630e-01  -3.075226e-01  -3.195934e-01  -3.222316e-01  -3.343024e-01  -3.709620e-01  -4.383118e-01  -5.324263e-01  -6.418250e-01   0.000000e+00   2.161890e-01   4.196979e-01   5.957543e-01   7.273602e-01   7.982818e-01   7.982817e-01   7.273602e-01   5.957543e-01   4.196979e-01   2.161890e-01   0.000000e+00
   8.933344e-01   1.779900e+06   4.550000e+02   0.000000e+00  -1.098124e-01  -2.042884e-01  -2.719035e-01  -3.087115e-01  -3.208319e-01  -3.234807e-01  -3.356010e-01  -3.724090e-01  -4.400242e-01  -5.345001e-01  -6.443125e-01   0.000000e+00   2.165129e-01   4.203470e-01   5.967144e-01   7.285768e-01   7.996465e-01   7.996464e-01   7.285768e-01   5.967144e-01   4.203470e-01   2.165129e-01   0.000000e+00
   8.952012e-01   1.780800e+06   4.560000e+02   0.000000e+00  -1.102260e-01  -2.050633e-01  -2.729439e-01  -3.099004e-01  -3.220704e-01  -3.247297e-01  -3.368996e-01  -3.738561e-01  -4.417367e-01  -5.365740e-01  -6.468000e-01   0.000000e+00   2.168355e-01   4.209937e-01   5.976711e-01   7.297895e-01   8.010071e-01   8.010070e-01   7.297895e-01   5.976711e-01   4.209937e-01   2.168355e-01   0.000000e+00
   8.970649e-01   1.781800e+06   4.570000e+02   0.000000e+00  -1.106395e-01  -2.058382e-01  -2.739843e-01  -3.110892e-01  -3.233088e-01  -3.259787e-01  -3.381983e-01  -3.753033e-01  -4.434493e-01  -5.386480e-01  -6.492875e-01   0.000000e+00   2.171568e-01   4.216379e-01   5.986245e-01   7.309984e-01   8.023636e-01   8.023635e-01   7.309983e-01   5.986245e-01   4.216379e-01   2.171568e-01   0.000000e+00
   8.989256e-01   1.782700e+06   4.580000e+02   0.000000e+00  -1.110528e-01  -2.066129e-01  -2.750245e-01  -3.122780e-01  -3.245473e-01  -3.272277e-01  -3.394970e-01  -3.767505e-01  -4.451621e-01  -5.407222e-01  -6.517750e-01   0.000000e+00   2.174768e-01   4.222798e-01   5.995747e-01   7.322034e-01   8.037160e-01   8.037159e-01   7.322034e-01   5.995747e-01   4.222798e-01   2.174768e-01   0.000000e+00
   9.007832e-01   1.783600e+06   4.590000e+02   0.000000e+00  -1.114662e-01  -2.073875e-01  -2.760646e-01  -3.134668e-01  -3.257858e-01  -3.284767e-01  -3.407957e-01  -3.781979e-01  -4.468750e-01  -5.427964e-01  -6.542625e-01   0.000000e+00   2.177955e-01   4.229192e-01   6.005216e-01   7.334046e-01   8.050644e-01   8.050643e-01   7.334046e-01   6.005216e-01   4.229192e-01   2.177955e-01   0.000000e+00
   9.026377e-01   1.784500e+06   4.600000e+02   0.000000e+00  -1.118794e-01  -2.081620e-01  -2.771047e-01  -3.146555e-01  -3.270242e-01  -3.297258e-01  -3.420945e-01  -3.796453e-01  -4.485880e-01  -5.448706e-01  -6.567500e-01   0.000000e+00   2.181130e-01   4.235562e-01   6.014653e-01   7.346021e-01   8.064088e-01   8.064086e-01   7.346021e-01   6.014653e-01   4.235562e-01   2.181130e-01   0.000000e+00
   9.044893e-01   1.785500e+06   4.610000e+02   0.000000e+00  -1.122925e-01  -2.089364e-01  -2.781447e-01  -3.158442e-01  -3.282627e-01  -3.309748e-01  -3.433933e-01  -3.810928e-01  -4.503011e-01  -5.469450e-01  -6.592375e-01   0.000000e+00   2.184292e-01   4.241909e-01   6.024057e-01   7.357957e-01   8.077491e-01   8.077490e-01   7.357957e-01   6.024057e-01   4.241909e-01   2.184292e-01   0.000000e+00
   9.063378e-01   1.786400e+06   4.620000e+02   0.000000e+00  -1.127055e-01  -2.097106e-01  -2.791846e-01  -3.170329e-01  -3.295012e-01  -3.322239e-01  -3.446921e-01  -3.825404e-01  -4.520144e-01  -5.490195e-01  -6.617250e-01   0.000000e+00   2.187441e-01   4.248231e-01   6.033429e-01   7.369857e-01   8.090855e-01   8.090853e-01   7.369857e-01   6.033429e-01   4.248231e-01   2.187441e-01   0.000000e+00
   9.081834e-01   1.787300e+06   4.630000e+02   0.000000e+00  -1.131185e-01  -2.104848e-01  -2.802244e-01  -3.182215e-01  -3.307396e-01  -3.334729e-01  -3.459910e-01  -3.839882e-01  -4.537278e-01  -5.510940e-01  -6.642125e-01   0.000000e+00   2.190578e-01   4.254530e-01   6.042769e-01   7.381719e-01   8.104179e-01   8.104177e-01   7.381719e-01   6.042769e-01   4.254530e-01   2.190578e-01   0.000000e+00
   9.100260e-01   1.788200e+06   4.640000e+02   0.000000e+00  -1.135313e-01  -2.112588e-01  -2.812641e-01  -3.194101e-01  -3.319781e-01  -3.347220e-01  -3.472899e-01  -3.854359e-01  -4.554413e-01  -5.531687e-01  -6.667000e-01   0.000000e+00   2.193703e-01   4.260806e-01   6.052077e-01   7.393544e-01   8.117463e-01   8.117462e-01   7.393543e-01   6.052077e-01   4.260806e-01   2.193703e-01   0.000000e+00
   9.118657e-01   1.789200e+06   4.650000e+02   0.000000e+00  -1.139441e-01  -2.120326e-01  -2.823037e-01  -3.205987e-01  -3.332165e-01  -3.359710e-01  -3.485888e-01  -3.868838e-01  -4.571549e-01  -5.552434e-01  -6.691875e-01   0.000000e+00   2.196815e-01   4.267058e-01   6.061353e-01   7.405331e-01   8.130708e-01   8.130707e-01   7.405331e-01   6.061353e-01   4.267058e-01   2.196815e-01   0.000000e+00
   9.137025e-01   1.790100e+06   4.660000e+02   0.000000e+00  -1.143568e-01  -2.128064e-01  -2.833432e-01  -3.217872e-01  -3.344550e-01  -3.372201e-01  -3.498878e-01  -3.883318e-01  -4.588686e-01  -5.573183e-01  -6.716750e-01   0.000000e+00   2.199914e-01   4.273287e-01   6.070598e-01   7.417082e-01   8.143914e-01   8.143912e-01   7.417082e-01   6.070598e-01   4.273287e-01   2.199914e-01   0.000000e+00
   9.155363e-01   1.791000e+06   4.670000e+02   0.000000e+00  -1.147693e-01  -2.135800e-01  -2.843827e-01  -3.229758e-01  -3.356934e-01  -3.384691e-01  -3.511868e-01  -3.897798e-01  -4.605825e-01  -5.593932e-01  -6.741625e-01   0.000000e+00   2.203002e-01   4.279493e-01   6.079811e-01   7.428797e-01   8.157081e-01   8.157079e-01   7.428797e-01   6.079811e-01   4.279493e-01   2.203001e-01   0.000000e+00
   9.173673e-01   1.791900e+06   4.680000e+02   0.000000e+00  -1.151818e-01  -2.143535e-01  -2.854220e-01  -3.241642e-01  -3.369318e-01  -3.397182e-01  -3.524858e-01  -3.912280e-01  -4.622965e-01  -5.614682e-01  -6.766500e-01   0.000000e+00   2.206077e-01   4.285676e-01   6.088993e-01   7.440475e-01   8.170209e-01   8.170207e-01   7.440475e-01   6.088993e-01   4.285676e-01   2.206077e-01   0.000000e+00
   9.191954e-01   1.792900e+06   4.690000e+02   0.000000e+00  -1.155942e-01  -2.151269e-01  -2.864613e-01  -3.253527e-01  -3.381703e-01  -3.409673e-01  -3.537848e-01  -3.926762e-01  -4.640106e-01  -5.635433e-01  -6.791375e-01   0.000000e+00   2.209139e-01   4.291835e-01   6.098144e-01   7.452117e-01   8.183298e-01   8.183297e-01   7.452117e-01   6.098144e-01   4.291835e-01   2.209139e-01   0.000000e+00
   9.210206e-01   1.793800e+06   4.700000e+02   0.000000e+00  -1.160065e-01  -2.159002e-01  -2.875005e-01  -3.265411e-01  -3.394087e-01  -3.422163e-01  -3.550839e-01  -3.941245e-01  -4.657248e-01  -5.656185e-01  -6.816250e-01   0.000000e+00   2.212190e-01   4.297972e-01   6.107264e-01   7.463722e-01   8.196349e-01   8.196348e-01   7.463722e-01   6.107263e-01   4.297972e-01   2.212190e-01   0.000000e+00
   9.228431e-01   1.794700e+06   4.710000e+02   0.000000e+00  -1.164188e-01  -2.166733e-01  -2.885396e-01  -3.277294e-01  -3.406471e-01  -3.434654e-01  -3.563831e-01  -3.955729e-01  -4.674392e-01  -5.676937e-01  -6.841125e-01   0.000000e+00   2.215229e-01   4.304086e-01   6.116352e-01   7.475292e-01   8.209362e-01   8.209361e-01   7.475292e-01   6.116352e-01   4.304086e-01   2.215229e-01   0.000000e+00
   9.246627e-01   1.795700e+06   4.720000e+02   0.000000e+00  -1.168309e-01  -2.174463e-01  -2.895786e-01  -3.289178e-01  -3.418855e-01  -3.447145e-01  -3.576822e-01  -3.970214e-01  -4.691537e-01  -5.697691e-01  -6.866000e-01   0.000000e+00   2.218255e-01   4.310178e-01   6.125410e-01   7.486826e-01   8.222337e-01   8.222336e-01   7.486825e-01   6.125410e-01   4.310177e-01   2.218255e-01   0.000000e+00
   9.264794e-01   1.796600e+06   4.730000e+02   0.000000e+00  -1.172429e-01  -2.182192e-01  -2.906175e-01  -3.301061e-01  -3.431239e-01  -3.459636e-01  -3.589814e-01  -3.984700e-01  -4.708683e-01  -5.718446e-01  -6.890875e-01   0.000000e+00   2.221270e-01   4.316246e-01   6.134438e-01   7.498324e-01   8.235274e-01   8.235273e-01   7.498324e-01   6.134438e-01   4.316246e-01   2.221270e-01   0.000000e+00
   9.282935e-01   1.797500e+06   4.740000e+02   0.000000e+00  -1.176549e-01  -2.189920e-01  -2.916563e-01  -3.312944e-01  -3.443623e-01  -3.472127e-01  -3.602806e-01  -3.999187e-01  -4.725830e-01  -5.739201e-01  -6.915750e-01   0.000000e+00   2.224272e-01   4.322293e-01   6.143435e-01   7.509786e-01   8.248173e-01   8.248172e-01   7.509786e-01   6.143435e-01   4.322293e-01   2.224272e-01   0.000000e+00
   9.301047e-01   1.798400e+06   4.750000e+02   0.000000e+00  -1.180667e-01  -2.197646e-01  -2.926951e-01  -3.324826e-01  -3.456008e-01  -3.484618e-01  -3.615799e-01  -4.013675e-01  -4.742979e-01  -5.759958e-01  -6.940625e-01   0.000000e+00   2.227263e-01   4.328316e-01   6.152401e-01   7.521214e-01   8.261035e-01   8.261033e-01   7.521214e-01   6.152401e-01   4.328316e-01   2.227263e-01   0.000000e+00
   9.319132e-01   1.799400e+06   4.760000e+02   0.000000e+00  -1.184785e-01  -2.205372e-01  -2.937337e-01  -3.336708e-01  -3.468392e-01  -3.497109e-01  -3.628792e-01  -4.028163e-01  -4.760128e-01  -5.780715e-01  -6.965500e-01   0.000000e+00   2.230242e-01   4.334318e-01   6.161338e-01   7.532606e-01   8.273859e-01   8.273858e-01   7.532606e-01   6.161338e-01   4.334318e-01   2.230242e-01   0.000000e+00
   9.337189e-01   1.800300e+06   4.770000e+02   0.000000e+00  -1.188902e-01  -2.213096e-01  -2.947723e-01  -3.348590e-01  -3.480776e-01  -3.509600e-01  -3.641785e-01  -4.042652e-01  -4.777279e-01  -5.801473e-01  -6.990375e-01   0.000000e+00   2.233209e-01   4.340297e-01   6.170244e-01   7.543963e-01   8.286646e-01   8.286645e-01   7.543963e-01   6.170244e-01   4.340297e-01   2.233209e-01   0.000000e+00
   9.355220e-01   1.801200e+06   4.780000e+02   0.000000e+00  -1.193017e-01  -2.220818e-01  -2.958107e-01  -3.360472e-01  -3.493159e-01  -3.522091e-01  -3.654779e-01  -4.057143e-01  -4.794432e-01  -5.822233e-01  -7.015250e-01   0.000000e+00   2.236164e-01   4.346255e-01   6.179120e-01   7.555285e-01   8.299396e-01   8.299395e-01   7.555285e-01   6.179120e-01   4.346255e-01   2.236164e-01   0.000000e+00
   9.373223e-01   1.802200e+06   4.790000e+02   0.000000e+00  -1.197132e-01  -2.228540e-01  -2.968491e-01  -3.372353e-01  -3.505543e-01  -3.534582e-01  -3.667772e-01  -4.071634e-01  -4.811585e-01  -5.842993e-01  -7.040125e-01   0.000000e+00   2.239108e-01   4.352190e-01   6.187967e-01   7.566573e-01   8.312109e-01   8.312108e-01   7.566573e-01   6.187967e-01   4.352190e-01   2.239108e-01   0.000000e+00
   9.391199e-01   1.803100e+06   4.800000e+02   0.000000e+00  -1.201246e-01  -2.236260e-01  -2.978874e-01  -3.384233e-01  -3.517927e-01  -3.547073e-01  -3.680767e-01  -4.086126e-01  -4.828740e-01  -5.863754e-01  -7.065000e-01   0.000000e+00   2.242040e-01   4.358103e-01   6.196783e-01   7.577826e-01   8.324786e-01   8.324784e-01   7.577826e-01   6.196783e-01   4.358103e-01   2.242040e-01   0.000000e+00
   9.409149e-01   1.804000e+06   4.810000e+02   0.000000e+00  -1.205359e-01  -2.243979e-01  -2.989256e-01  -3.396114e-01  -3.530311e-01  -3.559564e-01  -3.693761e-01  -4.100619e-01  -4.845896e-01  -5.884516e-01  -7.089875e-01   0.000000e+00   2.244960e-01   4.363995e-01   6.205570e-01   7.589045e-01   8.337425e-01   8.337424e-01   7.589045e-01   6.205570e-01   4.363995e-01   2.244960e-01   0.000000e+00
   9.427072e-01   1.805000e+06   4.820000e+02   0.000000e+00  -1.209472e-01  -2.251697e-01  -2.999637e-01  -3.407994e-01  -3.542695e-01  -3.572056e-01  -3.706756e-01  -4.115113e-01  -4.863053e-01  -5.905278e-01  -7.114750e-01   0.000000e+00   2.247869e-01   4.369864e-01   6.214328e-01   7.600229e-01   8.350029e-01   8.350028e-01   7.600229e-01   6.214328e-01   4.369864e-01   2.247869e-01   0.000000e+00
   9.444969e-01   1.805900e+06   4.830000e+02   0.000000e+00  -1.213583e-01  -2.259414e-01  -3.010017e-01  -3.419874e-01  -3.555079e-01  -3.584547e-01  -3.719751e-01  -4.129608e-01  -4.880212e-01  -5.926042e-01  -7.139625e-01   0.000000e+00   2.250766e-01   4.375713e-01   6.223056e-01   7.611379e-01   8.362596e-01   8.362595e-01   7.611379e-01   6.223056e-01   4.375713e-01   2.250766e-01   0.000000e+00
   9.462839e-01   1.806800e+06   4.840000e+02   0.000000e+00  -1.217693e-01  -2.267129e-01  -3.020397e-01  -3.431753e-01  -3.567462e-01  -3.597038e-01  -3.732747e-01  -4.144103e-01  -4.897371e-01  -5.946807e-01  -7.164500e-01   0.000000e+00   2.253652e-01   4.381539e-01   6.231755e-01   7.622496e-01   8.375127e-01   8.375126e-01   7.622496e-01   6.231755e-01   4.381539e-01   2.253652e-01   0.000000e+00
   9.480683e-01   1.807800e+06   4.850000e+02   0.000000e+00  -1.221803e-01  -2.274843e-01  -3.030775e-01  -3.443632e-01  -3.579846e-01  -3.609529e-01  -3.745743e-01  -4.158600e-01  -4.914532e-01  -5.967572e-01  -7.189375e-01   0.000000e+00   2.256527e-01   4.387344e-01   6.240425e-01   7.633578e-01   8.387623e-01   8.387621e-01   7.633578e-01   6.240425e-01   4.387344e-01   2.256527e-01   0.000000e+00
   9.498501e-01   1.808700e+06   4.860000e+02   0.000000e+00  -1.225911e-01  -2.282556e-01  -3.041153e-01  -3.455511e-01  -3.592229e-01  -3.622021e-01  -3.758739e-01  -4.173097e-01  -4.931694e-01  -5.988339e-01  -7.214250e-01   0.000000e+00   2.259390e-01   4.393128e-01   6.249066e-01   7.644627e-01   8.400082e-01   8.400081e-01   7.644627e-01   6.249066e-01   4.393128e-01   2.259390e-01   0.000000e+00
   9.516294e-01   1.809600e+06   4.870000e+02   0.000000e+00  -1.230019e-01  -2.290267e-01  -3.051529e-01  -3.467390e-01  -3.604613e-01  -3.634512e-01  -3.771735e-01  -4.187596e-01  -4.948858e-01  -6.009106e-01  -7.239125e-01   0.000000e+00   2.262241e-01   4.398890e-01   6.257678e-01   7.655642e-01   8.412506e-01   8.412505e-01   7.655642e-01   6.257678e-01   4.398890e-01   2.262241e-01   0.000000e+00
   9.534060e-01   1.810600e+06   4.880000e+02   0.000000e+00  -1.234125e-01  -2.297978e-01  -3.061905e-01  -3.479268e-01  -3.616997e-01  -3.647004e-01  -3.784732e-01  -4.202095e-01  -4.966022e-01  -6.029875e-01  -7.264000e-01   0.000000e+00   2.265082e-01   4.404631e-01   6.266262e-01   7.666624e-01   8.424894e-01   8.424893e-01   7.666624e-01   6.266262e-01   4.404631e-01   2.265082e-01   0.000000e+00
   9.551802e-01   1.811500e+06   4.890000e+02   0.000000e+00  -1.238231e-01  -2.305687e-01  -3.072280e-01  -3.491146e-01  -3.629380e-01  -3.659495e-01  -3.797730e-01  -4.216595e-01  -4.983188e-01  -6.050644e-01  -7.288875e-01   0.000000e+00   2.267911e-01   4.410351e-01   6.274817e-01   7.677573e-01   8.437247e-01   8.437246e-01   7.677573e-01   6.274817e-01   4.410351e-01   2.267911e-01   0.000000e+00
   9.569517e-01   1.812400e+06   4.900000e+02   0.000000e+00  -1.242336e-01  -2.313394e-01  -3.082654e-01  -3.503023e-01  -3.641764e-01  -3.671987e-01  -3.810727e-01  -4.231096e-01  -5.000356e-01  -6.071414e-01  -7.313750e-01   0.000000e+00   2.270729e-01   4.416050e-01   6.283343e-01   7.688488e-01   8.449565e-01   8.449564e-01   7.688488e-01   6.283343e-01   4.416050e-01   2.270729e-01   0.000000e+00
   9.587208e-01   1.813400e+06   4.910000e+02   0.000000e+00  -1.246440e-01  -2.321101e-01  -3.093027e-01  -3.514900e-01  -3.654147e-01  -3.684478e-01  -3.823725e-01  -4.245598e-01  -5.017524e-01  -6.092185e-01  -7.338625e-01   0.000000e+00   2.273536e-01   4.421729e-01   6.291841e-01   7.699371e-01   8.461848e-01   8.461847e-01   7.699371e-01   6.291841e-01   4.421728e-01   2.273536e-01   0.000000e+00
   9.604873e-01   1.814300e+06   4.920000e+02   0.000000e+00  -1.250543e-01  -2.328806e-01  -3.103399e-01  -3.526777e-01  -3.666530e-01  -3.696970e-01  -3.836723e-01  -4.260101e-01  -5.034694e-01  -6.112957e-01  -7.363500e-01   0.000000e+00   2.276332e-01   4.427386e-01   6.300310e-01   7.710221e-01   8.474096e-01   8.474095e-01   7.710220e-01   6.300310e-01   4.427386e-01   2.276332e-01   0.000000e+00
   9.622513e-01   1.815300e+06   4.930000e+02   0.000000e+00  -1.254645e-01  -2.336510e-01  -3.113770e-01  -3.538653e-01  -3.678914e-01  -3.709462e-01  -3.849722e-01  -4.274605e-01  -5.051865e-01  -6.133730e-01  -7.388375e-01   0.000000e+00   2.279117e-01   4.433022e-01   6.308752e-01   7.721037e-01   8.486310e-01   8.486308e-01   7.721037e-01   6.308752e-01   4.433022e-01   2.279117e-01   0.000000e+00
   9.640129e-01   1.816200e+06   4.940000e+02   0.000000e+00  -1.258746e-01  -2.344213e-01  -3.124141e-01  -3.550529e-01  -3.691297e-01  -3.721953e-01  -3.862721e-01  -4.289110e-01  -5.069037e-01  -6.154504e-01  -7.413250e-01   0.000000e+00   2.281891e-01   4.438638e-01   6.317165e-01   7.731822e-01   8.498488e-01   8.498487e-01   7.731822e-01   6.317165e-01   4.438638e-01   2.281891e-01   0.000000e+00
   9.657720e-01   1.817100e+06   4.950000e+02   0.000000e+00  -1.262846e-01  -2.351915e-01  -3.134510e-01  -3.562405e-01  -3.703680e-01  -3.734445e-01  -3.875720e-01  -4.303615e-01  -5.086210e-01  -6.175279e-01  -7.438125e-01   0.000000e+00   2.284653e-01   4.444233e-01   6.325551e-01   7.742574e-01   8.510633e-01   8.510631e-01   7.742574e-01   6.325550e-01   4.444233e-01   2.284653e-01   0.000000e+00
   9.675286e-01   1.818100e+06   4.960000e+02   0.000000e+00  -1.266946e-01  -2.359615e-01  -3.144878e-01  -3.574281e-01  -3.716063e-01  -3.746937e-01  -3.888720e-01  -4.318122e-01  -5.103385e-01  -6.196054e-01  -7.463000e-01   0.000000e+00   2.287405e-01   4.449807e-01   6.333908e-01   7.753294e-01   8.522743e-01   8.522742e-01   7.753293e-01   6.333908e-01   4.449807e-01   2.287405e-01   0.000000e+00
   9.692827e-01   1.819000e+06   4.970000e+02   0.000000e+00  -1.271044e-01  -2.367314e-01  -3.155246e-01  -3.586156e-01  -3.728446e-01  -3.759429e-01  -3.901719e-01  -4.332629e-01  -5.120561e-01  -6.216831e-01  -7.487875e-01   0.000000e+00   2.290146e-01   4.455361e-01   6.342238e-01   7.763981e-01   8.534819e-01   8.534817e-01   7.763981e-01   6.342238e-01   4.455361e-01   2.290146e-01   0.000000e+00
   9.710345e-01   1.820000e+06   4.980000e+02   0.000000e+00  -1.275141e-01  -2.375012e-01  -3.165613e-01  -3.598030e-01  -3.740830e-01  -3.771921e-01  -3.914720e-01  -4.347137e-01  -5.137738e-01  -6.237609e-01  -7.512750e-01   0.000000e+00   2.292877e-01   4.460895e-01   6.350540e-01   7.774636e-01   8.546861e-01   8.546859e-01   7.774636e-01   6.350540e-01   4.460895e-01   2.292877e-01   0.000000e+00
   9.727838e-01   1.820900e+06   4.990000e+02   0.000000e+00  -1.279238e-01  -2.382708e-01  -3.175979e-01  -3.609905e-01  -3.753213e-01  -3.784413e-01  -3.927720e-01  -4.361647e-01  -5.154917e-01  -6.258387e-01  -7.537625e-01   0.000000e+00   2.295596e-01   4.466408e-01   6.358815e-01   7.785260e-01   8.558869e-01   8.558867e-01   7.785260e-01   6.358815e-01   4.466408e-01   2.295596e-01   0.000000e+00
   9.745307e-01   1.821800e+06   5.000000e+02   0.000000e+00  -1.283334e-01  -2.390403e-01  -3.186343e-01  -3.621779e-01  -3.765596e-01  -3.796905e-01  -3.940721e-01  -4.376157e-01  -5.172097e-01  -6.279167e-01  -7.562500e-01   0.000000e+00   2.298305e-01   4.471901e-01   6.367062e-01   7.795852e-01   8.570843e-01   8.570842e-01   7.795852e-01   6.367062e-01   4.471901e-01   2.298305e-01   0.000000e+00
   9.762753e-01   1.822800e+06   5.010000e+02   0.000000e+00  -1.287428e-01  -2.398097e-01  -3.196707e-01  -3.633653e-01  -3.777979e-01  -3.809397e-01  -3.953722e-01  -4.390668e-01  -5.189278e-01  -6.299947e-01  -7.587375e-01   0.000000e+00   2.301003e-01   4.477374e-01   6.375283e-01   7.806412e-01   8.582784e-01   8.582783e-01   7.806412e-01   6.375282e-01   4.477374e-01   2.301003e-01   0.000000e+00
   9.780174e-01   1.823700e+06   5.020000e+02   0.000000e+00  -1.291522e-01  -2.405790e-01  -3.207070e-01  -3.645526e-01  -3.790362e-01  -3.821889e-01  -3.966724e-01  -4.405180e-01  -5.206460e-01  -6.320728e-01  -7.612250e-01   0.000000e+00   2.303690e-01   4.482827e-01   6.383475e-01   7.816940e-01   8.594691e-01   8.594690e-01   7.816940e-01   6.383475e-01   4.482827e-01   2.303690e-01   0.000000e+00
   9.797572e-01   1.824700e+06   5.030000e+02   0.000000e+00  -1.295615e-01  -2.413482e-01  -3.217432e-01  -3.657399e-01  -3.802745e-01  -3.834381e-01  -3.979726e-01  -4.419693e-01  -5.223644e-01  -6.341510e-01  -7.637125e-01   0.000000e+00   2.306366e-01   4.488260e-01   6.391641e-01   7.827437e-01   8.606565e-01   8.606564e-01   7.827437e-01   6.391641e-01   4.488260e-01   2.306366e-01   0.000000e+00
   9.814946e-01   1.825600e+06   5.040000e+02   0.000000e+00  -1.299707e-01  -2.421172e-01  -3.227794e-01  -3.669272e-01  -3.815127e-01  -3.846873e-01  -3.992728e-01  -4.434206e-01  -5.240828e-01  -6.362293e-01  -7.662000e-01   0.000000e+00   2.309033e-01   4.493673e-01   6.399780e-01   7.837903e-01   8.618406e-01   8.618405e-01   7.837903e-01   6.399780e-01   4.493673e-01   2.309033e-01   0.000000e+00
   9.832297e-01   1.826600e+06   5.050000e+02   0.000000e+00  -1.303798e-01  -2.428861e-01  -3.238154e-01  -3.681144e-01  -3.827510e-01  -3.859365e-01  -4.005731e-01  -4.448721e-01  -5.258015e-01  -6.383077e-01  -7.686875e-01   0.000000e+00   2.311688e-01   4.499066e-01   6.407892e-01   7.848338e-01   8.630214e-01   8.630212e-01   7.848338e-01   6.407892e-01   4.499066e-01   2.311688e-01   0.000000e+00
   9.849625e-01   1.827500e+06   5.060000e+02   0.000000e+00  -1.307888e-01  -2.436548e-01  -3.248513e-01  -3.693016e-01  -3.839893e-01  -3.871857e-01  -4.018734e-01  -4.463237e-01  -5.275202e-01  -6.403862e-01  -7.711750e-01   0.000000e+00   2.314333e-01   4.504439e-01   6.415977e-01   7.858741e-01   8.641989e-01   8.641987e-01   7.858741e-01   6.415977e-01   4.504439e-01   2.314333e-01   0.000000e+00
   9.866929e-01   1.828400e+06   5.070000e+02   0.000000e+00  -1.311977e-01  -2.444235e-01  -3.258872e-01  -3.704888e-01  -3.852276e-01  -3.884350e-01  -4.031737e-01  -4.477753e-01  -5.292391e-01  -6.424648e-01  -7.736625e-01   0.000000e+00   2.316968e-01   4.509793e-01   6.424036e-01   7.869114e-01   8.653731e-01   8.653729e-01   7.869114e-01   6.424036e-01   4.509793e-01   2.316967e-01   0.000000e+00
   9.884211e-01   1.829400e+06   5.080000e+02   0.000000e+00  -1.316065e-01  -2.451920e-01  -3.269229e-01  -3.716759e-01  -3.864658e-01  -3.896842e-01  -4.044741e-01  -4.492271e-01  -5.309580e-01  -6.445435e-01  -7.761500e-01   0.000000e+00   2.319592e-01   4.515127e-01   6.432068e-01   7.879456e-01   8.665440e-01   8.665439e-01   7.879456e-01   6.432068e-01   4.515127e-01   2.319592e-01   0.000000e+00
   9.901469e-01   1.830300e+06   5.090000e+02   0.000000e+00  -1.320152e-01  -2.459603e-01  -3.279586e-01  -3.728630e-01  -3.877041e-01  -3.909334e-01  -4.057745e-01  -4.506789e-01  -5.326772e-01  -6.466223e-01  -7.786375e-01   0.000000e+00   2.322205e-01   4.520441e-01   6.440073e-01   7.889767e-01   8.677117e-01   8.677116e-01   7.889767e-01   6.440073e-01   4.520441e-01   2.322205e-01   0.000000e+00
   9.918705e-01   1.831300e+06   5.100000e+02   0.000000e+00  -1.324238e-01  -2.467286e-01  -3.289942e-01  -3.740501e-01  -3.889424e-01  -3.921827e-01  -4.070749e-01  -4.521309e-01  -5.343964e-01  -6.487012e-01  -7.811250e-01   0.000000e+00   2.324809e-01   4.525736e-01   6.448053e-01   7.900048e-01   8.688761e-01   8.688760e-01   7.900048e-01   6.448052e-01   4.525736e-01   2.324809e-01   0.000000e+00
   9.935918e-01   1.832200e+06   5.110000e+02   0.000000e+00  -1.328324e-01  -2.474967e-01  -3.300296e-01  -3.752371e-01  -3.901806e-01  -3.934319e-01  -4.083754e-01  -4.535829e-01  -5.361158e-01  -6.507801e-01  -7.836125e-01   0.000000e+00   2.327402e-01   4.531012e-01   6.456005e-01   7.910298e-01   8.700374e-01   8.700372e-01   7.910298e-01   6.456005e-01   4.531012e-01   2.327402e-01   0.000000e+00
   9.953109e-01   1.833200e+06   5.120000e+02   0.000000e+00  -1.332408e-01  -2.482647e-01  -3.310650e-01  -3.764241e-01  -3.914189e-01  -3.946812e-01  -4.096759e-01  -4.550350e-01  -5.378353e-01  -6.528592e-01  -7.861000e-01   0.000000e+00   2.329984e-01   4.536268e-01   6.463932e-01   7.920518e-01   8.711954e-01   8.711952e-01   7.920518e-01   6.463932e-01   4.536268e-01   2.329984e-01   0.000000e+00
   9.970277e-01   1.834100e+06   5.130000e+02   0.000000e+00  -1.336492e-01  -2.490326e-01  -3.321003e-01  -3.776111e-01  -3.926571e-01  -3.959304e-01  -4.109764e-01  -4.564872e-01  -5.395549e-01  -6.549383e-01  -7.885875e-01   0.000000e+00   2.332557e-01   4.541505e-01   6.471833e-01   7.930707e-01   8.723502e-01   8.723500e-01   7.930707e-01   6.471833e-01   4.541505e-01   2.332557e-01   0.000000e+00
   9.987422e-01   1.835100e+06   5.140000e+02   0.000000e+00  -1.340574e-01  -2.498003e-01  -3.331355e-01  -3.787980e-01  -3.938954e-01  -3.971797e-01  -4.122770e-01  -4.579395e-01  -5.412747e-01  -6.570176e-01  -7.910750e-01   0.000000e+00   2.335119e-01   4.546722e-01   6.479707e-01   7.940867e-01   8.735018e-01   8.735016e-01   7.940867e-01   6.479707e-01   4.546722e-01   2.335119e-01   0.000000e+00
   1.000455e+00   1.836000e+06   5.150000e+02   0.000000e+00  -1.344656e-01  -2.505680e-01  -3.341706e-01  -3.799849e-01  -3.951336e-01  -3.984289e-01  -4.135776e-01  -4.593919e-01  -5.429946e-01  -6.590969e-01  -7.935625e-01   0.000000e+00   2.337671e-01   4.551921e-01   6.487556e-01   7.950996e-01   8.746502e-01   8.746500e-01   7.950996e-01   6.487556e-01   4.551921e-01   2.337671e-01   0.000000e+00
   1.002165e+00   1.837000e+06   5.160000e+02   0.000000e+00  -1.348736e-01  -2.513354e-01  -3.352056e-01  -3.811718e-01  -3.963719e-01  -3.996782e-01  -4.148783e-01  -4.608444e-01  -5.447146e-01  -6.611764e-01  -7.960500e-01   0.000000e+00   2.340213e-01   4.557100e-01   6.495379e-01   7.961096e-01   8.757955e-01   8.757953e-01   7.961096e-01   6.495379e-01   4.557100e-01   2.340213e-01   0.000000e+00
   1.003873e+00   1.837900e+06   5.170000e+02   0.000000e+00  -1.352816e-01  -2.521028e-01  -3.362405e-01  -3.823586e-01  -3.976101e-01  -4.009275e-01  -4.161789e-01  -4.622970e-01  -5.464347e-01  -6.632559e-01  -7.985375e-01   0.000000e+00   2.342745e-01   4.562261e-01   6.503176e-01   7.971166e-01   8.769376e-01   8.769374e-01   7.971165e-01   6.503176e-01   4.562261e-01   2.342745e-01   0.000000e+00
   1.005578e+00   1.838900e+06   5.180000e+02   0.000000e+00  -1.356895e-01  -2.528700e-01  -3.372754e-01  -3.835454e-01  -3.988483e-01  -4.021767e-01  -4.174796e-01  -4.637496e-01  -5.481550e-01  -6.653355e-01  -8.010250e-01   0.000000e+00   2.345267e-01   4.567402e-01   6.510948e-01   7.981206e-01   8.780765e-01   8.780764e-01   7.981206e-01   6.510948e-01   4.567402e-01   2.345267e-01   0.000000e+00
   1.007282e+00   1.839800e+06   5.190000e+02   0.000000e+00  -1.360973e-01  -2.536371e-01  -3.383101e-01  -3.847321e-01  -4.000865e-01  -4.034260e-01  -4.187804e-01  -4.652024e-01  -5.498754e-01  -6.674152e-01  -8.035125e-01   0.000000e+00   2.347778e-01   4.572525e-01   6.518694e-01   7.991216e-01   8.792124e-01   8.792122e-01   7.991216e-01   6.518694e-01   4.572525e-01   2.347778e-01   0.000000e+00
   1.008984e+00   1.840800e+06   5.200000e+02   0.000000e+00  -1.365050e-01  -2.544041e-01  -3.393448e-01  -3.859188e-01  -4.013248e-01  -4.046753e-01  -4.200812e-01  -4.666553e-01  -5.515959e-01  -6.694950e-01  -8.060000e-01   0.000000e+00   2.350280e-01   4.577629e-01   6.526415e-01   8.001197e-01   8.803451e-01   8.803449e-01   8.001197e-01   6.526415e-01   4.577629e-01   2.350280e-01   0.000000e+00
   1.010683e+00   1.841700e+06   5.210000e+02   0.000000e+00  -1.369126e-01  -2.551710e-01  -3.403793e-01  -3.871055e-01  -4.025630e-01  -4.059246e-01  -4.213820e-01  -4.681082e-01  -5.533166e-01  -6.715749e-01  -8.084875e-01   0.000000e+00   2.352772e-01   4.582714e-01   6.534110e-01   8.011149e-01   8.814747e-01   8.814746e-01   8.011149e-01   6.534110e-01   4.582714e-01   2.352772e-01   0.000000e+00
   1.012380e+00   1.842700e+06   5.220000e+02   0.000000e+00  -1.373201e-01  -2.559377e-01  -3.414138e-01  -3.882922e-01  -4.038012e-01  -4.071739e-01  -4.226828e-01  -4.695613e-01  -5.550373e-01  -6.736549e-01  -8.109750e-01   0.000000e+00   2.355254e-01   4.587781e-01   6.541780e-01   8.021072e-01   8.826012e-01   8.826011e-01   8.021072e-01   6.541780e-01   4.587781e-01   2.355254e-01   0.000000e+00
   1.014075e+00   1.843600e+06   5.230000e+02   0.000000e+00  -1.377275e-01  -2.567043e-01  -3.424481e-01  -3.894788e-01  -4.050394e-01  -4.084232e-01  -4.239837e-01  -4.710144e-01  -5.567582e-01  -6.757350e-01  -8.134625e-01   0.000000e+00   2.357726e-01   4.592829e-01   6.549425e-01   8.030965e-01   8.837246e-01   8.837245e-01   8.030965e-01   6.549425e-01   4.592829e-01   2.357726e-01   0.000000e+00
   1.015768e+00   1.844600e+06   5.240000e+02   0.000000e+00  -1.381348e-01  -2.574707e-01  -3.434824e-01  -3.906654e-01  -4.062776e-01  -4.096725e-01  -4.252846e-01  -4.724676e-01  -5.584793e-01  -6.778152e-01  -8.159500e-01   0.000000e+00   2.360188e-01   4.597858e-01   6.557045e-01   8.040829e-01   8.848450e-01   8.848449e-01   8.040829e-01   6.557045e-01   4.597858e-01   2.360188e-01   0.000000e+00
   1.017459e+00   1.845500e+06   5.250000e+02   0.000000e+00  -1.385420e-01  -2.582371e-01  -3.445166e-01  -3.918519e-01  -4.075158e-01  -4.109218e-01  -4.265856e-01  -4.739210e-01  -5.602005e-01  -6.798955e-01  -8.184375e-01   0.000000e+00   2.362640e-01   4.602869e-01   6.564640e-01   8.050665e-01   8.859623e-01   8.859622e-01   8.050665e-01   6.564640e-01   4.602869e-01   2.362640e-01   0.000000e+00
   1.019147e+00   1.846500e+06   5.260000e+02   0.000000e+00  -1.389491e-01  -2.590033e-01  -3.455506e-01  -3.930384e-01  -4.087540e-01  -4.121711e-01  -4.278866e-01  -4.753744e-01  -5.619218e-01  -6.819759e-01  -8.209250e-01   0.000000e+00   2.365083e-01   4.607861e-01   6.572210e-01   8.060472e-01   8.870765e-01   8.870764e-01   8.060471e-01   6.572210e-01   4.607861e-01   2.365083e-01   0.000000e+00
   1.020834e+00   1.847500e+06   5.270000e+02   0.000000e+00  -1.393562e-01  -2.597693e-01  -3.465846e-01  -3.942249e-01  -4.099922e-01  -4.134204e-01  -4.291876e-01  -4.768279e-01  -5.636432e-01  -6.840563e-01  -8.234125e-01   0.000000e+00   2.367516e-01   4.612836e-01   6.579756e-01   8.070250e-01   8.881878e-01   8.881876e-01   8.070249e-01   6.579755e-01   4.612836e-01   2.367515e-01   0.000000e+00
   1.022518e+00   1.848400e+06   5.280000e+02   0.000000e+00  -1.397631e-01  -2.605353e-01  -3.476185e-01  -3.954113e-01  -4.112304e-01  -4.146697e-01  -4.304887e-01  -4.782815e-01  -5.653647e-01  -6.861369e-01  -8.259000e-01   0.000000e+00   2.369939e-01   4.617791e-01   6.587276e-01   8.079999e-01   8.892959e-01   8.892958e-01   8.079999e-01   6.587276e-01   4.617791e-01   2.369939e-01   0.000000e+00
   1.024201e+00   1.849400e+06   5.290000e+02   0.000000e+00  -1.401700e-01  -2.613011e-01  -3.486523e-01  -3.965977e-01  -4.124685e-01  -4.159190e-01  -4.317898e-01  -4.797352e-01  -5.670864e-01  -6.882175e-01  -8.283875e-01   0.000000e+00   2.372352e-01   4.622729e-01   6.594772e-01   8.089720e-01   8.904011e-01   8.904009e-01   8.089720e-01   6.594772e-01   4.622729e-01   2.372352e-01   0.000000e+00
   1.025881e+00   1.850300e+06   5.300000e+02   0.000000e+00  -1.405767e-01  -2.620668e-01  -3.496860e-01  -3.977841e-01  -4.137067e-01  -4.171683e-01  -4.330909e-01  -4.811890e-01  -5.688082e-01  -6.902983e-01  -8.308750e-01   0.000000e+00   2.374756e-01   4.627649e-01   6.602243e-01   8.099412e-01   8.915033e-01   8.915031e-01   8.099412e-01   6.602243e-01   4.627649e-01   2.374756e-01   0.000000e+00
   1.027560e+00   1.851300e+06   5.310000e+02   0.000000e+00  -1.409834e-01  -2.628323e-01  -3.507196e-01  -3.989704e-01  -4.149449e-01  -4.184177e-01  -4.343921e-01  -4.826429e-01  -5.705302e-01  -6.923791e-01  -8.333625e-01   0.000000e+00   2.377150e-01   4.632550e-01   6.609690e-01   8.109076e-01   8.926024e-01   8.926023e-01   8.109076e-01   6.609690e-01   4.632550e-01   2.377150e-01   0.000000e+00
   1.029236e+00   1.852200e+06   5.320000e+02   0.000000e+00  -1.413899e-01  -2.635977e-01  -3.517532e-01  -4.001567e-01  -4.161830e-01  -4.196670e-01  -4.356933e-01  -4.840969e-01  -5.722523e-01  -6.944601e-01  -8.358500e-01   0.000000e+00   2.379534e-01   4.637433e-01   6.617113e-01   8.118712e-01   8.936986e-01   8.936984e-01   8.118712e-01   6.617113e-01   4.637433e-01   2.379534e-01   0.000000e+00
   1.030910e+00   1.853200e+06   5.330000e+02   0.000000e+00  -1.417964e-01  -2.643630e-01  -3.527866e-01  -4.013430e-01  -4.174212e-01  -4.209163e-01  -4.369945e-01  -4.855509e-01  -5.739745e-01  -6.965411e-01  -8.383375e-01   0.000000e+00   2.381909e-01   4.642299e-01   6.624511e-01   8.128320e-01   8.947918e-01   8.947917e-01   8.128320e-01   6.624511e-01   4.642299e-01   2.381909e-01   0.000000e+00
   1.032582e+00   1.854200e+06   5.340000e+02   0.000000e+00  -1.422027e-01  -2.651282e-01  -3.538199e-01  -4.025292e-01  -4.186594e-01  -4.221657e-01  -4.382958e-01  -4.870051e-01  -5.756968e-01  -6.986223e-01  -8.408250e-01   0.000000e+00   2.384275e-01   4.647146e-01   6.631885e-01   8.137900e-01   8.958820e-01   8.958819e-01   8.137900e-01   6.631885e-01   4.647146e-01   2.384275e-01   0.000000e+00
   1.034253e+00   1.855100e+06   5.350000e+02   0.000000e+00  -1.426090e-01  -2.658932e-01  -3.548531e-01  -4.037154e-01  -4.198975e-01  -4.234150e-01  -4.395971e-01  -4.884594e-01  -5.774193e-01  -7.007035e-01  -8.433125e-01   0.000000e+00   2.386631e-01   4.651976e-01   6.639235e-01   8.147452e-01   8.969693e-01   8.969692e-01   8.147452e-01   6.639235e-01   4.651976e-01   2.386631e-01   0.000000e+00
   1.035921e+00   1.856100e+06   5.360000e+02   0.000000e+00  -1.430152e-01  -2.666581e-01  -3.558863e-01  -4.049016e-01  -4.211357e-01  -4.246644e-01  -4.408984e-01  -4.899137e-01  -5.791419e-01  -7.027848e-01  -8.458000e-01   0.000000e+00   2.388977e-01   4.656788e-01   6.646561e-01   8.156976e-01   8.980537e-01   8.980535e-01   8.156976e-01   6.646561e-01   4.656788e-01   2.388977e-01   0.000000e+00
   1.037587e+00   1.857100e+06   5.370000e+02   0.000000e+00  -1.434213e-01  -2.674229e-01  -3.569193e-01  -4.060877e-01  -4.223738e-01  -4.259137e-01  -4.421998e-01  -4.913682e-01  -5.808646e-01  -7.048662e-01  -8.482875e-01   0.000000e+00   2.391314e-01   4.661582e-01   6.653863e-01   8.166472e-01   8.991351e-01   8.991349e-01   8.166472e-01   6.653863e-01   4.661582e-01   2.391314e-01   0.000000e+00
   1.039252e+00   1.858000e+06   5.380000e+02   0.000000e+00  -1.438273e-01  -2.681875e-01  -3.579523e-01  -4.072738e-01  -4.236120e-01  -4.271631e-01  -4.435012e-01  -4.928227e-01  -5.825875e-01  -7.069477e-01  -8.507750e-01   0.000000e+00   2.393642e-01   4.666358e-01   6.661141e-01   8.175941e-01   9.002136e-01   9.002134e-01   8.175941e-01   6.661141e-01   4.666358e-01   2.393642e-01   0.000000e+00
   1.040914e+00   1.859000e+06   5.390000e+02   0.000000e+00  -1.442332e-01  -2.689521e-01  -3.589851e-01  -4.084599e-01  -4.248501e-01  -4.284124e-01  -4.448027e-01  -4.942774e-01  -5.843104e-01  -7.090294e-01  -8.532625e-01   0.000000e+00   2.395960e-01   4.671117e-01   6.668395e-01   8.185382e-01   9.012892e-01   9.012890e-01   8.185382e-01   6.668395e-01   4.671117e-01   2.395960e-01   0.000000e+00
   1.042574e+00   1.859900e+06   5.400000e+02   0.000000e+00  -1.446389e-01  -2.697164e-01  -3.600179e-01  -4.096459e-01  -4.260882e-01  -4.296618e-01  -4.461041e-01  -4.957321e-01  -5.860336e-01  -7.111111e-01  -8.557500e-01   0.000000e+00   2.398269e-01   4.675858e-01   6.675625e-01   8.194796e-01   9.023618e-01   9.023617e-01   8.194795e-01   6.675625e-01   4.675858e-01   2.398269e-01   0.000000e+00
   1.044233e+00   1.860900e+06   5.410000e+02   0.000000e+00  -1.450447e-01  -2.704807e-01  -3.610505e-01  -4.108318e-01  -4.273264e-01  -4.309112e-01  -4.474057e-01  -4.971870e-01  -5.877568e-01  -7.131929e-01  -8.582375e-01   0.000000e+00   2.400569e-01   4.680582e-01   6.682832e-01   8.204182e-01   9.034316e-01   9.034315e-01   8.204182e-01   6.682832e-01   4.680582e-01   2.400569e-01   0.000000e+00
   1.045889e+00   1.861900e+06   5.420000e+02   0.000000e+00  -1.454503e-01  -2.712448e-01  -3.620831e-01  -4.120178e-01  -4.285645e-01  -4.321606e-01  -4.487072e-01  -4.986419e-01  -5.894802e-01  -7.152747e-01  -8.607250e-01   0.000000e+00   2.402859e-01   4.685288e-01   6.690015e-01   8.213541e-01   9.044985e-01   9.044984e-01   8.213541e-01   6.690015e-01   4.685288e-01   2.402859e-01   0.000000e+00
   1.047544e+00   1.862800e+06   5.430000e+02   0.000000e+00  -1.458558e-01  -2.720088e-01  -3.631156e-01  -4.132037e-01  -4.298026e-01  -4.334099e-01  -4.500088e-01  -5.000969e-01  -5.912037e-01  -7.173567e-01  -8.632125e-01   0.000000e+00   2.405140e-01   4.689977e-01   6.697175e-01   8.222873e-01   9.055626e-01   9.055624e-01   8.222873e-01   6.697175e-01   4.689977e-01   2.405140e-01   0.000000e+00
   1.049197e+00   1.863800e+06   5.440000e+02   0.000000e+00  -1.462612e-01  -2.727727e-01  -3.641480e-01  -4.143896e-01  -4.310407e-01  -4.346593e-01  -4.513104e-01  -5.015521e-01  -5.929274e-01  -7.194388e-01  -8.657000e-01   0.000000e+00   2.407412e-01   4.694649e-01   6.704311e-01   8.232178e-01   9.066237e-01   9.066236e-01   8.232178e-01   6.704311e-01   4.694649e-01   2.407412e-01   0.000000e+00
   1.050847e+00   1.864800e+06   5.450000e+02   0.000000e+00  -1.466665e-01  -2.735364e-01  -3.651802e-01  -4.155754e-01  -4.322788e-01  -4.359087e-01  -4.526121e-01  -5.030073e-01  -5.946511e-01  -7.215210e-01  -8.681875e-01   0.000000e+00   2.409675e-01   4.699303e-01   6.711424e-01   8.241456e-01   9.076821e-01   9.076819e-01   8.241456e-01   6.711424e-01   4.699303e-01   2.409675e-01   0.000000e+00
   1.052496e+00   1.865700e+06   5.460000e+02   0.000000e+00  -1.470717e-01  -2.743000e-01  -3.662124e-01  -4.167612e-01  -4.335169e-01  -4.371581e-01  -4.539138e-01  -5.044626e-01  -5.963750e-01  -7.236033e-01  -8.706750e-01   0.000000e+00   2.411928e-01   4.703940e-01   6.718514e-01   8.250707e-01   9.087376e-01   9.087374e-01   8.250707e-01   6.718514e-01   4.703940e-01   2.411928e-01   0.000000e+00
   1.054143e+00   1.866700e+06   5.470000e+02   0.000000e+00  -1.474768e-01  -2.750634e-01  -3.672445e-01  -4.179470e-01  -4.347550e-01  -4.384075e-01  -4.552155e-01  -5.059180e-01  -5.980991e-01  -7.256857e-01  -8.731625e-01   0.000000e+00   2.414172e-01   4.708560e-01   6.725580e-01   8.259931e-01   9.097902e-01   9.097900e-01   8.259931e-01   6.725580e-01   4.708560e-01   2.414172e-01   0.000000e+00
   1.055788e+00   1.867700e+06   5.480000e+02   0.000000e+00  -1.478819e-01  -2.758268e-01  -3.682765e-01  -4.191327e-01  -4.359931e-01  -4.396569e-01  -4.565173e-01  -5.073735e-01  -5.998232e-01  -7.277681e-01  -8.756500e-01   0.000000e+00   2.416408e-01   4.713163e-01   6.732624e-01   8.269129e-01   9.108400e-01   9.108399e-01   8.269128e-01   6.732624e-01   4.713163e-01   2.416408e-01   0.000000e+00
   1.057431e+00   1.868700e+06   5.490000e+02   0.000000e+00  -1.482868e-01  -2.765900e-01  -3.693084e-01  -4.203184e-01  -4.372312e-01  -4.409063e-01  -4.578191e-01  -5.088291e-01  -6.015475e-01  -7.298507e-01  -8.781375e-01   0.000000e+00   2.418634e-01   4.717749e-01   6.739644e-01   8.278299e-01   9.118870e-01   9.118869e-01   8.278299e-01   6.739644e-01   4.717748e-01   2.418634e-01   0.000000e+00
   1.059073e+00   1.869600e+06   5.500000e+02   0.000000e+00  -1.486916e-01  -2.773530e-01  -3.703402e-01  -4.215041e-01  -4.384693e-01  -4.421557e-01  -4.591210e-01  -5.102848e-01  -6.032720e-01  -7.319334e-01  -8.806250e-01   0.000000e+00   2.420851e-01   4.722317e-01   6.746641e-01   8.287444e-01   9.129312e-01   9.129311e-01   8.287444e-01   6.746641e-01   4.722317e-01   2.420851e-01   0.000000e+00
   1.060712e+00   1.870600e+06   5.510000e+02   0.000000e+00  -1.490964e-01  -2.781160e-01  -3.713719e-01  -4.226897e-01  -4.397074e-01  -4.434051e-01  -4.604228e-01  -5.117406e-01  -6.049965e-01  -7.340161e-01  -8.831125e-01   0.000000e+00   2.423059e-01   4.726869e-01   6.753616e-01   8.296562e-01   9.139727e-01   9.139725e-01   8.296562e-01   6.753616e-01   4.726869e-01   2.423059e-01   0.000000e+00
   1.062350e+00   1.871600e+06   5.520000e+02   0.000000e+00  -1.495010e-01  -2.788788e-01  -3.724035e-01  -4.238753e-01  -4.409455e-01  -4.446546e-01  -4.617248e-01  -5.131965e-01  -6.067212e-01  -7.360990e-01  -8.856000e-01   0.000000e+00   2.425258e-01   4.731404e-01   6.760567e-01   8.305653e-01   9.150113e-01   9.150111e-01   8.305653e-01   6.760567e-01   4.731404e-01   2.425258e-01   0.000000e+00
   1.063986e+00   1.872500e+06   5.530000e+02   0.000000e+00  -1.499056e-01  -2.796414e-01  -3.734350e-01  -4.250608e-01  -4.421836e-01  -4.459040e-01  -4.630267e-01  -5.146525e-01  -6.084461e-01  -7.381819e-01  -8.880875e-01   0.000000e+00   2.427449e-01   4.735922e-01   6.767496e-01   8.314718e-01   9.160471e-01   9.160470e-01   8.314718e-01   6.767496e-01   4.735922e-01   2.427449e-01   0.000000e+00
   1.065620e+00   1.873500e+06   5.540000e+02   0.000000e+00  -1.503100e-01  -2.804040e-01  -3.744665e-01  -4.262463e-01  -4.434216e-01  -4.471534e-01  -4.643287e-01  -5.161086e-01  -6.101710e-01  -7.402650e-01  -8.905750e-01   0.000000e+00   2.429630e-01   4.740423e-01   6.774402e-01   8.323757e-01   9.170802e-01   9.170801e-01   8.323757e-01   6.774402e-01   4.740423e-01   2.429630e-01   0.000000e+00
   1.067252e+00   1.874500e+06   5.550000e+02   0.000000e+00  -1.507144e-01  -2.811664e-01  -3.754978e-01  -4.274318e-01  -4.446597e-01  -4.484029e-01  -4.656307e-01  -5.175647e-01  -6.118961e-01  -7.423481e-01  -8.930625e-01   0.000000e+00   2.431802e-01   4.744907e-01   6.781286e-01   8.332770e-01   9.181105e-01   9.181104e-01   8.332770e-01   6.781286e-01   4.744907e-01   2.431802e-01   0.000000e+00
   1.068882e+00   1.875500e+06   5.560000e+02   0.000000e+00  -1.511186e-01  -2.819286e-01  -3.765290e-01  -4.286172e-01  -4.458978e-01  -4.496523e-01  -4.669328e-01  -5.190210e-01  -6.136214e-01  -7.444314e-01  -8.955500e-01   0.000000e+00   2.433966e-01   4.749375e-01   6.788147e-01   8.341757e-01   9.191381e-01   9.191380e-01   8.341757e-01   6.788147e-01   4.749375e-01   2.433966e-01   0.000000e+00
   1.070511e+00   1.876400e+06   5.570000e+02   0.000000e+00  -1.515228e-01  -2.826908e-01  -3.775601e-01  -4.298026e-01  -4.471358e-01  -4.509017e-01  -4.682349e-01  -5.204774e-01  -6.153467e-01  -7.465147e-01  -8.980375e-01   0.000000e+00   2.436120e-01   4.753826e-01   6.794985e-01   8.350718e-01   9.201629e-01   9.201628e-01   8.350718e-01   6.794985e-01   4.753826e-01   2.436120e-01   0.000000e+00
   1.072138e+00   1.877400e+06   5.580000e+02   0.000000e+00  -1.519269e-01  -2.834528e-01  -3.785912e-01  -4.309880e-01  -4.483739e-01  -4.521512e-01  -4.695370e-01  -5.219339e-01  -6.170722e-01  -7.485981e-01  -9.005250e-01   0.000000e+00   2.438266e-01   4.758261e-01   6.801801e-01   8.359653e-01   9.211851e-01   9.211849e-01   8.359653e-01   6.801801e-01   4.758261e-01   2.438266e-01   0.000000e+00
   1.073763e+00   1.878400e+06   5.590000e+02   0.000000e+00  -1.523308e-01  -2.842147e-01  -3.796221e-01  -4.321733e-01  -4.496119e-01  -4.534006e-01  -4.708392e-01  -5.233904e-01  -6.187978e-01  -7.506817e-01  -9.030125e-01   0.000000e+00   2.440403e-01   4.762679e-01   6.808595e-01   8.368562e-01   9.222044e-01   9.222043e-01   8.368562e-01   6.808595e-01   4.762679e-01   2.440403e-01   0.000000e+00
   1.075386e+00   1.879400e+06   5.600000e+02   0.000000e+00  -1.527347e-01  -2.849764e-01  -3.806529e-01  -4.333586e-01  -4.508500e-01  -4.546501e-01  -4.721414e-01  -5.248471e-01  -6.205236e-01  -7.527653e-01  -9.055000e-01   0.000000e+00   2.442532e-01   4.767080e-01   6.815367e-01   8.377446e-01   9.232211e-01   9.232209e-01   8.377446e-01   6.815367e-01   4.767080e-01   2.442532e-01   0.000000e+00
   1.077007e+00   1.880400e+06   5.610000e+02   0.000000e+00  -1.531385e-01  -2.857380e-01  -3.816837e-01  -4.345439e-01  -4.520880e-01  -4.558995e-01  -4.734436e-01  -5.263039e-01  -6.222495e-01  -7.548490e-01  -9.079875e-01   0.000000e+00   2.444651e-01   4.771465e-01   6.822116e-01   8.386304e-01   9.242351e-01   9.242349e-01   8.386304e-01   6.822116e-01   4.771465e-01   2.444651e-01   0.000000e+00
   1.078627e+00   1.881300e+06   5.620000e+02   0.000000e+00  -1.535421e-01  -2.864995e-01  -3.827143e-01  -4.357291e-01  -4.533260e-01  -4.571490e-01  -4.747459e-01  -5.277607e-01  -6.239755e-01  -7.569329e-01  -9.104750e-01   0.000000e+00   2.446762e-01   4.775834e-01   6.828843e-01   8.395136e-01   9.252463e-01   9.252462e-01   8.395136e-01   6.828843e-01   4.775834e-01   2.446762e-01   0.000000e+00
   1.080245e+00   1.882300e+06   5.630000e+02   0.000000e+00  -1.539457e-01  -2.872608e-01  -3.837448e-01  -4.369143e-01  -4.545641e-01  -4.583985e-01  -4.760482e-01  -5.292177e-01  -6.257017e-01  -7.590168e-01  -9.129625e-01   0.000000e+00   2.448864e-01   4.780186e-01   6.835548e-01   8.403943e-01   9.262549e-01   9.262548e-01   8.403943e-01   6.835548e-01   4.780186e-01   2.448864e-01   0.000000e+00
   1.081861e+00   1.883300e+06   5.640000e+02   0.000000e+00  -1.543492e-01  -2.880220e-01  -3.847753e-01  -4.380994e-01  -4.558021e-01  -4.596480e-01  -4.773506e-01  -5.306747e-01  -6.274280e-01  -7.611008e-01  -9.154500e-01   0.000000e+00   2.450957e-01   4.784522e-01   6.842231e-01   8.412725e-01   9.272608e-01   9.272607e-01   8.412724e-01   6.842231e-01   4.784522e-01   2.450957e-01   0.000000e+00
   1.083475e+00   1.884300e+06   5.650000e+02   0.000000e+00  -1.547526e-01  -2.887831e-01  -3.858056e-01  -4.392846e-01  -4.570401e-01  -4.608974e-01  -4.786530e-01  -5.321319e-01  -6.291544e-01  -7.631849e-01  -9.179375e-01   0.000000e+00   2.453042e-01   4.788842e-01   6.848893e-01   8.421481e-01   9.282640e-01   9.282639e-01   8.421481e-01   6.848892e-01   4.788842e-01   2.453042e-01   0.000000e+00
   1.085088e+00   1.885300e+06   5.660000e+02   0.000000e+00  -1.551559e-01  -2.895440e-01  -3.868359e-01  -4.404696e-01  -4.582781e-01  -4.621469e-01  -4.799554e-01  -5.335891e-01  -6.308810e-01  -7.652691e-01  -9.204250e-01   0.000000e+00   2.455118e-01   4.793145e-01   6.855532e-01   8.430212e-01   9.292646e-01   9.292645e-01   8.430212e-01   6.855532e-01   4.793145e-01   2.455118e-01   0.000000e+00
   1.086699e+00   1.886300e+06   5.670000e+02   0.000000e+00  -1.555591e-01  -2.903048e-01  -3.878660e-01  -4.416547e-01  -4.595161e-01  -4.633964e-01  -4.812578e-01  -5.350465e-01  -6.326077e-01  -7.673534e-01  -9.229125e-01   0.000000e+00   2.457186e-01   4.797433e-01   6.862149e-01   8.438918e-01   9.302625e-01   9.302624e-01   8.438917e-01   6.862149e-01   4.797433e-01   2.457186e-01   0.000000e+00
   1.088308e+00   1.887200e+06   5.680000e+02   0.000000e+00  -1.559622e-01  -2.910655e-01  -3.888961e-01  -4.428397e-01  -4.607542e-01  -4.646459e-01  -4.825603e-01  -5.365039e-01  -6.343345e-01  -7.694378e-01  -9.254000e-01   0.000000e+00   2.459245e-01   4.801704e-01   6.868745e-01   8.447598e-01   9.312578e-01   9.312576e-01   8.447598e-01   6.868745e-01   4.801704e-01   2.459245e-01   0.000000e+00
   1.089916e+00   1.888200e+06   5.690000e+02   0.000000e+00  -1.563652e-01  -2.918261e-01  -3.899260e-01  -4.440246e-01  -4.619922e-01  -4.658954e-01  -4.838629e-01  -5.379615e-01  -6.360615e-01  -7.715223e-01  -9.278875e-01   0.000000e+00   2.461295e-01   4.805959e-01   6.875319e-01   8.456254e-01   9.322504e-01   9.322503e-01   8.456254e-01   6.875319e-01   4.805959e-01   2.461295e-01   0.000000e+00
   1.091522e+00   1.889200e+06   5.700000e+02   0.000000e+00  -1.567681e-01  -2.925865e-01  -3.909559e-01  -4.452096e-01  -4.632302e-01  -4.671449e-01  -4.851655e-01  -5.394191e-01  -6.377886e-01  -7.736069e-01  -9.303750e-01   0.000000e+00   2.463337e-01   4.810198e-01   6.881872e-01   8.464885e-01   9.332404e-01   9.332403e-01   8.464885e-01   6.881871e-01   4.810198e-01   2.463337e-01   0.000000e+00
   1.093126e+00   1.890200e+06   5.710000e+02   0.000000e+00  -1.571709e-01  -2.933467e-01  -3.919857e-01  -4.463945e-01  -4.644682e-01  -4.683944e-01  -4.864681e-01  -5.408769e-01  -6.395158e-01  -7.756917e-01  -9.328625e-01   0.000000e+00   2.465371e-01   4.814422e-01   6.888402e-01   8.473491e-01   9.342278e-01   9.342277e-01   8.473491e-01   6.888402e-01   4.814422e-01   2.465371e-01   0.000000e+00
   1.094728e+00   1.891200e+06   5.720000e+02   0.000000e+00  -1.575736e-01  -2.941068e-01  -3.930153e-01  -4.475793e-01  -4.657061e-01  -4.696439e-01  -4.877707e-01  -5.423347e-01  -6.412432e-01  -7.777764e-01  -9.353500e-01   0.000000e+00   2.467396e-01   4.818629e-01   6.894912e-01   8.482072e-01   9.352126e-01   9.352124e-01   8.482072e-01   6.894912e-01   4.818629e-01   2.467396e-01   0.000000e+00
   1.096329e+00   1.892200e+06   5.730000e+02   0.000000e+00  -1.579762e-01  -2.948668e-01  -3.940449e-01  -4.487641e-01  -4.669441e-01  -4.708934e-01  -4.890734e-01  -5.437926e-01  -6.429707e-01  -7.798613e-01  -9.378375e-01   0.000000e+00   2.469412e-01   4.822820e-01   6.901400e-01   8.490628e-01   9.361948e-01   9.361946e-01   8.490628e-01   6.901400e-01   4.822820e-01   2.469412e-01   0.000000e+00
   1.097928e+00   1.893200e+06   5.740000e+02   0.000000e+00  -1.583787e-01  -2.956267e-01  -3.950743e-01  -4.499489e-01  -4.681821e-01  -4.721429e-01  -4.903761e-01  -5.452507e-01  -6.446983e-01  -7.819463e-01  -9.403250e-01   0.000000e+00   2.471421e-01   4.826996e-01   6.907866e-01   8.499160e-01   9.371743e-01   9.371742e-01   8.499160e-01   6.907866e-01   4.826996e-01   2.471421e-01   0.000000e+00
   1.099526e+00   1.894200e+06   5.750000e+02   0.000000e+00  -1.587811e-01  -2.963864e-01  -3.961037e-01  -4.511336e-01  -4.694201e-01  -4.733925e-01  -4.916789e-01  -5.467088e-01  -6.464261e-01  -7.840314e-01  -9.428125e-01   0.000000e+00   2.473420e-01   4.831156e-01   6.914312e-01   8.507668e-01   9.381513e-01   9.381511e-01   8.507668e-01   6.914312e-01   4.831156e-01   2.473420e-01   0.000000e+00
   1.101122e+00   1.895100e+06   5.760000e+02   0.000000e+00  -1.591834e-01  -2.971460e-01  -3.971330e-01  -4.523183e-01  -4.706581e-01  -4.746420e-01  -4.929817e-01  -5.481670e-01  -6.481540e-01  -7.861166e-01  -9.453000e-01   0.000000e+00   2.475412e-01   4.835300e-01   6.920736e-01   8.516150e-01   9.391257e-01   9.391255e-01   8.516150e-01   6.920736e-01   4.835300e-01   2.475412e-01   0.000000e+00
   1.102716e+00   1.896100e+06   5.770000e+02   0.000000e+00  -1.595856e-01  -2.979055e-01  -3.981621e-01  -4.535030e-01  -4.718960e-01  -4.758915e-01  -4.942845e-01  -5.496254e-01  -6.498820e-01  -7.882019e-01  -9.477875e-01   0.000000e+00   2.477395e-01   4.839428e-01   6.927139e-01   8.524609e-01   9.400975e-01   9.400974e-01   8.524609e-01   6.927139e-01   4.839428e-01   2.477395e-01   0.000000e+00
   1.104309e+00   1.897100e+06   5.780000e+02   0.000000e+00  -1.599877e-01  -2.986648e-01  -3.991912e-01  -4.546876e-01  -4.731340e-01  -4.771411e-01  -4.955874e-01  -5.510838e-01  -6.516102e-01  -7.902873e-01  -9.502750e-01   0.000000e+00   2.479370e-01   4.843541e-01   6.933521e-01   8.533043e-01   9.410668e-01   9.410666e-01   8.533043e-01   6.933521e-01   4.843541e-01   2.479370e-01   0.000000e+00
   1.105899e+00   1.898100e+06   5.790000e+02   0.000000e+00  -1.603897e-01  -2.994240e-01  -4.002202e-01  -4.558722e-01  -4.743720e-01  -4.783906e-01  -4.968903e-01  -5.525423e-01  -6.533385e-01  -7.923728e-01  -9.527625e-01   0.000000e+00   2.481336e-01   4.847638e-01   6.939881e-01   8.541453e-01   9.420335e-01   9.420333e-01   8.541453e-01   6.939881e-01   4.847638e-01   2.481336e-01   0.000000e+00
   1.107489e+00   1.899100e+06   5.800000e+02   0.000000e+00  -1.607916e-01  -3.001830e-01  -4.012490e-01  -4.570568e-01  -4.756099e-01  -4.796401e-01  -4.981932e-01  -5.540010e-01  -6.550670e-01  -7.944584e-01  -9.552500e-01   0.000000e+00   2.483294e-01   4.851720e-01   6.946221e-01   8.549838e-01   9.429976e-01   9.429975e-01   8.549838e-01   6.946221e-01   4.851720e-01   2.483294e-01   0.000000e+00
   1.109077e+00   1.900100e+06   5.810000e+02   0.000000e+00  -1.611934e-01  -3.009420e-01  -4.022778e-01  -4.582413e-01  -4.768479e-01  -4.808897e-01  -4.994962e-01  -5.554597e-01  -6.567956e-01  -7.965441e-01  -9.577375e-01   0.000000e+00   2.485244e-01   4.855786e-01   6.952540e-01   8.558200e-01   9.439592e-01   9.439591e-01   8.558200e-01   6.952540e-01   4.855786e-01   2.485244e-01   0.000000e+00
   1.110663e+00   1.901100e+06   5.820000e+02   0.000000e+00  -1.615952e-01  -3.017007e-01  -4.033065e-01  -4.594258e-01  -4.780858e-01  -4.821393e-01  -5.007992e-01  -5.569185e-01  -6.585243e-01  -7.986298e-01  -9.602250e-01   0.000000e+00   2.487186e-01   4.859837e-01   6.958838e-01   8.566537e-01   9.449183e-01   9.449182e-01   8.566537e-01   6.958838e-01   4.859836e-01   2.487186e-01   0.000000e+00
   1.112247e+00   1.902100e+06   5.830000e+02   0.000000e+00  -1.619968e-01  -3.024594e-01  -4.043351e-01  -4.606102e-01  -4.793237e-01  -4.833888e-01  -5.021023e-01  -5.583775e-01  -6.602531e-01  -8.007157e-01  -9.627125e-01   0.000000e+00   2.489119e-01   4.863872e-01   6.965115e-01   8.574851e-01   9.458749e-01   9.458747e-01   8.574851e-01   6.965115e-01   4.863872e-01   2.489119e-01   0.000000e+00
   1.113830e+00   1.903100e+06   5.840000e+02   0.000000e+00  -1.623983e-01  -3.032179e-01  -4.053635e-01  -4.617946e-01  -4.805617e-01  -4.846384e-01  -5.034054e-01  -5.598365e-01  -6.619821e-01  -8.028017e-01  -9.652000e-01   0.000000e+00   2.491044e-01   4.867891e-01   6.971371e-01   8.583140e-01   9.468289e-01   9.468287e-01   8.583140e-01   6.971371e-01   4.867891e-01   2.491044e-01   0.000000e+00
   1.115411e+00   1.904100e+06   5.850000e+02   0.000000e+00  -1.627997e-01  -3.039763e-01  -4.063919e-01  -4.629790e-01  -4.817996e-01  -4.858880e-01  -5.047085e-01  -5.612956e-01  -6.637112e-01  -8.048878e-01  -9.676875e-01   0.000000e+00   2.492962e-01   4.871896e-01   6.977607e-01   8.591406e-01   9.477804e-01   9.477802e-01   8.591406e-01   6.977607e-01   4.871896e-01   2.492962e-01   0.000000e+00
   1.116991e+00   1.905100e+06   5.860000e+02   0.000000e+00  -1.632011e-01  -3.047345e-01  -4.074202e-01  -4.641633e-01  -4.830375e-01  -4.871375e-01  -5.060117e-01  -5.627548e-01  -6.654405e-01  -8.069740e-01  -9.701750e-01   0.000000e+00   2.494871e-01   4.875885e-01   6.983822e-01   8.599648e-01   9.487294e-01   9.487292e-01   8.599648e-01   6.983822e-01   4.875885e-01   2.494871e-01   0.000000e+00
   1.118569e+00   1.906100e+06   5.870000e+02   0.000000e+00  -1.636023e-01  -3.054926e-01  -4.084483e-01  -4.653476e-01  -4.842755e-01  -4.883871e-01  -5.073149e-01  -5.642142e-01  -6.671699e-01  -8.090602e-01  -9.726625e-01   0.000000e+00   2.496771e-01   4.879859e-01   6.990016e-01   8.607866e-01   9.496759e-01   9.496758e-01   8.607866e-01   6.990016e-01   4.879859e-01   2.496771e-01   0.000000e+00
   1.120146e+00   1.907100e+06   5.880000e+02   0.000000e+00  -1.640034e-01  -3.062506e-01  -4.094764e-01  -4.665319e-01  -4.855134e-01  -4.896367e-01  -5.086181e-01  -5.656736e-01  -6.688995e-01  -8.111466e-01  -9.751500e-01   0.000000e+00   2.498664e-01   4.883818e-01   6.996190e-01   8.616061e-01   9.506199e-01   9.506198e-01   8.616060e-01   6.996190e-01   4.883817e-01   2.498664e-01   0.000000e+00
   1.121721e+00   1.908100e+06   5.890000e+02   0.000000e+00  -1.644044e-01  -3.070084e-01  -4.105044e-01  -4.677161e-01  -4.867513e-01  -4.908863e-01  -5.099214e-01  -5.671331e-01  -6.706291e-01  -8.132331e-01  -9.776375e-01   0.000000e+00   2.500549e-01   4.887761e-01   7.002344e-01   8.624231e-01   9.515615e-01   9.515613e-01   8.624231e-01   7.002344e-01   4.887761e-01   2.500549e-01   0.000000e+00
   1.123294e+00   1.909100e+06   5.900000e+02   0.000000e+00  -1.648054e-01  -3.077661e-01  -4.115322e-01  -4.689003e-01  -4.879892e-01  -4.921359e-01  -5.112248e-01  -5.685928e-01  -6.723589e-01  -8.153197e-01  -9.801250e-01   0.000000e+00   2.502426e-01   4.891689e-01   7.008477e-01   8.632379e-01   9.525005e-01   9.525004e-01   8.632379e-01   7.008477e-01   4.891689e-01   2.502426e-01   0.000000e+00
   1.124866e+00   1.910100e+06   5.910000e+02   0.000000e+00  -1.652062e-01  -3.085236e-01  -4.125600e-01  -4.700844e-01  -4.892271e-01  -4.933855e-01  -5.125281e-01  -5.700525e-01  -6.740889e-01  -8.174063e-01  -9.826125e-01   0.000000e+00   2.504294e-01   4.895603e-01   7.014589e-01   8.640503e-01   9.534371e-01   9.534370e-01   8.640503e-01   7.014589e-01   4.895602e-01   2.504294e-01   0.000000e+00
   1.126437e+00   1.911100e+06   5.920000e+02   0.000000e+00  -1.656069e-01  -3.092810e-01  -4.135877e-01  -4.712685e-01  -4.904650e-01  -4.946351e-01  -5.138315e-01  -5.715123e-01  -6.758190e-01  -8.194931e-01  -9.851000e-01   0.000000e+00   2.506155e-01   4.899501e-01   7.020682e-01   8.648604e-01   9.543713e-01   9.543711e-01   8.648603e-01   7.020682e-01   4.899501e-01   2.506155e-01   0.000000e+00
   1.128006e+00   1.912100e+06   5.930000e+02   0.000000e+00  -1.660075e-01  -3.100383e-01  -4.146153e-01  -4.724526e-01  -4.917029e-01  -4.958847e-01  -5.151349e-01  -5.729723e-01  -6.775492e-01  -8.215800e-01  -9.875875e-01   0.000000e+00   2.508007e-01   4.903384e-01   7.026754e-01   8.656681e-01   9.553029e-01   9.553028e-01   8.656681e-01   7.026754e-01   4.903384e-01   2.508007e-01   0.000000e+00
   1.129573e+00   1.913100e+06   5.940000e+02   0.000000e+00  -1.664081e-01  -3.107954e-01  -4.156427e-01  -4.736366e-01  -4.929408e-01  -4.971343e-01  -5.164384e-01  -5.744323e-01  -6.792796e-01  -8.236669e-01  -9.900750e-01   0.000000e+00   2.509852e-01   4.907252e-01   7.032806e-01   8.664735e-01   9.562322e-01   9.562320e-01   8.664735e-01   7.032805e-01   4.907252e-01   2.509852e-01   0.000000e+00
   1.131139e+00   1.914100e+06   5.950000e+02   0.000000e+00  -1.668085e-01  -3.115524e-01  -4.166701e-01  -4.748206e-01  -4.941787e-01  -4.983839e-01  -5.177419e-01  -5.758924e-01  -6.810101e-01  -8.257540e-01  -9.925625e-01   0.000000e+00   2.511689e-01   4.911105e-01   7.038837e-01   8.672766e-01   9.571590e-01   9.571588e-01   8.672766e-01   7.038837e-01   4.911105e-01   2.511689e-01   0.000000e+00
   1.132703e+00   1.915100e+06   5.960000e+02   0.000000e+00  -1.672088e-01  -3.123093e-01  -4.176973e-01  -4.760045e-01  -4.954165e-01  -4.996335e-01  -5.190455e-01  -5.773527e-01  -6.827407e-01  -8.278412e-01  -9.950500e-01   0.000000e+00   2.513518e-01   4.914944e-01   7.044849e-01   8.680773e-01   9.580833e-01   9.580831e-01   8.680773e-01   7.044849e-01   4.914944e-01   2.513518e-01   0.000000e+00
   1.134266e+00   1.916100e+06   5.970000e+02   0.000000e+00  -1.676090e-01  -3.130660e-01  -4.187245e-01  -4.771884e-01  -4.966544e-01  -5.008831e-01  -5.203491e-01  -5.788130e-01  -6.844715e-01  -8.299285e-01  -9.975375e-01   0.000000e+00   2.515339e-01   4.918767e-01   7.050840e-01   8.688758e-01   9.590052e-01   9.590051e-01   8.688758e-01   7.050840e-01   4.918767e-01   2.515339e-01   0.000000e+00
   1.135827e+00   1.917200e+06   5.980000e+02   0.000000e+00  -1.680092e-01  -3.138226e-01  -4.197516e-01  -4.783723e-01  -4.978923e-01  -5.021328e-01  -5.216527e-01  -5.802734e-01  -6.862024e-01  -8.320158e-01  -1.000025e+00   0.000000e+00   2.517152e-01   4.922576e-01   7.056812e-01   8.696720e-01   9.599247e-01   9.599246e-01   8.696720e-01   7.056812e-01   4.922576e-01   2.517152e-01   0.000000e+00
   1.137387e+00   1.918200e+06   5.990000e+02   0.000000e+00  -1.684092e-01  -3.145791e-01  -4.207785e-01  -4.795562e-01  -4.991301e-01  -5.033824e-01  -5.229564e-01  -5.817340e-01  -6.879334e-01  -8.341033e-01  -1.002512e+00   0.000000e+00   2.518957e-01   4.926370e-01   7.062764e-01   8.704658e-01   9.608418e-01   9.608417e-01   8.704658e-01   7.062764e-01   4.926370e-01   2.518957e-01   0.000000e+00
   1.138946e+00   1.919200e+06   6.000000e+02   0.000000e+00  -1.688091e-01  -3.153354e-01  -4.218054e-01  -4.807400e-01  -5.003680e-01  -5.046320e-01  -5.242601e-01  -5.831946e-01  -6.896646e-01  -8.361909e-01  -1.005000e+00   0.000000e+00   2.520754e-01   4.930149e-01   7.068695e-01   8.712574e-01   9.617565e-01   9.617563e-01   8.712574e-01   7.068695e-01   4.930149e-01   2.520754e-01   0.000000e+00
   1.140503e+00   1.920200e+06   6.010000e+02   0.000000e+00  -1.692090e-01  -3.160916e-01  -4.228321e-01  -4.819237e-01  -5.016059e-01  -5.058817e-01  -5.255638e-01  -5.846554e-01  -6.913960e-01  -8.382785e-01  -1.007488e+00   0.000000e+00   2.522544e-01   4.933913e-01   7.074607e-01   8.720467e-01   9.626688e-01   9.626686e-01   8.720467e-01   7.074607e-01   4.933913e-01   2.522544e-01   0.000000e+00
   1.142058e+00   1.921200e+06   6.020000e+02   0.000000e+00  -1.696087e-01  -3.168476e-01  -4.238588e-01  -4.831074e-01  -5.028437e-01  -5.071313e-01  -5.268676e-01  -5.861162e-01  -6.931274e-01  -8.403663e-01  -1.009975e+00   0.000000e+00   2.524325e-01   4.937663e-01   7.080500e-01   8.728338e-01   9.635787e-01   9.635785e-01   8.728338e-01   7.080499e-01   4.937663e-01   2.524325e-01   0.000000e+00
   1.143612e+00   1.922200e+06   6.030000e+02   0.000000e+00  -1.700083e-01  -3.176035e-01  -4.248854e-01  -4.842911e-01  -5.040816e-01  -5.083810e-01  -5.281714e-01  -5.875772e-01  -6.948590e-01  -8.424542e-01  -1.012463e+00   0.000000e+00   2.526099e-01   4.941398e-01   7.086372e-01   8.736185e-01   9.644862e-01   9.644860e-01   8.736185e-01   7.086372e-01   4.941398e-01   2.526099e-01   0.000000e+00
   1.145164e+00   1.923200e+06   6.040000e+02   0.000000e+00  -1.704079e-01  -3.183592e-01  -4.259118e-01  -4.854748e-01  -5.053194e-01  -5.096307e-01  -5.294753e-01  -5.890382e-01  -6.965908e-01  -8.445422e-01  -1.014950e+00   0.000000e+00   2.527865e-01   4.945119e-01   7.092225e-01   8.744010e-01   9.653913e-01   9.653912e-01   8.744010e-01   7.092225e-01   4.945119e-01   2.527865e-01   0.000000e+00
   1.146715e+00   1.924200e+06   6.050000e+02   0.000000e+00  -1.708073e-01  -3.191149e-01  -4.269382e-01  -4.866584e-01  -5.065572e-01  -5.108803e-01  -5.307792e-01  -5.904994e-01  -6.983226e-01  -8.466302e-01  -1.017437e+00   0.000000e+00   2.529624e-01   4.948825e-01   7.098058e-01   8.751813e-01   9.662941e-01   9.662939e-01   8.751813e-01   7.098058e-01   4.948825e-01   2.529624e-01   0.000000e+00
   1.148265e+00   1.925300e+06   6.060000e+02   0.000000e+00  -1.712066e-01  -3.198703e-01  -4.279644e-01  -4.878419e-01  -5.077951e-01  -5.121300e-01  -5.320831e-01  -5.919606e-01  -7.000547e-01  -8.487184e-01  -1.019925e+00   0.000000e+00   2.531375e-01   4.952516e-01   7.103871e-01   8.759593e-01   9.671945e-01   9.671943e-01   8.759592e-01   7.103871e-01   4.952516e-01   2.531375e-01   0.000000e+00
   1.149813e+00   1.926300e+06   6.070000e+02   0.000000e+00  -1.716058e-01  -3.206257e-01  -4.289905e-01  -4.890254e-01  -5.090329e-01  -5.133797e-01  -5.333871e-01  -5.934220e-01  -7.017868e-01  -8.508067e-01  -1.022412e+00   0.000000e+00   2.533118e-01   4.956193e-01   7.109666e-01   8.767350e-01   9.680925e-01   9.680923e-01   8.767350e-01   7.109665e-01   4.956193e-01   2.533118e-01   0.000000e+00
   1.151360e+00   1.927300e+06   6.080000e+02   0.000000e+00  -1.720050e-01  -3.213809e-01  -4.300166e-01  -4.902089e-01  -5.102707e-01  -5.146293e-01  -5.346911e-01  -5.948834e-01  -7.035191e-01  -8.528950e-01  -1.024900e+00   0.000000e+00   2.534853e-01   4.959856e-01   7.115440e-01   8.775085e-01   9.689881e-01   9.689880e-01   8.775085e-01   7.115440e-01   4.959856e-01   2.534853e-01   0.000000e+00
   1.152905e+00   1.928300e+06   6.090000e+02   0.000000e+00  -1.724040e-01  -3.221359e-01  -4.310425e-01  -4.913924e-01  -5.115085e-01  -5.158790e-01  -5.359951e-01  -5.963450e-01  -7.052516e-01  -8.549835e-01  -1.027387e+00   0.000000e+00   2.536581e-01   4.963504e-01   7.121195e-01   8.782798e-01   9.698815e-01   9.698813e-01   8.782798e-01   7.121195e-01   4.963504e-01   2.536581e-01   0.000000e+00
   1.154449e+00   1.929300e+06   6.100000e+02   0.000000e+00  -1.728029e-01  -3.228909e-01  -4.320684e-01  -4.925758e-01  -5.127464e-01  -5.171287e-01  -5.372992e-01  -5.978066e-01  -7.069841e-01  -8.570721e-01  -1.029875e+00   0.000000e+00   2.538301e-01   4.967138e-01   7.126931e-01   8.790488e-01   9.707724e-01   9.707723e-01   8.790488e-01   7.126931e-01   4.967138e-01   2.538301e-01   0.000000e+00
   1.155991e+00   1.930400e+06   6.110000e+02   0.000000e+00  -1.732017e-01  -3.236457e-01  -4.330941e-01  -4.937592e-01  -5.139842e-01  -5.183784e-01  -5.386034e-01  -5.992684e-01  -7.087169e-01  -8.591608e-01  -1.032363e+00   0.000000e+00   2.540013e-01   4.970757e-01   7.132648e-01   8.798157e-01   9.716611e-01   9.716609e-01   8.798156e-01   7.132647e-01   4.970757e-01   2.540013e-01   0.000000e+00
   1.157533e+00   1.931400e+06   6.120000e+02   0.000000e+00  -1.736005e-01  -3.244003e-01  -4.341197e-01  -4.949425e-01  -5.152220e-01  -5.196281e-01  -5.399075e-01  -6.007303e-01  -7.104497e-01  -8.612496e-01  -1.034850e+00   0.000000e+00   2.541718e-01   4.974362e-01   7.138345e-01   8.805803e-01   9.725474e-01   9.725472e-01   8.805802e-01   7.138345e-01   4.974362e-01   2.541718e-01   0.000000e+00
   1.159072e+00   1.932400e+06   6.130000e+02   0.000000e+00  -1.739991e-01  -3.251548e-01  -4.351453e-01  -4.961258e-01  -5.164598e-01  -5.208778e-01  -5.412117e-01  -6.021923e-01  -7.121827e-01  -8.633384e-01  -1.037338e+00   0.000000e+00   2.543415e-01   4.977953e-01   7.144023e-01   8.813427e-01   9.734314e-01   9.734312e-01   8.813426e-01   7.144023e-01   4.977953e-01   2.543415e-01   0.000000e+00
   1.160610e+00   1.933400e+06   6.140000e+02   0.000000e+00  -1.743976e-01  -3.259092e-01  -4.361707e-01  -4.973090e-01  -5.176976e-01  -5.221275e-01  -5.425160e-01  -6.036543e-01  -7.139158e-01  -8.654274e-01  -1.039825e+00   0.000000e+00   2.545105e-01   4.981530e-01   7.149682e-01   8.821029e-01   9.743131e-01   9.743129e-01   8.821028e-01   7.149681e-01   4.981530e-01   2.545105e-01   0.000000e+00
   1.162147e+00   1.934400e+06   6.150000e+02   0.000000e+00  -1.747960e-01  -3.266634e-01  -4.371960e-01  -4.984923e-01  -5.189353e-01  -5.233772e-01  -5.438203e-01  -6.051165e-01  -7.156491e-01  -8.675165e-01  -1.042312e+00   0.000000e+00   2.546787e-01   4.985092e-01   7.155321e-01   8.828609e-01   9.751924e-01   9.751923e-01   8.828608e-01   7.155321e-01   4.985092e-01   2.546787e-01   0.000000e+00
   1.163683e+00   1.935500e+06   6.160000e+02   0.000000e+00  -1.751943e-01  -3.274175e-01  -4.382212e-01  -4.996754e-01  -5.201731e-01  -5.246269e-01  -5.451246e-01  -6.065788e-01  -7.173825e-01  -8.696057e-01  -1.044800e+00   0.000000e+00   2.548462e-01   4.988641e-01   7.160942e-01   8.836167e-01   9.760695e-01   9.760693e-01   8.836166e-01   7.160942e-01   4.988641e-01   2.548462e-01   0.000000e+00
   1.165217e+00   1.936500e+06   6.170000e+02   0.000000e+00  -1.755925e-01  -3.281714e-01  -4.392463e-01  -5.008586e-01  -5.214109e-01  -5.258766e-01  -5.464290e-01  -6.080412e-01  -7.191161e-01  -8.716950e-01  -1.047287e+00   0.000000e+00   2.550129e-01   4.992175e-01   7.166543e-01   8.843703e-01   9.769443e-01   9.769441e-01   8.843703e-01   7.166543e-01   4.992175e-01   2.550129e-01   0.000000e+00
   1.166750e+00   1.937500e+06   6.180000e+02   0.000000e+00  -1.759907e-01  -3.289252e-01  -4.402714e-01  -5.020417e-01  -5.226487e-01  -5.271264e-01  -5.477334e-01  -6.095037e-01  -7.208498e-01  -8.737843e-01  -1.049775e+00   0.000000e+00   2.551789e-01   4.995695e-01   7.172126e-01   8.851217e-01   9.778167e-01   9.778166e-01   8.851217e-01   7.172126e-01   4.995695e-01   2.551789e-01   0.000000e+00
   1.168281e+00   1.938500e+06   6.190000e+02   0.000000e+00  -1.763887e-01  -3.296789e-01  -4.412963e-01  -5.032247e-01  -5.238865e-01  -5.283761e-01  -5.490378e-01  -6.109663e-01  -7.225836e-01  -8.758738e-01  -1.052263e+00   0.000000e+00   2.553441e-01   4.999201e-01   7.177689e-01   8.858710e-01   9.786869e-01   9.786867e-01   8.858709e-01   7.177689e-01   4.999201e-01   2.553441e-01   0.000000e+00
   1.169811e+00   1.939600e+06   6.200000e+02   0.000000e+00  -1.767866e-01  -3.304324e-01  -4.423211e-01  -5.044077e-01  -5.251242e-01  -5.296258e-01  -5.503423e-01  -6.124290e-01  -7.243176e-01  -8.779634e-01  -1.054750e+00   0.000000e+00   2.555086e-01   5.002693e-01   7.183234e-01   8.866180e-01   9.795548e-01   9.795546e-01   8.866180e-01   7.183234e-01   5.002693e-01   2.555085e-01   0.000000e+00
   1.171339e+00   1.940600e+06   6.210000e+02   0.000000e+00  -1.771844e-01  -3.311858e-01  -4.433458e-01  -5.055907e-01  -5.263620e-01  -5.308756e-01  -5.516468e-01  -6.138918e-01  -7.260517e-01  -8.800531e-01  -1.057238e+00   0.000000e+00   2.556723e-01   5.006171e-01   7.188760e-01   8.873630e-01   9.804204e-01   9.804203e-01   8.873630e-01   7.188760e-01   5.006171e-01   2.556723e-01   0.000000e+00
   1.172867e+00   1.941600e+06   6.220000e+02   0.000000e+00  -1.775821e-01  -3.319390e-01  -4.443704e-01  -5.067737e-01  -5.275997e-01  -5.321253e-01  -5.529514e-01  -6.153547e-01  -7.277860e-01  -8.821429e-01  -1.059725e+00   0.000000e+00   2.558353e-01   5.009635e-01   7.194267e-01   8.881057e-01   9.812838e-01   9.812836e-01   8.881057e-01   7.194267e-01   5.009635e-01   2.558353e-01   0.000000e+00
   1.174393e+00   1.942700e+06   6.230000e+02   0.000000e+00  -1.779797e-01  -3.326921e-01  -4.453948e-01  -5.079566e-01  -5.288375e-01  -5.333751e-01  -5.542560e-01  -6.168177e-01  -7.295204e-01  -8.842328e-01  -1.062213e+00   0.000000e+00   2.559975e-01   5.013085e-01   7.199755e-01   8.888463e-01   9.821449e-01   9.821447e-01   8.888463e-01   7.199755e-01   5.013085e-01   2.559975e-01   0.000000e+00
   1.175917e+00   1.943700e+06   6.240000e+02   0.000000e+00  -1.783772e-01  -3.334451e-01  -4.464192e-01  -5.091394e-01  -5.300752e-01  -5.346248e-01  -5.555606e-01  -6.182808e-01  -7.312549e-01  -8.863228e-01  -1.064700e+00   0.000000e+00   2.561590e-01   5.016522e-01   7.205225e-01   8.895848e-01   9.830037e-01   9.830036e-01   8.895848e-01   7.205225e-01   5.016522e-01   2.561590e-01   0.000000e+00
   1.177440e+00   1.944700e+06   6.250000e+02   0.000000e+00  -1.787746e-01  -3.341979e-01  -4.474435e-01  -5.103222e-01  -5.313130e-01  -5.358746e-01  -5.568653e-01  -6.197440e-01  -7.329896e-01  -8.884129e-01  -1.067187e+00   0.000000e+00   2.563198e-01   5.019944e-01   7.210676e-01   8.903211e-01   9.838603e-01   9.838601e-01   8.903211e-01   7.210676e-01   5.019944e-01   2.563198e-01   0.000000e+00
   1.178962e+00   1.945800e+06   6.260000e+02   0.000000e+00  -1.791719e-01  -3.349506e-01  -4.484677e-01  -5.115050e-01  -5.325507e-01  -5.371244e-01  -5.581700e-01  -6.212073e-01  -7.347245e-01  -8.905031e-01  -1.069675e+00   0.000000e+00   2.564798e-01   5.023353e-01   7.216108e-01   8.910553e-01   9.847147e-01   9.847145e-01   8.910553e-01   7.216108e-01   5.023353e-01   2.564798e-01   0.000000e+00
   1.180483e+00   1.946800e+06   6.270000e+02   0.000000e+00  -1.795691e-01  -3.357031e-01  -4.494918e-01  -5.126878e-01  -5.337884e-01  -5.383741e-01  -5.594748e-01  -6.226708e-01  -7.364594e-01  -8.925934e-01  -1.072162e+00   0.000000e+00   2.566391e-01   5.026748e-01   7.221522e-01   8.917873e-01   9.855668e-01   9.855666e-01   8.917873e-01   7.221522e-01   5.026748e-01   2.566391e-01   0.000000e+00
   1.182002e+00   1.947800e+06   6.280000e+02   0.000000e+00  -1.799662e-01  -3.364555e-01  -4.505157e-01  -5.138705e-01  -5.350262e-01  -5.396239e-01  -5.607796e-01  -6.241343e-01  -7.381945e-01  -8.946838e-01  -1.074650e+00   0.000000e+00   2.567977e-01   5.030129e-01   7.226917e-01   8.925172e-01   9.864166e-01   9.864165e-01   8.925172e-01   7.226917e-01   5.030129e-01   2.567977e-01   0.000000e+00
   1.183520e+00   1.948900e+06   6.290000e+02   0.000000e+00  -1.803632e-01  -3.372077e-01  -4.515396e-01  -5.150531e-01  -5.362639e-01  -5.408737e-01  -5.620844e-01  -6.255979e-01  -7.399298e-01  -8.967743e-01  -1.077138e+00   0.000000e+00   2.569556e-01   5.033496e-01   7.232294e-01   8.932450e-01   9.872643e-01   9.872641e-01   8.932450e-01   7.232294e-01   5.033496e-01   2.569556e-01   0.000000e+00
   1.185037e+00   1.949900e+06   6.300000e+02   0.000000e+00  -1.807601e-01  -3.379598e-01  -4.525634e-01  -5.162357e-01  -5.375016e-01  -5.421235e-01  -5.633893e-01  -6.270617e-01  -7.416652e-01  -8.988649e-01  -1.079625e+00   0.000000e+00   2.571127e-01   5.036850e-01   7.237652e-01   8.939707e-01   9.881097e-01   9.881095e-01   8.939707e-01   7.237652e-01   5.036850e-01   2.571127e-01   0.000000e+00
   1.186552e+00   1.951000e+06   6.310000e+02   0.000000e+00  -1.811569e-01  -3.387118e-01  -4.535870e-01  -5.174183e-01  -5.387393e-01  -5.433732e-01  -5.646942e-01  -6.285255e-01  -7.434007e-01  -9.009556e-01  -1.082113e+00   0.000000e+00   2.572691e-01   5.040190e-01   7.242992e-01   8.946943e-01   9.889529e-01   9.889527e-01   8.946943e-01   7.242992e-01   5.040190e-01   2.572691e-01   0.000000e+00
   1.188066e+00   1.952000e+06   6.320000e+02   0.000000e+00  -1.815536e-01  -3.394636e-01  -4.546106e-01  -5.186009e-01  -5.399770e-01  -5.446230e-01  -5.659992e-01  -6.299895e-01  -7.451364e-01  -9.030464e-01  -1.084600e+00   0.000000e+00   2.574247e-01   5.043516e-01   7.248313e-01   8.954157e-01   9.897939e-01   9.897937e-01   8.954157e-01   7.248313e-01   5.043516e-01   2.574247e-01   0.000000e+00
   1.189579e+00   1.953000e+06   6.330000e+02   0.000000e+00  -1.819501e-01  -3.402153e-01  -4.556340e-01  -5.197834e-01  -5.412147e-01  -5.458728e-01  -5.673042e-01  -6.314535e-01  -7.468722e-01  -9.051374e-01  -1.087087e+00   0.000000e+00   2.575797e-01   5.046829e-01   7.253617e-01   8.961351e-01   9.906326e-01   9.906325e-01   8.961351e-01   7.253616e-01   5.046829e-01   2.575797e-01   0.000000e+00
   1.191090e+00   1.954100e+06   6.340000e+02   0.000000e+00  -1.823466e-01  -3.409668e-01  -4.566573e-01  -5.209658e-01  -5.424524e-01  -5.471226e-01  -5.686092e-01  -6.329177e-01  -7.486082e-01  -9.072284e-01  -1.089575e+00   0.000000e+00   2.577339e-01   5.050128e-01   7.258901e-01   8.968523e-01   9.914692e-01   9.914691e-01   8.968523e-01   7.258901e-01   5.050128e-01   2.577339e-01   0.000000e+00
   1.192601e+00   1.955100e+06   6.350000e+02   0.000000e+00  -1.827430e-01  -3.417182e-01  -4.576806e-01  -5.221482e-01  -5.436901e-01  -5.483725e-01  -5.699143e-01  -6.343820e-01  -7.503443e-01  -9.093195e-01  -1.092062e+00   0.000000e+00   2.578874e-01   5.053414e-01   7.264168e-01   8.975675e-01   9.923036e-01   9.923034e-01   8.975675e-01   7.264168e-01   5.053414e-01   2.578874e-01   0.000000e+00
   1.194110e+00   1.956200e+06   6.360000e+02   0.000000e+00  -1.831393e-01  -3.424695e-01  -4.587037e-01  -5.233306e-01  -5.449278e-01  -5.496223e-01  -5.712194e-01  -6.358463e-01  -7.520805e-01  -9.114107e-01  -1.094550e+00   0.000000e+00   2.580402e-01   5.056686e-01   7.269417e-01   8.982806e-01   9.931358e-01   9.931356e-01   8.982805e-01   7.269416e-01   5.056686e-01   2.580402e-01   0.000000e+00
   1.195617e+00   1.957200e+06   6.370000e+02   0.000000e+00  -1.835354e-01  -3.432206e-01  -4.597267e-01  -5.245130e-01  -5.461655e-01  -5.508721e-01  -5.725246e-01  -6.373108e-01  -7.538169e-01  -9.135021e-01  -1.097038e+00   0.000000e+00   2.581923e-01   5.059945e-01   7.274647e-01   8.989916e-01   9.939658e-01   9.939656e-01   8.989915e-01   7.274647e-01   5.059945e-01   2.581923e-01   0.000000e+00
   1.197124e+00   1.958300e+06   6.380000e+02   0.000000e+00  -1.839315e-01  -3.439715e-01  -4.607496e-01  -5.256953e-01  -5.474032e-01  -5.521219e-01  -5.738298e-01  -6.387754e-01  -7.555535e-01  -9.155935e-01  -1.099525e+00   0.000000e+00   2.583437e-01   5.063191e-01   7.279859e-01   8.997005e-01   9.947937e-01   9.947935e-01   8.997005e-01   7.279859e-01   5.063191e-01   2.583437e-01   0.000000e+00
   1.198629e+00   1.959300e+06   6.390000e+02   0.000000e+00  -1.843275e-01  -3.447224e-01  -4.617724e-01  -5.268775e-01  -5.486408e-01  -5.533717e-01  -5.751350e-01  -6.402401e-01  -7.572901e-01  -9.176850e-01  -1.102013e+00   0.000000e+00   2.584943e-01   5.066423e-01   7.285053e-01   9.004073e-01   9.956193e-01   9.956191e-01   9.004073e-01   7.285053e-01   5.066422e-01   2.584943e-01   0.000000e+00
   1.200133e+00   1.960400e+06   6.400000e+02   0.000000e+00  -1.847233e-01  -3.454730e-01  -4.627951e-01  -5.280597e-01  -5.498785e-01  -5.546216e-01  -5.764403e-01  -6.417049e-01  -7.590270e-01  -9.197767e-01  -1.104500e+00   0.000000e+00   2.586442e-01   5.069641e-01   7.290229e-01   9.011121e-01   9.964428e-01   9.964426e-01   9.011121e-01   7.290229e-01   5.069641e-01   2.586442e-01   0.000000e+00
   1.201635e+00   1.961400e+06   6.410000e+02   0.000000e+00  -1.851191e-01  -3.462236e-01  -4.638177e-01  -5.292419e-01  -5.511162e-01  -5.558714e-01  -5.777456e-01  -6.431698e-01  -7.607639e-01  -9.218684e-01  -1.106988e+00   0.000000e+00   2.587935e-01   5.072846e-01   7.295388e-01   9.018148e-01   9.972641e-01   9.972639e-01   9.018148e-01   7.295387e-01   5.072846e-01   2.587935e-01   0.000000e+00
   1.203137e+00   1.962500e+06   6.420000e+02   0.000000e+00  -1.855148e-01  -3.469740e-01  -4.648402e-01  -5.304241e-01  -5.523538e-01  -5.571213e-01  -5.790510e-01  -6.446348e-01  -7.625010e-01  -9.239603e-01  -1.109475e+00   0.000000e+00   2.589420e-01   5.076038e-01   7.300528e-01   9.025155e-01   9.980833e-01   9.980831e-01   9.025154e-01   7.300528e-01   5.076038e-01   2.589420e-01   0.000000e+00
   1.204637e+00   1.963500e+06   6.430000e+02   0.000000e+00  -1.859103e-01  -3.477242e-01  -4.658626e-01  -5.316062e-01  -5.535915e-01  -5.583711e-01  -5.803564e-01  -6.460999e-01  -7.642383e-01  -9.260522e-01  -1.111962e+00   0.000000e+00   2.590898e-01   5.079217e-01   7.305650e-01   9.032141e-01   9.989003e-01   9.989001e-01   9.032140e-01   7.305650e-01   5.079217e-01   2.590898e-01   0.000000e+00
   1.206136e+00   1.964600e+06   6.440000e+02   0.000000e+00  -1.863057e-01  -3.484743e-01  -4.668849e-01  -5.327882e-01  -5.548291e-01  -5.596210e-01  -5.816618e-01  -6.475652e-01  -7.659757e-01  -9.281443e-01  -1.114450e+00   0.000000e+00   2.592369e-01   5.082382e-01   7.310755e-01   9.039106e-01   9.997152e-01   9.997150e-01   9.039106e-01   7.310754e-01   5.082382e-01   2.592369e-01   0.000000e+00
   1.207633e+00   1.965600e+06   6.450000e+02   0.000000e+00  -1.867011e-01  -3.492243e-01  -4.679070e-01  -5.339702e-01  -5.560668e-01  -5.608708e-01  -5.829673e-01  -6.490305e-01  -7.677132e-01  -9.302364e-01  -1.116937e+00   0.000000e+00   2.593833e-01   5.085534e-01   7.315841e-01   9.046051e-01   1.000528e+00   1.000528e+00   9.046051e-01   7.315841e-01   5.085534e-01   2.593833e-01   0.000000e+00
   1.209130e+00   1.966700e+06   6.460000e+02   0.000000e+00  -1.870963e-01  -3.499741e-01  -4.689291e-01  -5.351522e-01  -5.573044e-01  -5.621207e-01  -5.842728e-01  -6.504959e-01  -7.694509e-01  -9.323287e-01  -1.119425e+00   0.000000e+00   2.595290e-01   5.088673e-01   7.320910e-01   9.052976e-01   1.001338e+00   1.001338e+00   9.052976e-01   7.320910e-01   5.088673e-01   2.595290e-01   0.000000e+00
   1.210625e+00   1.967700e+06   6.470000e+02   0.000000e+00  -1.874915e-01  -3.507238e-01  -4.699511e-01  -5.363341e-01  -5.585420e-01  -5.633705e-01  -5.855784e-01  -6.519615e-01  -7.711888e-01  -9.344210e-01  -1.121913e+00   0.000000e+00   2.596741e-01   5.091799e-01   7.325961e-01   9.059880e-01   1.002147e+00   1.002147e+00   9.059880e-01   7.325961e-01   5.091799e-01   2.596741e-01   0.000000e+00
   1.212119e+00   1.968800e+06   6.480000e+02   0.000000e+00  -1.878865e-01  -3.514733e-01  -4.709729e-01  -5.375160e-01  -5.597796e-01  -5.646204e-01  -5.868840e-01  -6.534271e-01  -7.729267e-01  -9.365135e-01  -1.124400e+00   0.000000e+00   2.598184e-01   5.094912e-01   7.330995e-01   9.066764e-01   1.002953e+00   1.002953e+00   9.066764e-01   7.330994e-01   5.094912e-01   2.598184e-01   0.000000e+00
   1.213612e+00   1.969800e+06   6.490000e+02   0.000000e+00  -1.882814e-01  -3.522227e-01  -4.719946e-01  -5.386979e-01  -5.610173e-01  -5.658703e-01  -5.881896e-01  -6.548929e-01  -7.746649e-01  -9.386061e-01  -1.126888e+00   0.000000e+00   2.599620e-01   5.098011e-01   7.336010e-01   9.073628e-01   1.003757e+00   1.003757e+00   9.073628e-01   7.336010e-01   5.098011e-01   2.599620e-01   0.000000e+00
   1.215103e+00   1.970900e+06   6.500000e+02   0.000000e+00  -1.886762e-01  -3.529719e-01  -4.730163e-01  -5.398797e-01  -5.622549e-01  -5.671202e-01  -5.894953e-01  -6.563588e-01  -7.764031e-01  -9.406988e-01  -1.129375e+00   0.000000e+00   2.601049e-01   5.101098e-01   7.341008e-01   9.080472e-01   1.004560e+00   1.004559e+00   9.080472e-01   7.341008e-01   5.101098e-01   2.601049e-01   0.000000e+00
   1.216594e+00   1.971900e+06   6.510000e+02   0.000000e+00  -1.890710e-01  -3.537210e-01  -4.740378e-01  -5.410615e-01  -5.634925e-01  -5.683701e-01  -5.908011e-01  -6.578247e-01  -7.781415e-01  -9.427915e-01  -1.131862e+00   0.000000e+00   2.602471e-01   5.104171e-01   7.345989e-01   9.087295e-01   1.005360e+00   1.005359e+00   9.087295e-01   7.345989e-01   5.104171e-01   2.602471e-01   0.000000e+00
   1.218083e+00   1.973000e+06   6.520000e+02   0.000000e+00  -1.894656e-01  -3.544699e-01  -4.750592e-01  -5.422432e-01  -5.647301e-01  -5.696200e-01  -5.921068e-01  -6.592908e-01  -7.798801e-01  -9.448844e-01  -1.134350e+00   0.000000e+00   2.603887e-01   5.107232e-01   7.350952e-01   9.094099e-01   1.006157e+00   1.006157e+00   9.094099e-01   7.350952e-01   5.107232e-01   2.603887e-01   0.000000e+00
   1.219571e+00   1.974100e+06   6.530000e+02   0.000000e+00  -1.898601e-01  -3.552187e-01  -4.760805e-01  -5.434249e-01  -5.659677e-01  -5.708699e-01  -5.934126e-01  -6.607570e-01  -7.816188e-01  -9.469774e-01  -1.136837e+00   0.000000e+00   2.605295e-01   5.110279e-01   7.355898e-01   9.100882e-01   1.006953e+00   1.006953e+00   9.100882e-01   7.355897e-01   5.110279e-01   2.605295e-01   0.000000e+00
   1.221058e+00   1.975100e+06   6.540000e+02   0.000000e+00  -1.902545e-01  -3.559674e-01  -4.771017e-01  -5.446065e-01  -5.672053e-01  -5.721198e-01  -5.947185e-01  -6.622233e-01  -7.833576e-01  -9.490705e-01  -1.139325e+00   0.000000e+00   2.606697e-01   5.113313e-01   7.360826e-01   9.107645e-01   1.007747e+00   1.007747e+00   9.107645e-01   7.360825e-01   5.113313e-01   2.606697e-01   0.000000e+00
   1.222543e+00   1.976200e+06   6.550000e+02   0.000000e+00  -1.906488e-01  -3.567159e-01  -4.781228e-01  -5.457881e-01  -5.684429e-01  -5.733697e-01  -5.960244e-01  -6.636897e-01  -7.850966e-01  -9.511637e-01  -1.141812e+00   0.000000e+00   2.608091e-01   5.116335e-01   7.365736e-01   9.114389e-01   1.008538e+00   1.008538e+00   9.114388e-01   7.365736e-01   5.116335e-01   2.608091e-01   0.000000e+00
   1.224028e+00   1.977300e+06   6.560000e+02   0.000000e+00  -1.910430e-01  -3.574642e-01  -4.791438e-01  -5.469697e-01  -5.696805e-01  -5.746196e-01  -5.973303e-01  -6.651562e-01  -7.868358e-01  -9.532570e-01  -1.144300e+00   0.000000e+00   2.609479e-01   5.119343e-01   7.370629e-01   9.121112e-01   1.009328e+00   1.009328e+00   9.121112e-01   7.370629e-01   5.119343e-01   2.609479e-01   0.000000e+00
   1.225511e+00   1.978300e+06   6.570000e+02   0.000000e+00  -1.914371e-01  -3.582125e-01  -4.801647e-01  -5.481512e-01  -5.709181e-01  -5.758695e-01  -5.986363e-01  -6.666229e-01  -7.885751e-01  -9.553504e-01  -1.146788e+00   0.000000e+00   2.610860e-01   5.122339e-01   7.375505e-01   9.127815e-01   1.010115e+00   1.010115e+00   9.127815e-01   7.375505e-01   5.122339e-01   2.610860e-01   0.000000e+00
   1.226993e+00   1.979400e+06   6.580000e+02   0.000000e+00  -1.918311e-01  -3.589605e-01  -4.811854e-01  -5.493327e-01  -5.721556e-01  -5.771194e-01  -5.999423e-01  -6.680896e-01  -7.903145e-01  -9.574439e-01  -1.149275e+00   0.000000e+00   2.612234e-01   5.125322e-01   7.380364e-01   9.134499e-01   1.010901e+00   1.010900e+00   9.134499e-01   7.380364e-01   5.125322e-01   2.612234e-01   0.000000e+00
   1.228474e+00   1.980500e+06   6.590000e+02   0.000000e+00  -1.922250e-01  -3.597085e-01  -4.822061e-01  -5.505141e-01  -5.733932e-01  -5.783694e-01  -6.012484e-01  -6.695564e-01  -7.920541e-01  -9.595376e-01  -1.151763e+00   0.000000e+00   2.613602e-01   5.128292e-01   7.385205e-01   9.141163e-01   1.011684e+00   1.011684e+00   9.141163e-01   7.385205e-01   5.128292e-01   2.613602e-01   0.000000e+00
   1.229954e+00   1.981500e+06   6.600000e+02   0.000000e+00  -1.926187e-01  -3.604562e-01  -4.832266e-01  -5.516955e-01  -5.746308e-01  -5.796193e-01  -6.025545e-01  -6.710234e-01  -7.937938e-01  -9.616313e-01  -1.154250e+00   0.000000e+00   2.614962e-01   5.131249e-01   7.390029e-01   9.147807e-01   1.012465e+00   1.012465e+00   9.147807e-01   7.390029e-01   5.131249e-01   2.614962e-01   0.000000e+00
   1.231433e+00   1.982600e+06   6.610000e+02   0.000000e+00  -1.930124e-01  -3.612039e-01  -4.842471e-01  -5.528769e-01  -5.758683e-01  -5.808692e-01  -6.038606e-01  -6.724904e-01  -7.955336e-01  -9.637251e-01  -1.156737e+00   0.000000e+00   2.616316e-01   5.134194e-01   7.394836e-01   9.154431e-01   1.013244e+00   1.013244e+00   9.154431e-01   7.394836e-01   5.134194e-01   2.616316e-01   0.000000e+00
   1.232910e+00   1.983700e+06   6.620000e+02   0.000000e+00  -1.934060e-01  -3.619514e-01  -4.852674e-01  -5.540582e-01  -5.771059e-01  -5.821192e-01  -6.051668e-01  -6.739576e-01  -7.972737e-01  -9.658190e-01  -1.159225e+00   0.000000e+00   2.617663e-01   5.137125e-01   7.399625e-01   9.161036e-01   1.014021e+00   1.014021e+00   9.161036e-01   7.399625e-01   5.137125e-01   2.617663e-01   0.000000e+00
   1.234386e+00   1.984700e+06   6.630000e+02   0.000000e+00  -1.937994e-01  -3.626987e-01  -4.862876e-01  -5.552395e-01  -5.783434e-01  -5.833691e-01  -6.064730e-01  -6.754249e-01  -7.990138e-01  -9.679131e-01  -1.161712e+00   0.000000e+00   2.619003e-01   5.140044e-01   7.404398e-01   9.167621e-01   1.014796e+00   1.014796e+00   9.167621e-01   7.404398e-01   5.140044e-01   2.619003e-01   0.000000e+00
   1.235862e+00   1.985800e+06   6.640000e+02   0.000000e+00  -1.941928e-01  -3.634459e-01  -4.873077e-01  -5.564207e-01  -5.795810e-01  -5.846191e-01  -6.077793e-01  -6.768923e-01  -8.007541e-01  -9.700072e-01  -1.164200e+00   0.000000e+00   2.620337e-01   5.142951e-01   7.409153e-01   9.174187e-01   1.015569e+00   1.015569e+00   9.174186e-01   7.409153e-01   5.142951e-01   2.620337e-01   0.000000e+00
   1.237336e+00   1.986900e+06   6.650000e+02   0.000000e+00  -1.945860e-01  -3.641929e-01  -4.883278e-01  -5.576019e-01  -5.808185e-01  -5.858691e-01  -6.090856e-01  -6.783598e-01  -8.024946e-01  -9.721015e-01  -1.166688e+00   0.000000e+00   2.621664e-01   5.145844e-01   7.413892e-01   9.180732e-01   1.016340e+00   1.016340e+00   9.180732e-01   7.413891e-01   5.145844e-01   2.621664e-01   0.000000e+00
   1.238809e+00   1.988000e+06   6.660000e+02   0.000000e+00  -1.949792e-01  -3.649398e-01  -4.893476e-01  -5.587831e-01  -5.820560e-01  -5.871190e-01  -6.103920e-01  -6.798274e-01  -8.042352e-01  -9.741958e-01  -1.169175e+00   0.000000e+00   2.622984e-01   5.148725e-01   7.418613e-01   9.187259e-01   1.017109e+00   1.017109e+00   9.187259e-01   7.418613e-01   5.148725e-01   2.622984e-01   0.000000e+00
   1.240280e+00   1.989000e+06   6.670000e+02   0.000000e+00  -1.953722e-01  -3.656866e-01  -4.903674e-01  -5.599642e-01  -5.832936e-01  -5.883690e-01  -6.116984e-01  -6.812951e-01  -8.059759e-01  -9.762903e-01  -1.171663e+00   0.000000e+00   2.624297e-01   5.151594e-01   7.423317e-01   9.193766e-01   1.017876e+00   1.017876e+00   9.193766e-01   7.423317e-01   5.151594e-01   2.624297e-01   0.000000e+00
   1.241751e+00   1.990100e+06   6.680000e+02   0.000000e+00  -1.957651e-01  -3.664332e-01  -4.913871e-01  -5.611452e-01  -5.845311e-01  -5.896190e-01  -6.130048e-01  -6.827629e-01  -8.077168e-01  -9.783849e-01  -1.174150e+00   0.000000e+00   2.625604e-01   5.154449e-01   7.428004e-01   9.200253e-01   1.018641e+00   1.018640e+00   9.200253e-01   7.428004e-01   5.154449e-01   2.625604e-01   0.000000e+00
   1.243221e+00   1.991200e+06   6.690000e+02   0.000000e+00  -1.961580e-01  -3.671796e-01  -4.924067e-01  -5.623263e-01  -5.857686e-01  -5.908690e-01  -6.143113e-01  -6.842309e-01  -8.094579e-01  -9.804795e-01  -1.176638e+00   0.000000e+00   2.626904e-01   5.157293e-01   7.432675e-01   9.206722e-01   1.019403e+00   1.019403e+00   9.206722e-01   7.432675e-01   5.157293e-01   2.626904e-01   0.000000e+00
   1.244689e+00   1.992300e+06   6.700000e+02   0.000000e+00  -1.965507e-01  -3.679259e-01  -4.934261e-01  -5.635072e-01  -5.870061e-01  -5.921189e-01  -6.156178e-01  -6.856989e-01  -8.111991e-01  -9.825743e-01  -1.179125e+00   0.000000e+00   2.628197e-01   5.160123e-01   7.437328e-01   9.213171e-01   1.020164e+00   1.020164e+00   9.213170e-01   7.437328e-01   5.160123e-01   2.628197e-01   0.000000e+00
   1.246156e+00   1.993300e+06   6.710000e+02   0.000000e+00  -1.969433e-01  -3.686721e-01  -4.944455e-01  -5.646882e-01  -5.882436e-01  -5.933689e-01  -6.169244e-01  -6.871671e-01  -8.129404e-01  -9.846692e-01  -1.181612e+00   0.000000e+00   2.629484e-01   5.162942e-01   7.441965e-01   9.219600e-01   1.020923e+00   1.020923e+00   9.219600e-01   7.441965e-01   5.162941e-01   2.629484e-01   0.000000e+00
   1.247623e+00   1.994400e+06   6.720000e+02   0.000000e+00  -1.973358e-01  -3.694181e-01  -4.954647e-01  -5.658691e-01  -5.894811e-01  -5.946189e-01  -6.182310e-01  -6.886353e-01  -8.146819e-01  -9.867642e-01  -1.184100e+00   0.000000e+00   2.630764e-01   5.165747e-01   7.446585e-01   9.226010e-01   1.021680e+00   1.021679e+00   9.226010e-01   7.446585e-01   5.165747e-01   2.630764e-01   0.000000e+00
   1.249088e+00   1.995500e+06   6.730000e+02   0.000000e+00  -1.977282e-01  -3.701640e-01  -4.964838e-01  -5.670499e-01  -5.907186e-01  -5.958689e-01  -6.195376e-01  -6.901037e-01  -8.164235e-01  -9.888593e-01  -1.186587e+00   0.000000e+00   2.632037e-01   5.168540e-01   7.451188e-01   9.232401e-01   1.022434e+00   1.022434e+00   9.232401e-01   7.451188e-01   5.168540e-01   2.632037e-01   0.000000e+00
   1.250552e+00   1.996600e+06   6.740000e+02   0.000000e+00  -1.981205e-01  -3.709097e-01  -4.975028e-01  -5.682307e-01  -5.919561e-01  -5.971189e-01  -6.208443e-01  -6.915722e-01  -8.181653e-01  -9.909545e-01  -1.189075e+00   0.000000e+00   2.633304e-01   5.171321e-01   7.455774e-01   9.238773e-01   1.023187e+00   1.023187e+00   9.238773e-01   7.455774e-01   5.171321e-01   2.633304e-01   0.000000e+00
   1.252015e+00   1.997700e+06   6.750000e+02   0.000000e+00  -1.985127e-01  -3.716553e-01  -4.985217e-01  -5.694115e-01  -5.931936e-01  -5.983690e-01  -6.221510e-01  -6.930408e-01  -8.199073e-01  -9.930498e-01  -1.191563e+00   0.000000e+00   2.634565e-01   5.174090e-01   7.460344e-01   9.245126e-01   1.023938e+00   1.023938e+00   9.245126e-01   7.460344e-01   5.174090e-01   2.634565e-01   0.000000e+00
   1.253477e+00   1.998800e+06   6.760000e+02   0.000000e+00  -1.989048e-01  -3.724007e-01  -4.995405e-01  -5.705922e-01  -5.944311e-01  -5.996190e-01  -6.234578e-01  -6.945095e-01  -8.216493e-01  -9.951452e-01  -1.194050e+00   0.000000e+00   2.635818e-01   5.176846e-01   7.464897e-01   9.251460e-01   1.024686e+00   1.024686e+00   9.251460e-01   7.464897e-01   5.176846e-01   2.635818e-01   0.000000e+00
   1.254937e+00   1.999800e+06   6.770000e+02   0.000000e+00  -1.992968e-01  -3.731459e-01  -5.005592e-01  -5.717729e-01  -5.956686e-01  -6.008690e-01  -6.247646e-01  -6.959783e-01  -8.233916e-01  -9.972407e-01  -1.196538e+00   0.000000e+00   2.637066e-01   5.179589e-01   7.469433e-01   9.257775e-01   1.025433e+00   1.025433e+00   9.257774e-01   7.469433e-01   5.179589e-01   2.637066e-01   0.000000e+00
   1.256397e+00   2.000900e+06   6.780000e+02   0.000000e+00  -1.996886e-01  -3.738911e-01  -5.015778e-01  -5.729535e-01  -5.969061e-01  -6.021190e-01  -6.260715e-01  -6.974472e-01  -8.251340e-01  -9.993364e-01  -1.199025e+00   0.000000e+00   2.638306e-01   5.182321e-01   7.473953e-01   9.264070e-01   1.026178e+00   1.026178e+00   9.264070e-01   7.473953e-01   5.182321e-01   2.638306e-01   0.000000e+00
   1.257856e+00   2.002000e+06   6.790000e+02   0.000000e+00  -2.000804e-01  -3.746360e-01  -5.025962e-01  -5.741341e-01  -5.981435e-01  -6.033691e-01  -6.273784e-01  -6.989163e-01  -8.268765e-01  -1.001432e+00  -1.201512e+00   0.000000e+00   2.639540e-01   5.185040e-01   7.478456e-01   9.270347e-01   1.026921e+00   1.026920e+00   9.270347e-01   7.478456e-01   5.185040e-01   2.639540e-01   0.000000e+00
   1.259313e+00   2.003100e+06   6.800000e+02   0.000000e+00  -2.004721e-01  -3.753809e-01  -5.036146e-01  -5.753147e-01  -5.993810e-01  -6.046191e-01  -6.286853e-01  -7.003854e-01  -8.286192e-01  -1.003528e+00  -1.204000e+00   0.000000e+00   2.640768e-01   5.187746e-01   7.482942e-01   9.276605e-01   1.027661e+00   1.027661e+00   9.276604e-01   7.482942e-01   5.187746e-01   2.640768e-01   0.000000e+00
   1.260770e+00   2.004200e+06   6.810000e+02   0.000000e+00  -2.008636e-01  -3.761255e-01  -5.046328e-01  -5.764952e-01  -6.006184e-01  -6.058691e-01  -6.299923e-01  -7.018547e-01  -8.303620e-01  -1.005624e+00  -1.206487e+00   0.000000e+00   2.641989e-01   5.190441e-01   7.487413e-01   9.282843e-01   1.028400e+00   1.028400e+00   9.282843e-01   7.487412e-01   5.190441e-01   2.641989e-01   0.000000e+00
   1.262225e+00   2.005300e+06   6.820000e+02   0.000000e+00  -2.012551e-01  -3.768701e-01  -5.056509e-01  -5.776757e-01  -6.018559e-01  -6.071192e-01  -6.312993e-01  -7.033241e-01  -8.321050e-01  -1.007720e+00  -1.208975e+00   0.000000e+00   2.643203e-01   5.193123e-01   7.491866e-01   9.289063e-01   1.029137e+00   1.029137e+00   9.289063e-01   7.491866e-01   5.193123e-01   2.643203e-01   0.000000e+00
   1.263679e+00   2.006400e+06   6.830000e+02   0.000000e+00  -2.016464e-01  -3.776144e-01  -5.066690e-01  -5.788561e-01  -6.030933e-01  -6.083692e-01  -6.326064e-01  -7.047936e-01  -8.338481e-01  -1.009816e+00  -1.211463e+00   0.000000e+00   2.644412e-01   5.195793e-01   7.496303e-01   9.295264e-01   1.029872e+00   1.029872e+00   9.295264e-01   7.496303e-01   5.195793e-01   2.644412e-01   0.000000e+00
   1.265133e+00   2.007500e+06   6.840000e+02   0.000000e+00  -2.020376e-01  -3.783586e-01  -5.076869e-01  -5.800365e-01  -6.043308e-01  -6.096193e-01  -6.339135e-01  -7.062632e-01  -8.355914e-01  -1.011912e+00  -1.213950e+00   0.000000e+00   2.645613e-01   5.198451e-01   7.500724e-01   9.301447e-01   1.030605e+00   1.030604e+00   9.301447e-01   7.500724e-01   5.198451e-01   2.645613e-01   0.000000e+00
   1.266585e+00   2.008600e+06   6.850000e+02   0.000000e+00  -2.024288e-01  -3.791027e-01  -5.087046e-01  -5.812168e-01  -6.055682e-01  -6.108694e-01  -6.352207e-01  -7.077329e-01  -8.373348e-01  -1.014009e+00  -1.216438e+00   0.000000e+00   2.646808e-01   5.201097e-01   7.505128e-01   9.307610e-01   1.031336e+00   1.031335e+00   9.307610e-01   7.505128e-01   5.201097e-01   2.646808e-01   0.000000e+00
   1.268036e+00   2.009700e+06   6.860000e+02   0.000000e+00  -2.028198e-01  -3.798466e-01  -5.097223e-01  -5.823971e-01  -6.068056e-01  -6.121194e-01  -6.365279e-01  -7.092027e-01  -8.390784e-01  -1.016105e+00  -1.218925e+00   0.000000e+00   2.647997e-01   5.203730e-01   7.509516e-01   9.313755e-01   1.032065e+00   1.032064e+00   9.313755e-01   7.509516e-01   5.203730e-01   2.647997e-01   0.000000e+00
   1.269486e+00   2.010800e+06   6.870000e+02   0.000000e+00  -2.032107e-01  -3.805904e-01  -5.107399e-01  -5.835774e-01  -6.080431e-01  -6.133695e-01  -6.378351e-01  -7.106726e-01  -8.408221e-01  -1.018202e+00  -1.221413e+00   0.000000e+00   2.649179e-01   5.206352e-01   7.513888e-01   9.319882e-01   1.032792e+00   1.032791e+00   9.319881e-01   7.513887e-01   5.206352e-01   2.649179e-01   0.000000e+00
   1.270935e+00   2.011900e+06   6.880000e+02   0.000000e+00  -2.036015e-01  -3.813340e-01  -5.117573e-01  -5.847576e-01  -6.092805e-01  -6.146196e-01  -6.391424e-01  -7.121427e-01  -8.425660e-01  -1.020299e+00  -1.223900e+00   0.000000e+00   2.650355e-01   5.208961e-01   7.518243e-01   9.325989e-01   1.033517e+00   1.033516e+00   9.325989e-01   7.518243e-01   5.208961e-01   2.650355e-01   0.000000e+00
   1.272383e+00   2.013000e+06   6.890000e+02   0.000000e+00  -2.039922e-01  -3.820775e-01  -5.127747e-01  -5.859378e-01  -6.105179e-01  -6.158697e-01  -6.404498e-01  -7.136128e-01  -8.443100e-01  -1.022395e+00  -1.226387e+00   0.000000e+00   2.651525e-01   5.211558e-01   7.522582e-01   9.332078e-01   1.034240e+00   1.034240e+00   9.332078e-01   7.522582e-01   5.211558e-01   2.651525e-01   0.000000e+00
   1.273830e+00   2.014100e+06   6.900000e+02   0.000000e+00  -2.043828e-01  -3.828208e-01  -5.137919e-01  -5.871179e-01  -6.117553e-01  -6.171198e-01  -6.417571e-01  -7.150831e-01  -8.460542e-01  -1.024492e+00  -1.228875e+00   0.000000e+00   2.652688e-01   5.214143e-01   7.526905e-01   9.338149e-01   1.034961e+00   1.034961e+00   9.338149e-01   7.526905e-01   5.214143e-01   2.652688e-01   0.000000e+00
   1.275276e+00   2.015200e+06   6.910000e+02   0.000000e+00  -2.047732e-01  -3.835640e-01  -5.148090e-01  -5.882980e-01  -6.129927e-01  -6.183699e-01  -6.430646e-01  -7.165535e-01  -8.477985e-01  -1.026589e+00  -1.231362e+00   0.000000e+00   2.653844e-01   5.216717e-01   7.531211e-01   9.344201e-01   1.035680e+00   1.035680e+00   9.344200e-01   7.531211e-01   5.216716e-01   2.653844e-01   0.000000e+00
   1.276721e+00   2.016300e+06   6.920000e+02   0.000000e+00  -2.051636e-01  -3.843070e-01  -5.158260e-01  -5.894780e-01  -6.142301e-01  -6.196200e-01  -6.443720e-01  -7.180240e-01  -8.495430e-01  -1.028686e+00  -1.233850e+00   0.000000e+00   2.654995e-01   5.219278e-01   7.535502e-01   9.350234e-01   1.036398e+00   1.036397e+00   9.350234e-01   7.535502e-01   5.219278e-01   2.654995e-01   0.000000e+00
   1.278165e+00   2.017400e+06   6.930000e+02   0.000000e+00  -2.055539e-01  -3.850499e-01  -5.168429e-01  -5.906580e-01  -6.154675e-01  -6.208701e-01  -6.456795e-01  -7.194946e-01  -8.512876e-01  -1.030784e+00  -1.236338e+00   0.000000e+00   2.656139e-01   5.221827e-01   7.539776e-01   9.356249e-01   1.037113e+00   1.037113e+00   9.356249e-01   7.539776e-01   5.221827e-01   2.656139e-01   0.000000e+00
   1.279608e+00   2.018500e+06   6.940000e+02   0.000000e+00  -2.059440e-01  -3.857926e-01  -5.178597e-01  -5.918380e-01  -6.167049e-01  -6.221202e-01  -6.469871e-01  -7.209653e-01  -8.530324e-01  -1.032881e+00  -1.238825e+00   0.000000e+00   2.657276e-01   5.224364e-01   7.544034e-01   9.362246e-01   1.037826e+00   1.037826e+00   9.362246e-01   7.544034e-01   5.224364e-01   2.657276e-01   0.000000e+00
   1.281050e+00   2.019600e+06   6.950000e+02   0.000000e+00  -2.063341e-01  -3.865352e-01  -5.188763e-01  -5.930179e-01  -6.179423e-01  -6.233703e-01  -6.482947e-01  -7.224362e-01  -8.547773e-01  -1.034978e+00  -1.241313e+00   0.000000e+00   2.658408e-01   5.226889e-01   7.548276e-01   9.368224e-01   1.038538e+00   1.038538e+00   9.368224e-01   7.548276e-01   5.226889e-01   2.658408e-01   0.000000e+00
   1.282491e+00   2.020700e+06   6.960000e+02   0.000000e+00  -2.067240e-01  -3.872776e-01  -5.198929e-01  -5.941977e-01  -6.191796e-01  -6.246204e-01  -6.496023e-01  -7.239071e-01  -8.565224e-01  -1.037076e+00  -1.243800e+00   0.000000e+00   2.659533e-01   5.229403e-01   7.552503e-01   9.374184e-01   1.039248e+00   1.039247e+00   9.374184e-01   7.552502e-01   5.229403e-01   2.659533e-01   0.000000e+00
   1.283931e+00   2.021800e+06   6.970000e+02   0.000000e+00  -2.071138e-01  -3.880199e-01  -5.209093e-01  -5.953776e-01  -6.204170e-01  -6.258706e-01  -6.509100e-01  -7.253782e-01  -8.582677e-01  -1.039174e+00  -1.246287e+00   0.000000e+00   2.660651e-01   5.231904e-01   7.556713e-01   9.380125e-01   1.039955e+00   1.039955e+00   9.380125e-01   7.556712e-01   5.231904e-01   2.660651e-01   0.000000e+00
   1.285370e+00   2.022900e+06   6.980000e+02   0.000000e+00  -2.075035e-01  -3.887620e-01  -5.219256e-01  -5.965573e-01  -6.216544e-01  -6.271207e-01  -6.522177e-01  -7.268494e-01  -8.600130e-01  -1.041271e+00  -1.248775e+00   0.000000e+00   2.661764e-01   5.234394e-01   7.560907e-01   9.386049e-01   1.040661e+00   1.040661e+00   9.386049e-01   7.560907e-01   5.234394e-01   2.661764e-01   0.000000e+00
   1.286808e+00   2.024000e+06   6.990000e+02   0.000000e+00  -2.078932e-01  -3.895039e-01  -5.229418e-01  -5.977371e-01  -6.228917e-01  -6.283709e-01  -6.535255e-01  -7.283207e-01  -8.617586e-01  -1.043369e+00  -1.251262e+00   0.000000e+00   2.662870e-01   5.236872e-01   7.565085e-01   9.391954e-01   1.041365e+00   1.041365e+00   9.391954e-01   7.565085e-01   5.236872e-01   2.662870e-01   0.000000e+00
   1.288245e+00   2.025100e+06   7.000000e+02   0.000000e+00  -2.082827e-01  -3.902457e-01  -5.239579e-01  -5.989168e-01  -6.241291e-01  -6.296210e-01  -6.548333e-01  -7.297921e-01  -8.635043e-01  -1.045467e+00  -1.253750e+00   0.000000e+00   2.663970e-01   5.239338e-01   7.569247e-01   9.397841e-01   1.042067e+00   1.042067e+00   9.397840e-01   7.569247e-01   5.239338e-01   2.663970e-01   0.000000e+00
   1.289681e+00   2.026200e+06   7.010000e+02   0.000000e+00  -2.086721e-01  -3.909874e-01  -5.249739e-01  -6.000964e-01  -6.253664e-01  -6.308712e-01  -6.561411e-01  -7.312636e-01  -8.652501e-01  -1.047565e+00  -1.256237e+00   0.000000e+00   2.665063e-01   5.241792e-01   7.573393e-01   9.403709e-01   1.042767e+00   1.042767e+00   9.403709e-01   7.573393e-01   5.241792e-01   2.665063e-01   0.000000e+00
   1.291116e+00   2.027400e+06   7.020000e+02   0.000000e+00  -2.090613e-01  -3.917289e-01  -5.259898e-01  -6.012760e-01  -6.266038e-01  -6.321213e-01  -6.574490e-01  -7.327352e-01  -8.669961e-01  -1.049664e+00  -1.258725e+00   0.000000e+00   2.666151e-01   5.244234e-01   7.577524e-01   9.409560e-01   1.043465e+00   1.043465e+00   9.409560e-01   7.577524e-01   5.244234e-01   2.666151e-01   0.000000e+00
   1.292550e+00   2.028500e+06   7.030000e+02   0.000000e+00  -2.094505e-01  -3.924703e-01  -5.270055e-01  -6.024556e-01  -6.278411e-01  -6.333715e-01  -6.587570e-01  -7.342070e-01  -8.687423e-01  -1.051762e+00  -1.261213e+00   0.000000e+00   2.667232e-01   5.246665e-01   7.581638e-01   9.415392e-01   1.044162e+00   1.044162e+00   9.415392e-01   7.581638e-01   5.246665e-01   2.667232e-01   0.000000e+00
   1.293983e+00   2.029600e+06   7.040000e+02   0.000000e+00  -2.098396e-01  -3.932115e-01  -5.280212e-01  -6.036351e-01  -6.290784e-01  -6.346216e-01  -6.600650e-01  -7.356789e-01  -8.704886e-01  -1.053860e+00  -1.263700e+00   0.000000e+00   2.668307e-01   5.249084e-01   7.585737e-01   9.421207e-01   1.044856e+00   1.044856e+00   9.421207e-01   7.585737e-01   5.249084e-01   2.668307e-01   0.000000e+00
   1.295415e+00   2.030700e+06   7.050000e+02   0.000000e+00  -2.102285e-01  -3.939525e-01  -5.290367e-01  -6.048145e-01  -6.303158e-01  -6.358718e-01  -6.613730e-01  -7.371508e-01  -8.722350e-01  -1.055959e+00  -1.266188e+00   0.000000e+00   2.669375e-01   5.251491e-01   7.589820e-01   9.427003e-01   1.045549e+00   1.045549e+00   9.427003e-01   7.589820e-01   5.251491e-01   2.669375e-01   0.000000e+00
   1.296846e+00   2.031800e+06   7.060000e+02   0.000000e+00  -2.106174e-01  -3.946934e-01  -5.300521e-01  -6.059940e-01  -6.315531e-01  -6.371220e-01  -6.626811e-01  -7.386229e-01  -8.739816e-01  -1.058058e+00  -1.268675e+00   0.000000e+00   2.670438e-01   5.253887e-01   7.593887e-01   9.432782e-01   1.046239e+00   1.046239e+00   9.432781e-01   7.593887e-01   5.253887e-01   2.670438e-01   0.000000e+00
   1.298276e+00   2.032900e+06   7.070000e+02   0.000000e+00  -2.110061e-01  -3.954341e-01  -5.310674e-01  -6.071733e-01  -6.327904e-01  -6.383722e-01  -6.639892e-01  -7.400951e-01  -8.757284e-01  -1.060156e+00  -1.271162e+00   0.000000e+00   2.671494e-01   5.256271e-01   7.597939e-01   9.438542e-01   1.046928e+00   1.046928e+00   9.438542e-01   7.597939e-01   5.256271e-01   2.671494e-01   0.000000e+00
   1.299705e+00   2.034100e+06   7.080000e+02   0.000000e+00  -2.113948e-01  -3.961747e-01  -5.320826e-01  -6.083527e-01  -6.340277e-01  -6.396224e-01  -6.652974e-01  -7.415675e-01  -8.774753e-01  -1.062255e+00  -1.273650e+00   0.000000e+00   2.672544e-01   5.258643e-01   7.601975e-01   9.444285e-01   1.047615e+00   1.047615e+00   9.444284e-01   7.601975e-01   5.258643e-01   2.672544e-01   0.000000e+00
   1.301133e+00   2.035200e+06   7.090000e+02   0.000000e+00  -2.117833e-01  -3.969151e-01  -5.330976e-01  -6.095320e-01  -6.352650e-01  -6.408726e-01  -6.666056e-01  -7.430399e-01  -8.792224e-01  -1.064354e+00  -1.276137e+00   0.000000e+00   2.673588e-01   5.261003e-01   7.605995e-01   9.450009e-01   1.048300e+00   1.048300e+00   9.450009e-01   7.605995e-01   5.261003e-01   2.673588e-01   0.000000e+00
   1.302560e+00   2.036300e+06   7.100000e+02   0.000000e+00  -2.121717e-01  -3.976554e-01  -5.341126e-01  -6.107112e-01  -6.365023e-01  -6.421228e-01  -6.679138e-01  -7.445125e-01  -8.809696e-01  -1.066453e+00  -1.278625e+00   0.000000e+00   2.674626e-01   5.263352e-01   7.610000e-01   9.455716e-01   1.048984e+00   1.048983e+00   9.455716e-01   7.610000e-01   5.263352e-01   2.674626e-01   0.000000e+00
   1.303987e+00   2.037400e+06   7.110000e+02   0.000000e+00  -2.125600e-01  -3.983955e-01  -5.351274e-01  -6.118904e-01  -6.377396e-01  -6.433730e-01  -6.692221e-01  -7.459851e-01  -8.827170e-01  -1.068553e+00  -1.281113e+00   0.000000e+00   2.675658e-01   5.265690e-01   7.613989e-01   9.461405e-01   1.049665e+00   1.049665e+00   9.461405e-01   7.613988e-01   5.265690e-01   2.675657e-01   0.000000e+00
   1.305412e+00   2.038600e+06   7.120000e+02   0.000000e+00  -2.129482e-01  -3.991355e-01  -5.361421e-01  -6.130696e-01  -6.389769e-01  -6.446232e-01  -6.705305e-01  -7.474579e-01  -8.844645e-01  -1.070652e+00  -1.283600e+00   0.000000e+00   2.676683e-01   5.268016e-01   7.617962e-01   9.467076e-01   1.050344e+00   1.050344e+00   9.467076e-01   7.617962e-01   5.268016e-01   2.676683e-01   0.000000e+00
   1.306836e+00   2.039700e+06   7.130000e+02   0.000000e+00  -2.133363e-01  -3.998753e-01  -5.371567e-01  -6.142487e-01  -6.402142e-01  -6.458734e-01  -6.718388e-01  -7.489308e-01  -8.862122e-01  -1.072751e+00  -1.286088e+00   0.000000e+00   2.677702e-01   5.270330e-01   7.621920e-01   9.472729e-01   1.051022e+00   1.051022e+00   9.472729e-01   7.621920e-01   5.270330e-01   2.677702e-01   0.000000e+00
   1.308260e+00   2.040800e+06   7.140000e+02   0.000000e+00  -2.137243e-01  -4.006150e-01  -5.381712e-01  -6.154278e-01  -6.414514e-01  -6.471236e-01  -6.731473e-01  -7.504038e-01  -8.879600e-01  -1.074851e+00  -1.288575e+00   0.000000e+00   2.678716e-01   5.272633e-01   7.625862e-01   9.478365e-01   1.051698e+00   1.051698e+00   9.478365e-01   7.625862e-01   5.272633e-01   2.678716e-01   0.000000e+00
   1.309682e+00   2.041900e+06   7.150000e+02   0.000000e+00  -2.141121e-01  -4.013545e-01  -5.391855e-01  -6.166068e-01  -6.426887e-01  -6.483739e-01  -6.744558e-01  -7.518770e-01  -8.897080e-01  -1.076950e+00  -1.291063e+00   0.000000e+00   2.679723e-01   5.274924e-01   7.629789e-01   9.483983e-01   1.052372e+00   1.052372e+00   9.483983e-01   7.629789e-01   5.274924e-01   2.679723e-01   0.000000e+00
   1.311104e+00   2.043100e+06   7.160000e+02   0.000000e+00  -2.144999e-01  -4.020939e-01  -5.401998e-01  -6.177858e-01  -6.439260e-01  -6.496241e-01  -6.757643e-01  -7.533502e-01  -8.914562e-01  -1.079050e+00  -1.293550e+00   0.000000e+00   2.680724e-01   5.277204e-01   7.633700e-01   9.489583e-01   1.053044e+00   1.053044e+00   9.489583e-01   7.633700e-01   5.277204e-01   2.680724e-01   0.000000e+00
   1.312524e+00   2.044200e+06   7.170000e+02   0.000000e+00  -2.148875e-01  -4.028331e-01  -5.412139e-01  -6.189647e-01  -6.451632e-01  -6.508743e-01  -6.770728e-01  -7.548236e-01  -8.932045e-01  -1.081150e+00  -1.296037e+00   0.000000e+00   2.681719e-01   5.279472e-01   7.637596e-01   9.495166e-01   1.053714e+00   1.053714e+00   9.495166e-01   7.637596e-01   5.279472e-01   2.681719e-01   0.000000e+00
   1.313944e+00   2.045300e+06   7.180000e+02   0.000000e+00  -2.152750e-01  -4.035721e-01  -5.422279e-01  -6.201436e-01  -6.464005e-01  -6.521246e-01  -6.783815e-01  -7.562971e-01  -8.949529e-01  -1.083250e+00  -1.298525e+00   0.000000e+00   2.682708e-01   5.281729e-01   7.641476e-01   9.500731e-01   1.054383e+00   1.054382e+00   9.500731e-01   7.641476e-01   5.281729e-01   2.682708e-01   0.000000e+00
   1.315363e+00   2.046500e+06   7.190000e+02   0.000000e+00  -2.156625e-01  -4.043110e-01  -5.432418e-01  -6.213224e-01  -6.476377e-01  -6.533748e-01  -6.796901e-01  -7.577707e-01  -8.967015e-01  -1.085350e+00  -1.301012e+00   0.000000e+00   2.683691e-01   5.283974e-01   7.645342e-01   9.506279e-01   1.055049e+00   1.055049e+00   9.506278e-01   7.645341e-01   5.283974e-01   2.683691e-01   0.000000e+00
   1.316780e+00   2.047600e+06   7.200000e+02   0.000000e+00  -2.160498e-01  -4.050497e-01  -5.442556e-01  -6.225012e-01  -6.488750e-01  -6.546251e-01  -6.809988e-01  -7.592444e-01  -8.984503e-01  -1.087450e+00  -1.303500e+00   0.000000e+00   2.684668e-01   5.286209e-01   7.649191e-01   9.511808e-01   1.055714e+00   1.055714e+00   9.511808e-01   7.649191e-01   5.286208e-01   2.684668e-01   0.000000e+00
   1.318197e+00   2.048800e+06   7.210000e+02   0.000000e+00  -2.164370e-01  -4.057883e-01  -5.452693e-01  -6.236800e-01  -6.501122e-01  -6.558754e-01  -6.823076e-01  -7.607182e-01  -9.001992e-01  -1.089551e+00  -1.305988e+00   0.000000e+00   2.685639e-01   5.288431e-01   7.653026e-01   9.517321e-01   1.056377e+00   1.056377e+00   9.517321e-01   7.653025e-01   5.288431e-01   2.685639e-01   0.000000e+00
   1.319613e+00   2.049900e+06   7.220000e+02   0.000000e+00  -2.168241e-01  -4.065267e-01  -5.462828e-01  -6.248587e-01  -6.513494e-01  -6.571256e-01  -6.836164e-01  -7.621922e-01  -9.019483e-01  -1.091651e+00  -1.308475e+00   0.000000e+00   2.686603e-01   5.290643e-01   7.656845e-01   9.522816e-01   1.057038e+00   1.057038e+00   9.522816e-01   7.656845e-01   5.290642e-01   2.686603e-01   0.000000e+00
   1.321028e+00   2.051000e+06   7.230000e+02   0.000000e+00  -2.172110e-01  -4.072650e-01  -5.472963e-01  -6.260373e-01  -6.525867e-01  -6.583759e-01  -6.849252e-01  -7.636663e-01  -9.036975e-01  -1.093751e+00  -1.310963e+00   0.000000e+00   2.687562e-01   5.292843e-01   7.660648e-01   9.528293e-01   1.057697e+00   1.057697e+00   9.528293e-01   7.660648e-01   5.292842e-01   2.687562e-01   0.000000e+00
   1.322443e+00   2.052200e+06   7.240000e+02   0.000000e+00  -2.175979e-01  -4.080031e-01  -5.483096e-01  -6.272160e-01  -6.538239e-01  -6.596262e-01  -6.862341e-01  -7.651404e-01  -9.054469e-01  -1.095852e+00  -1.313450e+00   0.000000e+00   2.688515e-01   5.295031e-01   7.664437e-01   9.533754e-01   1.058355e+00   1.058355e+00   9.533753e-01   7.664437e-01   5.295031e-01   2.688515e-01   0.000000e+00
   1.323856e+00   2.053300e+06   7.250000e+02   0.000000e+00  -2.179847e-01  -4.087411e-01  -5.493228e-01  -6.283945e-01  -6.550611e-01  -6.608765e-01  -6.875430e-01  -7.666147e-01  -9.071965e-01  -1.097953e+00  -1.315937e+00   0.000000e+00   2.689462e-01   5.297209e-01   7.668210e-01   9.539196e-01   1.059011e+00   1.059010e+00   9.539196e-01   7.668210e-01   5.297208e-01   2.689462e-01   0.000000e+00
   1.325268e+00   2.054500e+06   7.260000e+02   0.000000e+00  -2.183713e-01  -4.094789e-01  -5.503359e-01  -6.295731e-01  -6.562983e-01  -6.621268e-01  -6.888520e-01  -7.680892e-01  -9.089462e-01  -1.100054e+00  -1.318425e+00   0.000000e+00   2.690403e-01   5.299375e-01   7.671968e-01   9.544622e-01   1.059665e+00   1.059664e+00   9.544621e-01   7.671968e-01   5.299375e-01   2.690403e-01   0.000000e+00
   1.326680e+00   2.055600e+06   7.270000e+02   0.000000e+00  -2.187579e-01  -4.102165e-01  -5.513488e-01  -6.307515e-01  -6.575355e-01  -6.633771e-01  -6.901610e-01  -7.695637e-01  -9.106960e-01  -1.102155e+00  -1.320912e+00   0.000000e+00   2.691338e-01   5.301529e-01   7.675711e-01   9.550030e-01   1.060317e+00   1.060316e+00   9.550030e-01   7.675711e-01   5.301529e-01   2.691338e-01   0.000000e+00
   1.328090e+00   2.056700e+06   7.280000e+02   0.000000e+00  -2.191443e-01  -4.109540e-01  -5.523617e-01  -6.319300e-01  -6.587727e-01  -6.646274e-01  -6.914701e-01  -7.710384e-01  -9.124460e-01  -1.104256e+00  -1.323400e+00   0.000000e+00   2.692266e-01   5.303673e-01   7.679439e-01   9.555420e-01   1.060967e+00   1.060967e+00   9.555420e-01   7.679439e-01   5.303673e-01   2.692266e-01   0.000000e+00
   1.329500e+00   2.057900e+06   7.290000e+02   0.000000e+00  -2.195306e-01  -4.116913e-01  -5.533744e-01  -6.331084e-01  -6.600099e-01  -6.658777e-01  -6.927792e-01  -7.725131e-01  -9.141962e-01  -1.106357e+00  -1.325888e+00   0.000000e+00   2.693189e-01   5.305805e-01   7.683152e-01   9.560794e-01   1.061615e+00   1.061615e+00   9.560794e-01   7.683151e-01   5.305805e-01   2.693189e-01   0.000000e+00
   1.330909e+00   2.059000e+06   7.300000e+02   0.000000e+00  -2.199168e-01  -4.124285e-01  -5.543870e-01  -6.342867e-01  -6.612471e-01  -6.671280e-01  -6.940883e-01  -7.739880e-01  -9.159465e-01  -1.108458e+00  -1.328375e+00   0.000000e+00   2.694106e-01   5.307926e-01   7.686849e-01   9.566150e-01   1.062262e+00   1.062262e+00   9.566150e-01   7.686849e-01   5.307926e-01   2.694106e-01   0.000000e+00
   1.332316e+00   2.060200e+06   7.310000e+02   0.000000e+00  -2.203029e-01  -4.131655e-01  -5.553995e-01  -6.354650e-01  -6.624843e-01  -6.683783e-01  -6.953975e-01  -7.754630e-01  -9.176970e-01  -1.110560e+00  -1.330863e+00   0.000000e+00   2.695018e-01   5.310036e-01   7.690531e-01   9.571489e-01   1.062907e+00   1.062907e+00   9.571489e-01   7.690531e-01   5.310036e-01   2.695018e-01   0.000000e+00
   1.333723e+00   2.061300e+06   7.320000e+02   0.000000e+00  -2.206889e-01  -4.139024e-01  -5.564119e-01  -6.366432e-01  -6.637215e-01  -6.696286e-01  -6.967068e-01  -7.769382e-01  -9.194477e-01  -1.112661e+00  -1.333350e+00   0.000000e+00   2.695923e-01   5.312135e-01   7.694199e-01   9.576811e-01   1.063550e+00   1.063550e+00   9.576811e-01   7.694199e-01   5.312135e-01   2.695923e-01   0.000000e+00
   1.335130e+00   2.062500e+06   7.330000e+02   0.000000e+00  -2.210747e-01  -4.146391e-01  -5.574241e-01  -6.378215e-01  -6.649586e-01  -6.708790e-01  -6.980161e-01  -7.784134e-01  -9.211985e-01  -1.114763e+00  -1.335838e+00   0.000000e+00   2.696822e-01   5.314223e-01   7.697851e-01   9.582116e-01   1.064191e+00   1.064191e+00   9.582116e-01   7.697851e-01   5.314223e-01   2.696822e-01   0.000000e+00
   1.336535e+00   2.063600e+06   7.340000e+02   0.000000e+00  -2.214605e-01  -4.153756e-01  -5.584362e-01  -6.389996e-01  -6.661958e-01  -6.721293e-01  -6.993254e-01  -7.798888e-01  -9.229494e-01  -1.116865e+00  -1.338325e+00   0.000000e+00   2.697715e-01   5.316299e-01   7.701489e-01   9.587404e-01   1.064831e+00   1.064831e+00   9.587403e-01   7.701488e-01   5.316299e-01   2.697715e-01   0.000000e+00
   1.337939e+00   2.064800e+06   7.350000e+02   0.000000e+00  -2.218461e-01  -4.161120e-01  -5.594482e-01  -6.401777e-01  -6.674329e-01  -6.733796e-01  -7.006348e-01  -7.813643e-01  -9.247005e-01  -1.118966e+00  -1.340812e+00   0.000000e+00   2.698603e-01   5.318365e-01   7.705111e-01   9.592674e-01   1.065469e+00   1.065469e+00   9.592674e-01   7.705111e-01   5.318365e-01   2.698603e-01   0.000000e+00
   1.339343e+00   2.066000e+06   7.360000e+02   0.000000e+00  -2.222317e-01  -4.168482e-01  -5.604601e-01  -6.413558e-01  -6.686701e-01  -6.746300e-01  -7.019442e-01  -7.828399e-01  -9.264518e-01  -1.121068e+00  -1.343300e+00   0.000000e+00   2.699485e-01   5.320419e-01   7.708718e-01   9.597928e-01   1.066105e+00   1.066105e+00   9.597928e-01   7.708718e-01   5.320419e-01   2.699485e-01   0.000000e+00
   1.340745e+00   2.067100e+06   7.370000e+02   0.000000e+00  -2.226171e-01  -4.175843e-01  -5.614719e-01  -6.425338e-01  -6.699072e-01  -6.758804e-01  -7.032537e-01  -7.843156e-01  -9.282032e-01  -1.123170e+00  -1.345787e+00   0.000000e+00   2.700360e-01   5.322462e-01   7.712311e-01   9.603164e-01   1.066739e+00   1.066739e+00   9.603164e-01   7.712311e-01   5.322462e-01   2.700360e-01   0.000000e+00
   1.342147e+00   2.068300e+06   7.380000e+02   0.000000e+00  -2.230024e-01  -4.183202e-01  -5.624836e-01  -6.437118e-01  -6.711444e-01  -6.771307e-01  -7.045632e-01  -7.857915e-01  -9.299548e-01  -1.125273e+00  -1.348275e+00   0.000000e+00   2.701230e-01   5.324494e-01   7.715888e-01   9.608384e-01   1.067371e+00   1.067371e+00   9.608383e-01   7.715888e-01   5.324494e-01   2.701230e-01   0.000000e+00
   1.343548e+00   2.069400e+06   7.390000e+02   0.000000e+00  -2.233876e-01  -4.190559e-01  -5.634951e-01  -6.448897e-01  -6.723815e-01  -6.783811e-01  -7.058728e-01  -7.872674e-01  -9.317066e-01  -1.127375e+00  -1.350763e+00   0.000000e+00   2.702094e-01   5.326515e-01   7.719451e-01   9.613586e-01   1.068002e+00   1.068002e+00   9.613586e-01   7.719451e-01   5.326515e-01   2.702094e-01   0.000000e+00
   1.344948e+00   2.070600e+06   7.400000e+02   0.000000e+00  -2.237727e-01  -4.197915e-01  -5.645065e-01  -6.460676e-01  -6.736186e-01  -6.796315e-01  -7.071824e-01  -7.887435e-01  -9.334585e-01  -1.129477e+00  -1.353250e+00   0.000000e+00   2.702952e-01   5.328525e-01   7.722999e-01   9.618772e-01   1.068631e+00   1.068631e+00   9.618772e-01   7.722999e-01   5.328525e-01   2.702952e-01   0.000000e+00
   1.346347e+00   2.071700e+06   7.410000e+02   0.000000e+00  -2.241576e-01  -4.205270e-01  -5.655178e-01  -6.472454e-01  -6.748558e-01  -6.808818e-01  -7.084921e-01  -7.902197e-01  -9.352105e-01  -1.131580e+00  -1.355738e+00   0.000000e+00   2.703805e-01   5.330525e-01   7.726532e-01   9.623940e-01   1.069258e+00   1.069258e+00   9.623940e-01   7.726532e-01   5.330525e-01   2.703805e-01   0.000000e+00
   1.347746e+00   2.072900e+06   7.420000e+02   0.000000e+00  -2.245425e-01  -4.212623e-01  -5.665290e-01  -6.484232e-01  -6.760929e-01  -6.821322e-01  -7.098018e-01  -7.916960e-01  -9.369628e-01  -1.133683e+00  -1.358225e+00   0.000000e+00   2.704651e-01   5.332513e-01   7.730050e-01   9.629092e-01   1.069884e+00   1.069883e+00   9.629092e-01   7.730050e-01   5.332513e-01   2.704651e-01   0.000000e+00
   1.349143e+00   2.074100e+06   7.430000e+02   0.000000e+00  -2.249272e-01  -4.219974e-01  -5.675401e-01  -6.496010e-01  -6.773300e-01  -6.833826e-01  -7.111116e-01  -7.931725e-01  -9.387151e-01  -1.135785e+00  -1.360712e+00   0.000000e+00   2.705492e-01   5.334490e-01   7.733554e-01   9.634227e-01   1.070507e+00   1.070507e+00   9.634227e-01   7.733553e-01   5.334490e-01   2.705492e-01   0.000000e+00
   1.350540e+00   2.075200e+06   7.440000e+02   0.000000e+00  -2.253119e-01  -4.227323e-01  -5.685510e-01  -6.507787e-01  -6.785671e-01  -6.846330e-01  -7.124214e-01  -7.946490e-01  -9.404677e-01  -1.137888e+00  -1.363200e+00   0.000000e+00   2.706327e-01   5.336456e-01   7.737042e-01   9.639345e-01   1.071129e+00   1.071129e+00   9.639345e-01   7.737042e-01   5.336456e-01   2.706327e-01   0.000000e+00
   1.351936e+00   2.076400e+06   7.450000e+02   0.000000e+00  -2.256964e-01  -4.234671e-01  -5.695618e-01  -6.519563e-01  -6.798042e-01  -6.858834e-01  -7.137312e-01  -7.961257e-01  -9.422204e-01  -1.139991e+00  -1.365687e+00   0.000000e+00   2.707156e-01   5.338411e-01   7.740516e-01   9.644446e-01   1.071749e+00   1.071749e+00   9.644446e-01   7.740516e-01   5.338411e-01   2.707156e-01   0.000000e+00
   1.353331e+00   2.077600e+06   7.460000e+02   0.000000e+00  -2.260808e-01  -4.242018e-01  -5.705725e-01  -6.531339e-01  -6.810413e-01  -6.871338e-01  -7.150411e-01  -7.976025e-01  -9.439732e-01  -1.142094e+00  -1.368175e+00   0.000000e+00   2.707980e-01   5.340356e-01   7.743975e-01   9.649531e-01   1.072368e+00   1.072367e+00   9.649531e-01   7.743975e-01   5.340356e-01   2.707980e-01   0.000000e+00
   1.354725e+00   2.078700e+06   7.470000e+02   0.000000e+00  -2.264651e-01  -4.249363e-01  -5.715831e-01  -6.543115e-01  -6.822784e-01  -6.883842e-01  -7.163511e-01  -7.990795e-01  -9.457263e-01  -1.144197e+00  -1.370662e+00   0.000000e+00   2.708797e-01   5.342289e-01   7.747420e-01   9.654599e-01   1.072984e+00   1.072984e+00   9.654599e-01   7.747420e-01   5.342289e-01   2.708797e-01   0.000000e+00
   1.356118e+00   2.079900e+06   7.480000e+02   0.000000e+00  -2.268493e-01  -4.256706e-01  -5.725935e-01  -6.554890e-01  -6.835155e-01  -6.896346e-01  -7.176611e-01  -8.005565e-01  -9.474794e-01  -1.146301e+00  -1.373150e+00   0.000000e+00   2.709609e-01   5.344212e-01   7.750850e-01   9.659650e-01   1.073599e+00   1.073599e+00   9.659650e-01   7.750850e-01   5.344212e-01   2.709609e-01   0.000000e+00
   1.357511e+00   2.081100e+06   7.490000e+02   0.000000e+00  -2.272333e-01  -4.264047e-01  -5.736039e-01  -6.566664e-01  -6.847525e-01  -6.908851e-01  -7.189711e-01  -8.020337e-01  -9.492328e-01  -1.148404e+00  -1.375638e+00   0.000000e+00   2.710415e-01   5.346123e-01   7.754265e-01   9.664684e-01   1.074212e+00   1.074212e+00   9.664684e-01   7.754265e-01   5.346123e-01   2.710415e-01   0.000000e+00
   1.358902e+00   2.082300e+06   7.500000e+02   0.000000e+00  -2.276173e-01  -4.271388e-01  -5.746141e-01  -6.578438e-01  -6.859896e-01  -6.921355e-01  -7.202812e-01  -8.035110e-01  -9.509863e-01  -1.150508e+00  -1.378125e+00   0.000000e+00   2.711216e-01   5.348024e-01   7.757666e-01   9.669702e-01   1.074824e+00   1.074824e+00   9.669702e-01   7.757665e-01   5.348024e-01   2.711216e-01   0.000000e+00
   1.360293e+00   2.083400e+06   7.510000e+02   0.000000e+00  -2.280011e-01  -4.278726e-01  -5.756242e-01  -6.590212e-01  -6.872267e-01  -6.933859e-01  -7.215913e-01  -8.049884e-01  -9.527399e-01  -1.152611e+00  -1.380613e+00   0.000000e+00   2.712011e-01   5.349914e-01   7.761052e-01   9.674703e-01   1.075434e+00   1.075433e+00   9.674703e-01   7.761051e-01   5.349914e-01   2.712011e-01   0.000000e+00
   1.361683e+00   2.084600e+06   7.520000e+02   0.000000e+00  -2.283849e-01  -4.286063e-01  -5.766341e-01  -6.601985e-01  -6.884637e-01  -6.946364e-01  -7.229015e-01  -8.064659e-01  -9.544937e-01  -1.154715e+00  -1.383100e+00   0.000000e+00   2.712799e-01   5.351793e-01   7.764423e-01   9.679687e-01   1.076042e+00   1.076041e+00   9.679687e-01   7.764423e-01   5.351793e-01   2.712799e-01   0.000000e+00
   1.363072e+00   2.085800e+06   7.530000e+02   0.000000e+00  -2.287685e-01  -4.293398e-01  -5.776440e-01  -6.613758e-01  -6.897008e-01  -6.958868e-01  -7.242117e-01  -8.079436e-01  -9.562477e-01  -1.156819e+00  -1.385587e+00   0.000000e+00   2.713583e-01   5.353662e-01   7.767780e-01   9.684655e-01   1.076648e+00   1.076648e+00   9.684655e-01   7.767780e-01   5.353662e-01   2.713583e-01   0.000000e+00
   1.364461e+00   2.087000e+06   7.540000e+02   0.000000e+00  -2.291520e-01  -4.300732e-01  -5.786537e-01  -6.625530e-01  -6.909378e-01  -6.971373e-01  -7.255220e-01  -8.094213e-01  -9.580019e-01  -1.158923e+00  -1.388075e+00   0.000000e+00   2.714360e-01   5.355520e-01   7.771122e-01   9.689607e-01   1.077252e+00   1.077252e+00   9.689606e-01   7.771122e-01   5.355519e-01   2.714360e-01   0.000000e+00
   1.365848e+00   2.088100e+06   7.550000e+02   0.000000e+00  -2.295354e-01  -4.308064e-01  -5.796633e-01  -6.637302e-01  -6.921749e-01  -6.983877e-01  -7.268323e-01  -8.108992e-01  -9.597562e-01  -1.161027e+00  -1.390562e+00   0.000000e+00   2.715132e-01   5.357366e-01   7.774450e-01   9.694541e-01   1.077855e+00   1.077855e+00   9.694541e-01   7.774450e-01   5.357366e-01   2.715132e-01   0.000000e+00
   1.367235e+00   2.089300e+06   7.560000e+02   0.000000e+00  -2.299186e-01  -4.315394e-01  -5.806728e-01  -6.649073e-01  -6.934119e-01  -6.996382e-01  -7.281427e-01  -8.123772e-01  -9.615106e-01  -1.163131e+00  -1.393050e+00   0.000000e+00   2.715898e-01   5.359203e-01   7.777763e-01   9.699460e-01   1.078456e+00   1.078456e+00   9.699459e-01   7.777763e-01   5.359203e-01   2.715898e-01   0.000000e+00
   1.368621e+00   2.090500e+06   7.570000e+02   0.000000e+00  -2.303018e-01  -4.322723e-01  -5.816821e-01  -6.660844e-01  -6.946489e-01  -7.008887e-01  -7.294531e-01  -8.138554e-01  -9.632652e-01  -1.165236e+00  -1.395538e+00   0.000000e+00   2.716659e-01   5.361028e-01   7.781062e-01   9.704361e-01   1.079056e+00   1.079056e+00   9.704361e-01   7.781062e-01   5.361028e-01   2.716659e-01   0.000000e+00
   1.370006e+00   2.091700e+06   7.580000e+02   0.000000e+00  -2.306848e-01  -4.330050e-01  -5.826914e-01  -6.672614e-01  -6.958859e-01  -7.021392e-01  -7.307636e-01  -8.153336e-01  -9.650200e-01  -1.167340e+00  -1.398025e+00   0.000000e+00   2.717414e-01   5.362843e-01   7.784347e-01   9.709247e-01   1.079654e+00   1.079653e+00   9.709247e-01   7.784347e-01   5.362843e-01   2.717414e-01   0.000000e+00
   1.371390e+00   2.092900e+06   7.590000e+02   0.000000e+00  -2.310678e-01  -4.337376e-01  -5.837005e-01  -6.684384e-01  -6.971230e-01  -7.033896e-01  -7.320741e-01  -8.168120e-01  -9.667750e-01  -1.169445e+00  -1.400513e+00   0.000000e+00   2.718163e-01   5.364647e-01   7.787617e-01   9.714116e-01   1.080250e+00   1.080249e+00   9.714115e-01   7.787617e-01   5.364647e-01   2.718163e-01   0.000000e+00
   1.372774e+00   2.094100e+06   7.600000e+02   0.000000e+00  -2.314506e-01  -4.344699e-01  -5.847095e-01  -6.696154e-01  -6.983600e-01  -7.046401e-01  -7.333847e-01  -8.182905e-01  -9.685301e-01  -1.171549e+00  -1.403000e+00   0.000000e+00   2.718906e-01   5.366440e-01   7.790872e-01   9.718968e-01   1.080844e+00   1.080844e+00   9.718968e-01   7.790872e-01   5.366440e-01   2.718906e-01   0.000000e+00
   1.374157e+00   2.095300e+06   7.610000e+02   0.000000e+00  -2.318333e-01  -4.352022e-01  -5.857184e-01  -6.707923e-01  -6.995970e-01  -7.058906e-01  -7.346953e-01  -8.197692e-01  -9.702853e-01  -1.173654e+00  -1.405488e+00   0.000000e+00   2.719644e-01   5.368223e-01   7.794114e-01   9.723804e-01   1.081436e+00   1.081436e+00   9.723804e-01   7.794114e-01   5.368223e-01   2.719644e-01   0.000000e+00
   1.375538e+00   2.096400e+06   7.620000e+02   0.000000e+00  -2.322159e-01  -4.359342e-01  -5.867271e-01  -6.719691e-01  -7.008340e-01  -7.071411e-01  -7.360059e-01  -8.212479e-01  -9.720408e-01  -1.175759e+00  -1.407975e+00   0.000000e+00   2.720376e-01   5.369995e-01   7.797341e-01   9.728624e-01   1.082027e+00   1.082027e+00   9.728624e-01   7.797340e-01   5.369995e-01   2.720376e-01   0.000000e+00
   1.376920e+00   2.097600e+06   7.630000e+02   0.000000e+00  -2.325983e-01  -4.366662e-01  -5.877357e-01  -6.731459e-01  -7.020710e-01  -7.083916e-01  -7.373166e-01  -8.227268e-01  -9.737964e-01  -1.177864e+00  -1.410462e+00   0.000000e+00   2.721103e-01   5.371756e-01   7.800553e-01   9.733428e-01   1.082616e+00   1.082616e+00   9.733427e-01   7.800553e-01   5.371756e-01   2.721103e-01   0.000000e+00
   1.378300e+00   2.098800e+06   7.640000e+02   0.000000e+00  -2.329807e-01  -4.373979e-01  -5.887442e-01  -6.743226e-01  -7.033079e-01  -7.096421e-01  -7.386274e-01  -8.242058e-01  -9.755521e-01  -1.179969e+00  -1.412950e+00   0.000000e+00   2.721824e-01   5.373507e-01   7.803751e-01   9.738215e-01   1.083204e+00   1.083204e+00   9.738215e-01   7.803751e-01   5.373507e-01   2.721824e-01   0.000000e+00
   1.379680e+00   2.100000e+06   7.650000e+02   0.000000e+00  -2.333629e-01  -4.381295e-01  -5.897526e-01  -6.754993e-01  -7.045449e-01  -7.108927e-01  -7.399382e-01  -8.256849e-01  -9.773080e-01  -1.182075e+00  -1.415437e+00   0.000000e+00   2.722539e-01   5.375247e-01   7.806935e-01   9.742986e-01   1.083790e+00   1.083790e+00   9.742985e-01   7.806935e-01   5.375247e-01   2.722539e-01   0.000000e+00
   1.381058e+00   2.101200e+06   7.660000e+02   0.000000e+00  -2.337451e-01  -4.388609e-01  -5.907608e-01  -6.766760e-01  -7.057819e-01  -7.121432e-01  -7.412490e-01  -8.271642e-01  -9.790641e-01  -1.184180e+00  -1.417925e+00   0.000000e+00   2.723249e-01   5.376977e-01   7.810105e-01   9.747740e-01   1.084374e+00   1.084374e+00   9.747740e-01   7.810105e-01   5.376977e-01   2.723249e-01   0.000000e+00
   1.382436e+00   2.102400e+06   7.670000e+02   0.000000e+00  -2.341271e-01  -4.395922e-01  -5.917690e-01  -6.778526e-01  -7.070189e-01  -7.133937e-01  -7.425599e-01  -8.286436e-01  -9.808204e-01  -1.186285e+00  -1.420413e+00   0.000000e+00   2.723953e-01   5.378696e-01   7.813261e-01   9.752479e-01   1.084956e+00   1.084956e+00   9.752479e-01   7.813260e-01   5.378696e-01   2.723953e-01   0.000000e+00
   1.383814e+00   2.103600e+06   7.680000e+02   0.000000e+00  -2.345090e-01  -4.403233e-01  -5.927770e-01  -6.790291e-01  -7.082558e-01  -7.146443e-01  -7.438709e-01  -8.301231e-01  -9.825768e-01  -1.188391e+00  -1.422900e+00   0.000000e+00   2.724652e-01   5.380405e-01   7.816402e-01   9.757201e-01   1.085537e+00   1.085537e+00   9.757201e-01   7.816402e-01   5.380405e-01   2.724652e-01   0.000000e+00
   1.385190e+00   2.104800e+06   7.690000e+02   0.000000e+00  -2.348908e-01  -4.410542e-01  -5.937849e-01  -6.802056e-01  -7.094928e-01  -7.158948e-01  -7.451819e-01  -8.316027e-01  -9.843333e-01  -1.190497e+00  -1.425388e+00   0.000000e+00   2.725345e-01   5.382103e-01   7.819529e-01   9.761907e-01   1.086116e+00   1.086116e+00   9.761907e-01   7.819529e-01   5.382103e-01   2.725345e-01   0.000000e+00
   1.386566e+00   2.106000e+06   7.700000e+02   0.000000e+00  -2.352724e-01  -4.417850e-01  -5.947926e-01  -6.813821e-01  -7.107297e-01  -7.171454e-01  -7.464929e-01  -8.330824e-01  -9.860901e-01  -1.192603e+00  -1.427875e+00   0.000000e+00   2.726033e-01   5.383790e-01   7.822642e-01   9.766597e-01   1.086694e+00   1.086693e+00   9.766597e-01   7.822642e-01   5.383790e-01   2.726033e-01   0.000000e+00
   1.387941e+00   2.107200e+06   7.710000e+02   0.000000e+00  -2.356540e-01  -4.425156e-01  -5.958002e-01  -6.825585e-01  -7.119667e-01  -7.183959e-01  -7.478040e-01  -8.345623e-01  -9.878470e-01  -1.194709e+00  -1.430362e+00   0.000000e+00   2.726715e-01   5.385467e-01   7.825740e-01   9.771271e-01   1.087269e+00   1.087269e+00   9.771270e-01   7.825740e-01   5.385467e-01   2.726715e-01   0.000000e+00
   1.389315e+00   2.108400e+06   7.720000e+02   0.000000e+00  -2.360354e-01  -4.432460e-01  -5.968078e-01  -6.837349e-01  -7.132036e-01  -7.196465e-01  -7.491152e-01  -8.360423e-01  -9.896040e-01  -1.196815e+00  -1.432850e+00   0.000000e+00   2.727391e-01   5.387134e-01   7.828825e-01   9.775928e-01   1.087843e+00   1.087843e+00   9.775928e-01   7.828825e-01   5.387134e-01   2.727391e-01   0.000000e+00
   1.390688e+00   2.109600e+06   7.730000e+02   0.000000e+00  -2.364167e-01  -4.439763e-01  -5.978151e-01  -6.849112e-01  -7.144405e-01  -7.208971e-01  -7.504264e-01  -8.375224e-01  -9.913613e-01  -1.198921e+00  -1.435337e+00   0.000000e+00   2.728062e-01   5.388790e-01   7.831895e-01   9.780570e-01   1.088416e+00   1.088415e+00   9.780570e-01   7.831895e-01   5.388790e-01   2.728062e-01   0.000000e+00
   1.392061e+00   2.110800e+06   7.740000e+02   0.000000e+00  -2.367979e-01  -4.447064e-01  -5.988224e-01  -6.860874e-01  -7.156775e-01  -7.221476e-01  -7.517376e-01  -8.390026e-01  -9.931186e-01  -1.201027e+00  -1.437825e+00   0.000000e+00   2.728727e-01   5.390435e-01   7.834952e-01   9.785195e-01   1.088986e+00   1.088986e+00   9.785195e-01   7.834951e-01   5.390435e-01   2.728727e-01   0.000000e+00
   1.393433e+00   2.112000e+06   7.750000e+02   0.000000e+00  -2.371790e-01  -4.454363e-01  -5.998295e-01  -6.872637e-01  -7.169144e-01  -7.233982e-01  -7.530489e-01  -8.404830e-01  -9.948762e-01  -1.203133e+00  -1.440313e+00   0.000000e+00   2.729387e-01   5.392070e-01   7.837994e-01   9.789805e-01   1.089555e+00   1.089555e+00   9.789805e-01   7.837994e-01   5.392070e-01   2.729387e-01   0.000000e+00
   1.394804e+00   2.113200e+06   7.760000e+02   0.000000e+00  -2.375600e-01  -4.461661e-01  -6.008365e-01  -6.884398e-01  -7.181513e-01  -7.246488e-01  -7.543602e-01  -8.419635e-01  -9.966339e-01  -1.205240e+00  -1.442800e+00   0.000000e+00   2.730042e-01   5.393695e-01   7.841022e-01   9.794398e-01   1.090123e+00   1.090123e+00   9.794398e-01   7.841022e-01   5.393695e-01   2.730042e-01   0.000000e+00
   1.396174e+00   2.114400e+06   7.770000e+02   0.000000e+00  -2.379408e-01  -4.468957e-01  -6.018434e-01  -6.896159e-01  -7.193882e-01  -7.258994e-01  -7.556716e-01  -8.434441e-01  -9.983918e-01  -1.207347e+00  -1.445288e+00   0.000000e+00   2.730690e-01   5.395309e-01   7.844036e-01   9.798976e-01   1.090689e+00   1.090688e+00   9.798976e-01   7.844036e-01   5.395309e-01   2.730690e-01   0.000000e+00
   1.397544e+00   2.115700e+06   7.780000e+02   0.000000e+00  -2.383216e-01  -4.476252e-01  -6.028502e-01  -6.907920e-01  -7.206251e-01  -7.271500e-01  -7.569830e-01  -8.449249e-01  -1.000150e+00  -1.209453e+00  -1.447775e+00   0.000000e+00   2.731334e-01   5.396913e-01   7.847036e-01   9.803537e-01   1.091253e+00   1.091252e+00   9.803537e-01   7.847036e-01   5.396913e-01   2.731334e-01   0.000000e+00
   1.398913e+00   2.116900e+06   7.790000e+02   0.000000e+00  -2.387022e-01  -4.483545e-01  -6.038568e-01  -6.919680e-01  -7.218620e-01  -7.284006e-01  -7.582945e-01  -8.464057e-01  -1.001908e+00  -1.211560e+00  -1.450263e+00   0.000000e+00   2.731972e-01   5.398507e-01   7.850022e-01   9.808083e-01   1.091815e+00   1.091815e+00   9.808083e-01   7.850022e-01   5.398507e-01   2.731972e-01   0.000000e+00
   1.400281e+00   2.118100e+06   7.800000e+02   0.000000e+00  -2.390827e-01  -4.490836e-01  -6.048633e-01  -6.931440e-01  -7.230989e-01  -7.296512e-01  -7.596061e-01  -8.478867e-01  -1.003666e+00  -1.213667e+00  -1.452750e+00   0.000000e+00   2.732604e-01   5.400090e-01   7.852995e-01   9.812613e-01   1.092376e+00   1.092376e+00   9.812613e-01   7.852994e-01   5.400090e-01   2.732604e-01   0.000000e+00
   1.401649e+00   2.119300e+06   7.810000e+02   0.000000e+00  -2.394631e-01  -4.498126e-01  -6.058697e-01  -6.943199e-01  -7.243358e-01  -7.309018e-01  -7.609176e-01  -8.493679e-01  -1.005425e+00  -1.215774e+00  -1.455237e+00   0.000000e+00   2.733231e-01   5.401663e-01   7.855953e-01   9.817126e-01   1.092935e+00   1.092935e+00   9.817126e-01   7.855953e-01   5.401663e-01   2.733231e-01   0.000000e+00
   1.403015e+00   2.120500e+06   7.820000e+02   0.000000e+00  -2.398434e-01  -4.505414e-01  -6.068759e-01  -6.954958e-01  -7.255726e-01  -7.321525e-01  -7.622293e-01  -8.508491e-01  -1.007184e+00  -1.217882e+00  -1.457725e+00   0.000000e+00   2.733852e-01   5.403225e-01   7.858897e-01   9.821624e-01   1.093492e+00   1.093492e+00   9.821624e-01   7.858897e-01   5.403225e-01   2.733852e-01   0.000000e+00
   1.404381e+00   2.121700e+06   7.830000e+02   0.000000e+00  -2.402235e-01  -4.512700e-01  -6.078821e-01  -6.966716e-01  -7.268095e-01  -7.334031e-01  -7.635409e-01  -8.523305e-01  -1.008943e+00  -1.219989e+00  -1.460212e+00   0.000000e+00   2.734468e-01   5.404778e-01   7.861827e-01   9.826107e-01   1.094048e+00   1.094048e+00   9.826106e-01   7.861827e-01   5.404778e-01   2.734468e-01   0.000000e+00
   1.405746e+00   2.122900e+06   7.840000e+02   0.000000e+00  -2.406036e-01  -4.519984e-01  -6.088881e-01  -6.978474e-01  -7.280464e-01  -7.346537e-01  -7.648527e-01  -8.538120e-01  -1.010702e+00  -1.222096e+00  -1.462700e+00   0.000000e+00   2.735079e-01   5.406320e-01   7.864744e-01   9.830573e-01   1.094602e+00   1.094602e+00   9.830573e-01   7.864744e-01   5.406320e-01   2.735079e-01   0.000000e+00
   1.407111e+00   2.124200e+06   7.850000e+02   0.000000e+00  -2.409835e-01  -4.527267e-01  -6.098939e-01  -6.990231e-01  -7.292832e-01  -7.359044e-01  -7.661645e-01  -8.552936e-01  -1.012461e+00  -1.224204e+00  -1.465188e+00   0.000000e+00   2.735684e-01   5.407851e-01   7.867646e-01   9.835023e-01   1.095155e+00   1.095155e+00   9.835023e-01   7.867646e-01   5.407851e-01   2.735684e-01   0.000000e+00
   1.408475e+00   2.125400e+06   7.860000e+02   0.000000e+00  -2.413633e-01  -4.534549e-01  -6.108997e-01  -7.001987e-01  -7.305201e-01  -7.371550e-01  -7.674763e-01  -8.567754e-01  -1.014220e+00  -1.226312e+00  -1.467675e+00   0.000000e+00   2.736284e-01   5.409373e-01   7.870535e-01   9.839458e-01   1.095706e+00   1.095706e+00   9.839458e-01   7.870535e-01   5.409372e-01   2.736284e-01   0.000000e+00
   1.409838e+00   2.126600e+06   7.870000e+02   0.000000e+00  -2.417430e-01  -4.541828e-01  -6.119053e-01  -7.013744e-01  -7.317569e-01  -7.384057e-01  -7.687882e-01  -8.582572e-01  -1.015980e+00  -1.228420e+00  -1.470163e+00   0.000000e+00   2.736878e-01   5.410884e-01   7.873410e-01   9.843877e-01   1.096255e+00   1.096255e+00   9.843877e-01   7.873410e-01   5.410884e-01   2.736878e-01   0.000000e+00
   1.411200e+00   2.127800e+06   7.880000e+02   0.000000e+00  -2.421226e-01  -4.549106e-01  -6.129108e-01  -7.025499e-01  -7.329938e-01  -7.396563e-01  -7.701001e-01  -8.597392e-01  -1.017739e+00  -1.230527e+00  -1.472650e+00   0.000000e+00   2.737467e-01   5.412384e-01   7.876271e-01   9.848280e-01   1.096803e+00   1.096803e+00   9.848280e-01   7.876271e-01   5.412384e-01   2.737467e-01   0.000000e+00
   1.412561e+00   2.129100e+06   7.890000e+02   0.000000e+00  -2.425020e-01  -4.556383e-01  -6.139162e-01  -7.037255e-01  -7.342306e-01  -7.409070e-01  -7.714121e-01  -8.612214e-01  -1.019499e+00  -1.232635e+00  -1.475137e+00   0.000000e+00   2.738051e-01   5.413875e-01   7.879118e-01   9.852668e-01   1.097349e+00   1.097349e+00   9.852668e-01   7.879118e-01   5.413875e-01   2.738051e-01   0.000000e+00
   1.413922e+00   2.130300e+06   7.900000e+02   0.000000e+00  -2.428814e-01  -4.563657e-01  -6.149214e-01  -7.049009e-01  -7.354674e-01  -7.421577e-01  -7.727241e-01  -8.627036e-01  -1.021259e+00  -1.234744e+00  -1.477625e+00   0.000000e+00   2.738629e-01   5.415355e-01   7.881951e-01   9.857040e-01   1.097893e+00   1.097893e+00   9.857039e-01   7.881951e-01   5.415355e-01   2.738629e-01   0.000000e+00
   1.415282e+00   2.131500e+06   7.910000e+02   0.000000e+00  -2.432606e-01  -4.570930e-01  -6.159265e-01  -7.060764e-01  -7.367042e-01  -7.434084e-01  -7.740362e-01  -8.641860e-01  -1.023019e+00  -1.236852e+00  -1.480112e+00   0.000000e+00   2.739201e-01   5.416826e-01   7.884771e-01   9.861396e-01   1.098436e+00   1.098436e+00   9.861396e-01   7.884771e-01   5.416826e-01   2.739201e-01   0.000000e+00
   1.416642e+00   2.132800e+06   7.920000e+02   0.000000e+00  -2.436397e-01  -4.578202e-01  -6.169315e-01  -7.072517e-01  -7.379411e-01  -7.446590e-01  -7.753483e-01  -8.656685e-01  -1.024780e+00  -1.238960e+00  -1.482600e+00   0.000000e+00   2.739769e-01   5.418286e-01   7.887577e-01   9.865736e-01   1.098977e+00   1.098977e+00   9.865736e-01   7.887577e-01   5.418286e-01   2.739769e-01   0.000000e+00
   1.418001e+00   2.134000e+06   7.930000e+02   0.000000e+00  -2.440187e-01  -4.585471e-01  -6.179363e-01  -7.084270e-01  -7.391779e-01  -7.459097e-01  -7.766605e-01  -8.671512e-01  -1.026540e+00  -1.241069e+00  -1.485087e+00   0.000000e+00   2.740331e-01   5.419736e-01   7.890369e-01   9.870061e-01   1.099517e+00   1.099517e+00   9.870061e-01   7.890369e-01   5.419735e-01   2.740331e-01   0.000000e+00
   1.419359e+00   2.135200e+06   7.940000e+02   0.000000e+00  -2.443975e-01  -4.592739e-01  -6.189411e-01  -7.096023e-01  -7.404147e-01  -7.471604e-01  -7.779727e-01  -8.686340e-01  -1.028301e+00  -1.243177e+00  -1.487575e+00   0.000000e+00   2.740887e-01   5.421175e-01   7.893148e-01   9.874370e-01   1.100055e+00   1.100054e+00   9.874370e-01   7.893147e-01   5.421175e-01   2.740887e-01   0.000000e+00
   1.420716e+00   2.136500e+06   7.950000e+02   0.000000e+00  -2.447763e-01  -4.600005e-01  -6.199457e-01  -7.107775e-01  -7.416515e-01  -7.484111e-01  -7.792850e-01  -8.701169e-01  -1.030062e+00  -1.245286e+00  -1.490063e+00   0.000000e+00   2.741439e-01   5.422605e-01   7.895912e-01   9.878664e-01   1.100591e+00   1.100591e+00   9.878664e-01   7.895912e-01   5.422605e-01   2.741439e-01   0.000000e+00
   1.422072e+00   2.137700e+06   7.960000e+02   0.000000e+00  -2.451549e-01  -4.607270e-01  -6.209501e-01  -7.119527e-01  -7.428882e-01  -7.496619e-01  -7.805973e-01  -8.715999e-01  -1.031823e+00  -1.247395e+00  -1.492550e+00   0.000000e+00   2.741984e-01   5.424024e-01   7.898663e-01   9.882942e-01   1.101126e+00   1.101125e+00   9.882942e-01   7.898663e-01   5.424024e-01   2.741984e-01   0.000000e+00
   1.423428e+00   2.138900e+06   7.970000e+02   0.000000e+00  -2.455334e-01  -4.614533e-01  -6.219545e-01  -7.131278e-01  -7.441250e-01  -7.509126e-01  -7.819097e-01  -8.730831e-01  -1.033584e+00  -1.249504e+00  -1.495038e+00   0.000000e+00   2.742525e-01   5.425433e-01   7.901401e-01   9.887205e-01   1.101659e+00   1.101659e+00   9.887205e-01   7.901401e-01   5.425433e-01   2.742525e-01   0.000000e+00
   1.424784e+00   2.140200e+06   7.980000e+02   0.000000e+00  -2.459118e-01  -4.621794e-01  -6.229587e-01  -7.143029e-01  -7.453618e-01  -7.521633e-01  -7.832222e-01  -8.745663e-01  -1.035346e+00  -1.251613e+00  -1.497525e+00   0.000000e+00   2.743060e-01   5.426833e-01   7.904125e-01   9.891452e-01   1.102190e+00   1.102190e+00   9.891452e-01   7.904125e-01   5.426833e-01   2.743060e-01   0.000000e+00
   1.426138e+00   2.141400e+06   7.990000e+02   0.000000e+00  -2.462901e-01  -4.629054e-01  -6.239628e-01  -7.154779e-01  -7.465986e-01  -7.534140e-01  -7.845346e-01  -8.760498e-01  -1.037107e+00  -1.253722e+00  -1.500012e+00   0.000000e+00   2.743590e-01   5.428222e-01   7.906835e-01   9.895684e-01   1.102720e+00   1.102720e+00   9.895684e-01   7.906835e-01   5.428222e-01   2.743590e-01   0.000000e+00
   1.427492e+00   2.142600e+06   8.000000e+02   0.000000e+00  -2.466683e-01  -4.636312e-01  -6.249667e-01  -7.166529e-01  -7.478353e-01  -7.546648e-01  -7.858472e-01  -8.775333e-01  -1.038869e+00  -1.255832e+00  -1.502500e+00   0.000000e+00   2.744115e-01   5.429601e-01   7.909531e-01   9.899900e-01   1.103248e+00   1.103248e+00   9.899900e-01   7.909531e-01   5.429601e-01   2.744115e-01   0.000000e+00
   1.428845e+00   2.143900e+06   8.010000e+02   0.000000e+00  -2.470463e-01  -4.643568e-01  -6.259706e-01  -7.178278e-01  -7.490721e-01  -7.559155e-01  -7.871598e-01  -8.790170e-01  -1.040631e+00  -1.257941e+00  -1.504987e+00   0.000000e+00   2.744634e-01   5.430970e-01   7.912214e-01   9.904101e-01   1.103775e+00   1.103775e+00   9.904100e-01   7.912214e-01   5.430970e-01   2.744634e-01   0.000000e+00
   1.430197e+00   2.145100e+06   8.020000e+02   0.000000e+00  -2.474242e-01  -4.650822e-01  -6.269742e-01  -7.190027e-01  -7.503088e-01  -7.571663e-01  -7.884724e-01  -8.805008e-01  -1.042393e+00  -1.260051e+00  -1.507475e+00   0.000000e+00   2.745148e-01   5.432329e-01   7.914884e-01   9.908286e-01   1.104300e+00   1.104300e+00   9.908286e-01   7.914884e-01   5.432329e-01   2.745148e-01   0.000000e+00
   1.431549e+00   2.146400e+06   8.030000e+02   0.000000e+00  -2.478020e-01  -4.658075e-01  -6.279778e-01  -7.201775e-01  -7.515456e-01  -7.584170e-01  -7.897851e-01  -8.819847e-01  -1.044155e+00  -1.262161e+00  -1.509963e+00   0.000000e+00   2.745657e-01   5.433678e-01   7.917540e-01   9.912456e-01   1.104824e+00   1.104823e+00   9.912456e-01   7.917540e-01   5.433678e-01   2.745657e-01   0.000000e+00
   1.432900e+00   2.147600e+06   8.040000e+02   0.000000e+00  -2.481797e-01  -4.665326e-01  -6.289813e-01  -7.213522e-01  -7.527823e-01  -7.596678e-01  -7.910978e-01  -8.834688e-01  -1.045917e+00  -1.264270e+00  -1.512450e+00   0.000000e+00   2.746160e-01   5.435017e-01   7.920182e-01   9.916610e-01   1.105345e+00   1.105345e+00   9.916610e-01   7.920182e-01   5.435017e-01   2.746160e-01   0.000000e+00
   1.434251e+00   2.148900e+06   8.050000e+02   0.000000e+00  -2.485573e-01  -4.672576e-01  -6.299846e-01  -7.225269e-01  -7.540190e-01  -7.609186e-01  -7.924106e-01  -8.849530e-01  -1.047680e+00  -1.266380e+00  -1.514938e+00   0.000000e+00   2.746658e-01   5.436345e-01   7.922811e-01   9.920749e-01   1.105866e+00   1.105866e+00   9.920749e-01   7.922811e-01   5.436345e-01   2.746658e-01   0.000000e+00
   1.435600e+00   2.150100e+06   8.060000e+02   0.000000e+00  -2.489347e-01  -4.679823e-01  -6.309877e-01  -7.237016e-01  -7.552558e-01  -7.621693e-01  -7.937234e-01  -8.864373e-01  -1.049443e+00  -1.268490e+00  -1.517425e+00   0.000000e+00   2.747151e-01   5.437664e-01   7.925426e-01   9.924873e-01   1.106384e+00   1.106384e+00   9.924873e-01   7.925426e-01   5.437664e-01   2.747151e-01   0.000000e+00
   1.436949e+00   2.151400e+06   8.070000e+02   0.000000e+00  -2.493120e-01  -4.687069e-01  -6.319908e-01  -7.248762e-01  -7.564925e-01  -7.634201e-01  -7.950363e-01  -8.879218e-01  -1.051206e+00  -1.270600e+00  -1.519912e+00   0.000000e+00   2.747639e-01   5.438973e-01   7.928028e-01   9.928982e-01   1.106902e+00   1.106901e+00   9.928981e-01   7.928028e-01   5.438973e-01   2.747639e-01   0.000000e+00
   1.438298e+00   2.152600e+06   8.080000e+02   0.000000e+00  -2.496892e-01  -4.694314e-01  -6.329937e-01  -7.260508e-01  -7.577292e-01  -7.646709e-01  -7.963493e-01  -8.894063e-01  -1.052969e+00  -1.272711e+00  -1.522400e+00   0.000000e+00   2.748121e-01   5.440272e-01   7.930616e-01   9.933075e-01   1.107417e+00   1.107417e+00   9.933075e-01   7.930616e-01   5.440272e-01   2.748121e-01   0.000000e+00
   1.439645e+00   2.153900e+06   8.090000e+02   0.000000e+00  -2.500663e-01  -4.701556e-01  -6.339965e-01  -7.272253e-01  -7.589659e-01  -7.659217e-01  -7.976623e-01  -8.908911e-01  -1.054732e+00  -1.274821e+00  -1.524887e+00   0.000000e+00   2.748598e-01   5.441561e-01   7.933191e-01   9.937153e-01   1.107931e+00   1.107931e+00   9.937152e-01   7.933191e-01   5.441561e-01   2.748598e-01   0.000000e+00
   1.440992e+00   2.155100e+06   8.100000e+02   0.000000e+00  -2.504433e-01  -4.708797e-01  -6.349991e-01  -7.283997e-01  -7.602026e-01  -7.671725e-01  -7.989753e-01  -8.923759e-01  -1.056495e+00  -1.276932e+00  -1.527375e+00   0.000000e+00   2.749070e-01   5.442840e-01   7.935753e-01   9.941215e-01   1.108443e+00   1.108443e+00   9.941215e-01   7.935753e-01   5.442840e-01   2.749070e-01   0.000000e+00
   1.442339e+00   2.156400e+06   8.110000e+02   0.000000e+00  -2.508201e-01  -4.716036e-01  -6.360017e-01  -7.295741e-01  -7.614393e-01  -7.684233e-01  -8.002884e-01  -8.938609e-01  -1.058259e+00  -1.279042e+00  -1.529862e+00   0.000000e+00   2.749536e-01   5.444109e-01   7.938301e-01   9.945263e-01   1.108954e+00   1.108954e+00   9.945262e-01   7.938301e-01   5.444109e-01   2.749536e-01   0.000000e+00
   1.443684e+00   2.157700e+06   8.120000e+02   0.000000e+00  -2.511969e-01  -4.723274e-01  -6.370041e-01  -7.307485e-01  -7.626760e-01  -7.696741e-01  -8.016015e-01  -8.953460e-01  -1.060023e+00  -1.281153e+00  -1.532350e+00   0.000000e+00   2.749998e-01   5.445369e-01   7.940836e-01   9.949295e-01   1.109463e+00   1.109463e+00   9.949295e-01   7.940836e-01   5.445369e-01   2.749998e-01   0.000000e+00
   1.445029e+00   2.158900e+06   8.130000e+02   0.000000e+00  -2.515735e-01  -4.730510e-01  -6.380063e-01  -7.319228e-01  -7.639126e-01  -7.709250e-01  -8.029148e-01  -8.968312e-01  -1.061787e+00  -1.283264e+00  -1.534838e+00   0.000000e+00   2.750454e-01   5.446618e-01   7.943357e-01   9.953312e-01   1.109971e+00   1.109971e+00   9.953312e-01   7.943357e-01   5.446618e-01   2.750454e-01   0.000000e+00
   1.446374e+00   2.160200e+06   8.140000e+02   0.000000e+00  -2.519500e-01  -4.737744e-01  -6.390084e-01  -7.330970e-01  -7.651493e-01  -7.721758e-01  -8.042280e-01  -8.983166e-01  -1.063551e+00  -1.285375e+00  -1.537325e+00   0.000000e+00   2.750905e-01   5.447857e-01   7.945865e-01   9.957313e-01   1.110477e+00   1.110477e+00   9.957313e-01   7.945865e-01   5.447857e-01   2.750905e-01   0.000000e+00
   1.447717e+00   2.161500e+06   8.150000e+02   0.000000e+00  -2.523263e-01  -4.744976e-01  -6.400104e-01  -7.342712e-01  -7.663860e-01  -7.734266e-01  -8.055413e-01  -8.998021e-01  -1.065315e+00  -1.287486e+00  -1.539813e+00   0.000000e+00   2.751351e-01   5.449087e-01   7.948360e-01   9.961300e-01   1.110982e+00   1.110981e+00   9.961300e-01   7.948360e-01   5.449087e-01   2.751351e-01   0.000000e+00
   1.449060e+00   2.162700e+06   8.160000e+02   0.000000e+00  -2.527026e-01  -4.752207e-01  -6.410123e-01  -7.354454e-01  -7.676226e-01  -7.746775e-01  -8.068547e-01  -9.012877e-01  -1.067079e+00  -1.289597e+00  -1.542300e+00   0.000000e+00   2.751791e-01   5.450307e-01   7.950841e-01   9.965271e-01   1.111485e+00   1.111484e+00   9.965271e-01   7.950841e-01   5.450307e-01   2.751791e-01   0.000000e+00
   1.450403e+00   2.164000e+06   8.170000e+02   0.000000e+00  -2.530787e-01  -4.759436e-01  -6.420140e-01  -7.366195e-01  -7.688593e-01  -7.759283e-01  -8.081681e-01  -9.027735e-01  -1.068844e+00  -1.291709e+00  -1.544787e+00   0.000000e+00   2.752226e-01   5.451516e-01   7.953309e-01   9.969228e-01   1.111986e+00   1.111986e+00   9.969228e-01   7.953309e-01   5.451516e-01   2.752226e-01   0.000000e+00
   1.451745e+00   2.165300e+06   8.180000e+02   0.000000e+00  -2.534547e-01  -4.766663e-01  -6.430157e-01  -7.377935e-01  -7.700959e-01  -7.771792e-01  -8.094815e-01  -9.042594e-01  -1.070609e+00  -1.293820e+00  -1.547275e+00   0.000000e+00   2.752657e-01   5.452716e-01   7.955764e-01   9.973169e-01   1.112486e+00   1.112485e+00   9.973169e-01   7.955764e-01   5.452716e-01   2.752657e-01   0.000000e+00
   1.453086e+00   2.166500e+06   8.190000e+02   0.000000e+00  -2.538306e-01  -4.773888e-01  -6.440171e-01  -7.389675e-01  -7.713326e-01  -7.784300e-01  -8.107950e-01  -9.057454e-01  -1.072374e+00  -1.295932e+00  -1.549762e+00   0.000000e+00   2.753082e-01   5.453907e-01   7.958205e-01   9.977095e-01   1.112984e+00   1.112984e+00   9.977095e-01   7.958205e-01   5.453907e-01   2.753082e-01   0.000000e+00
   1.454426e+00   2.167800e+06   8.200000e+02   0.000000e+00  -2.542064e-01  -4.781112e-01  -6.450185e-01  -7.401414e-01  -7.725692e-01  -7.796809e-01  -8.121086e-01  -9.072316e-01  -1.074139e+00  -1.298044e+00  -1.552250e+00   0.000000e+00   2.753501e-01   5.455087e-01   7.960634e-01   9.981006e-01   1.113481e+00   1.113480e+00   9.981006e-01   7.960634e-01   5.455087e-01   2.753501e-01   0.000000e+00
   1.455766e+00   2.169100e+06   8.210000e+02   0.000000e+00  -2.545820e-01  -4.788334e-01  -6.460197e-01  -7.413153e-01  -7.738058e-01  -7.809318e-01  -8.134222e-01  -9.087179e-01  -1.075904e+00  -1.300156e+00  -1.554738e+00   0.000000e+00   2.753916e-01   5.456258e-01   7.963049e-01   9.984902e-01   1.113976e+00   1.113976e+00   9.984902e-01   7.963049e-01   5.456258e-01   2.753916e-01   0.000000e+00
   1.457105e+00   2.170300e+06   8.220000e+02   0.000000e+00  -2.549575e-01  -4.795555e-01  -6.470207e-01  -7.424892e-01  -7.750424e-01  -7.821827e-01  -8.147359e-01  -9.102043e-01  -1.077670e+00  -1.302267e+00  -1.557225e+00   0.000000e+00   2.754326e-01   5.457418e-01   7.965450e-01   9.988783e-01   1.114469e+00   1.114469e+00   9.988783e-01   7.965450e-01   5.457418e-01   2.754326e-01   0.000000e+00
   1.458444e+00   2.171600e+06   8.230000e+02   0.000000e+00  -2.553329e-01  -4.802773e-01  -6.480217e-01  -7.436629e-01  -7.762791e-01  -7.834336e-01  -8.160496e-01  -9.116909e-01  -1.079435e+00  -1.304380e+00  -1.559713e+00   0.000000e+00   2.754730e-01   5.458569e-01   7.967839e-01   9.992649e-01   1.114961e+00   1.114961e+00   9.992649e-01   7.967839e-01   5.458569e-01   2.754730e-01   0.000000e+00
   1.459781e+00   2.172900e+06   8.240000e+02   0.000000e+00  -2.557082e-01  -4.809990e-01  -6.490225e-01  -7.448367e-01  -7.775157e-01  -7.846844e-01  -8.173634e-01  -9.131776e-01  -1.081201e+00  -1.306492e+00  -1.562200e+00   0.000000e+00   2.755129e-01   5.459711e-01   7.970214e-01   9.996500e-01   1.115452e+00   1.115452e+00   9.996500e-01   7.970214e-01   5.459711e-01   2.755129e-01   0.000000e+00
   1.461119e+00   2.174200e+06   8.250000e+02   0.000000e+00  -2.560834e-01  -4.817205e-01  -6.500232e-01  -7.460103e-01  -7.787523e-01  -7.859354e-01  -8.186772e-01  -9.146644e-01  -1.082967e+00  -1.308604e+00  -1.564688e+00   0.000000e+00   2.755523e-01   5.460842e-01   7.972576e-01   1.000034e+00   1.115941e+00   1.115941e+00   1.000034e+00   7.972576e-01   5.460842e-01   2.755523e-01   0.000000e+00
   1.462455e+00   2.175500e+06   8.260000e+02   0.000000e+00  -2.564584e-01  -4.824419e-01  -6.510237e-01  -7.471840e-01  -7.799889e-01  -7.871863e-01  -8.199911e-01  -9.161513e-01  -1.084733e+00  -1.310717e+00  -1.567175e+00   0.000000e+00   2.755912e-01   5.461964e-01   7.974925e-01   1.000416e+00   1.116428e+00   1.116428e+00   1.000416e+00   7.974925e-01   5.461964e-01   2.755912e-01   0.000000e+00
   1.463791e+00   2.176700e+06   8.270000e+02   0.000000e+00  -2.568333e-01  -4.831630e-01  -6.520241e-01  -7.483575e-01  -7.812254e-01  -7.884372e-01  -8.213050e-01  -9.176384e-01  -1.086499e+00  -1.312829e+00  -1.569662e+00   0.000000e+00   2.756296e-01   5.463076e-01   7.977261e-01   1.000796e+00   1.116914e+00   1.116914e+00   1.000796e+00   7.977261e-01   5.463076e-01   2.756296e-01   0.000000e+00
   1.465127e+00   2.178000e+06   8.280000e+02   0.000000e+00  -2.572081e-01  -4.838840e-01  -6.530244e-01  -7.495310e-01  -7.824620e-01  -7.896881e-01  -8.226190e-01  -9.191257e-01  -1.088266e+00  -1.314942e+00  -1.572150e+00   0.000000e+00   2.756675e-01   5.464178e-01   7.979584e-01   1.001175e+00   1.117398e+00   1.117398e+00   1.001175e+00   7.979584e-01   5.464178e-01   2.756675e-01   0.000000e+00
   1.466461e+00   2.179300e+06   8.290000e+02   0.000000e+00  -2.575828e-01  -4.846048e-01  -6.540245e-01  -7.507045e-01  -7.836986e-01  -7.909390e-01  -8.239330e-01  -9.206130e-01  -1.090033e+00  -1.317055e+00  -1.574637e+00   0.000000e+00   2.757048e-01   5.465271e-01   7.981894e-01   1.001553e+00   1.117881e+00   1.117881e+00   1.001553e+00   7.981894e-01   5.465271e-01   2.757048e-01   0.000000e+00
   1.467795e+00   2.180600e+06   8.300000e+02   0.000000e+00  -2.579574e-01  -4.853255e-01  -6.550245e-01  -7.518779e-01  -7.849352e-01  -7.921900e-01  -8.252471e-01  -9.221005e-01  -1.091800e+00  -1.319168e+00  -1.577125e+00   0.000000e+00   2.757417e-01   5.466354e-01   7.984190e-01   1.001929e+00   1.118362e+00   1.118362e+00   1.001929e+00   7.984190e-01   5.466354e-01   2.757417e-01   0.000000e+00
   1.469129e+00   2.181900e+06   8.310000e+02   0.000000e+00  -2.583318e-01  -4.860460e-01  -6.560244e-01  -7.530513e-01  -7.861717e-01  -7.934409e-01  -8.265613e-01  -9.235881e-01  -1.093567e+00  -1.321281e+00  -1.579613e+00   0.000000e+00   2.757780e-01   5.467427e-01   7.986474e-01   1.002304e+00   1.118842e+00   1.118842e+00   1.002304e+00   7.986474e-01   5.467427e-01   2.757780e-01   0.000000e+00
   1.470462e+00   2.183200e+06   8.320000e+02   0.000000e+00  -2.587061e-01  -4.867663e-01  -6.570241e-01  -7.542246e-01  -7.874083e-01  -7.946919e-01  -8.278755e-01  -9.250759e-01  -1.095334e+00  -1.323394e+00  -1.582100e+00   0.000000e+00   2.758138e-01   5.468491e-01   7.988744e-01   1.002677e+00   1.119320e+00   1.119320e+00   1.002677e+00   7.988744e-01   5.468491e-01   2.758138e-01   0.000000e+00
   1.471794e+00   2.184500e+06   8.330000e+02   0.000000e+00  -2.590803e-01  -4.874864e-01  -6.580237e-01  -7.553978e-01  -7.886448e-01  -7.959428e-01  -8.291897e-01  -9.265638e-01  -1.097101e+00  -1.325507e+00  -1.584588e+00   0.000000e+00   2.758491e-01   5.469545e-01   7.991001e-01   1.003049e+00   1.119797e+00   1.119796e+00   1.003049e+00   7.991001e-01   5.469545e-01   2.758491e-01   0.000000e+00
   1.473125e+00   2.185800e+06   8.340000e+02   0.000000e+00  -2.594544e-01  -4.882063e-01  -6.590232e-01  -7.565710e-01  -7.898813e-01  -7.971938e-01  -8.305040e-01  -9.280518e-01  -1.098869e+00  -1.327621e+00  -1.587075e+00   0.000000e+00   2.758840e-01   5.470589e-01   7.993246e-01   1.003419e+00   1.120272e+00   1.120271e+00   1.003419e+00   7.993246e-01   5.470589e-01   2.758840e-01   0.000000e+00
   1.474456e+00   2.187100e+06   8.350000e+02   0.000000e+00  -2.598283e-01  -4.889261e-01  -6.600225e-01  -7.577442e-01  -7.911179e-01  -7.984447e-01  -8.318184e-01  -9.295400e-01  -1.100636e+00  -1.329734e+00  -1.589562e+00   0.000000e+00   2.759183e-01   5.471624e-01   7.995477e-01   1.003788e+00   1.120745e+00   1.120745e+00   1.003788e+00   7.995477e-01   5.471624e-01   2.759183e-01   0.000000e+00
   1.475787e+00   2.188400e+06   8.360000e+02   0.000000e+00  -2.602021e-01  -4.896457e-01  -6.610217e-01  -7.589172e-01  -7.923544e-01  -7.996957e-01  -8.331328e-01  -9.310283e-01  -1.102404e+00  -1.331848e+00  -1.592050e+00   0.000000e+00   2.759521e-01   5.472649e-01   7.997695e-01   1.004155e+00   1.121217e+00   1.121217e+00   1.004155e+00   7.997695e-01   5.472649e-01   2.759521e-01   0.000000e+00
   1.477117e+00   2.189700e+06   8.370000e+02   0.000000e+00  -2.605758e-01  -4.903651e-01  -6.620208e-01  -7.600903e-01  -7.935909e-01  -8.009467e-01  -8.344473e-01  -9.325168e-01  -1.104172e+00  -1.333962e+00  -1.594537e+00   0.000000e+00   2.759854e-01   5.473664e-01   7.999901e-01   1.004521e+00   1.121688e+00   1.121688e+00   1.004521e+00   7.999900e-01   5.473664e-01   2.759854e-01   0.000000e+00
   1.478446e+00   2.191000e+06   8.380000e+02   0.000000e+00  -2.609494e-01  -4.910844e-01  -6.630197e-01  -7.612633e-01  -7.948274e-01  -8.021977e-01  -8.357618e-01  -9.340053e-01  -1.105941e+00  -1.336076e+00  -1.597025e+00   0.000000e+00   2.760181e-01   5.474670e-01   8.002093e-01   1.004885e+00   1.122157e+00   1.122157e+00   1.004885e+00   8.002093e-01   5.474670e-01   2.760181e-01   0.000000e+00
   1.479774e+00   2.192300e+06   8.390000e+02   0.000000e+00  -2.613228e-01  -4.918034e-01  -6.640185e-01  -7.624362e-01  -7.960639e-01  -8.034487e-01  -8.370764e-01  -9.354940e-01  -1.107709e+00  -1.338190e+00  -1.599512e+00   0.000000e+00   2.760504e-01   5.475667e-01   8.004272e-01   1.005248e+00   1.122624e+00   1.122624e+00   1.005248e+00   8.004272e-01   5.475667e-01   2.760504e-01   0.000000e+00
   1.481102e+00   2.193600e+06   8.400000e+02   0.000000e+00  -2.616962e-01  -4.925223e-01  -6.650172e-01  -7.636091e-01  -7.973004e-01  -8.046997e-01  -8.383910e-01  -9.369829e-01  -1.109478e+00  -1.340304e+00  -1.602000e+00   0.000000e+00   2.760822e-01   5.476653e-01   8.006439e-01   1.005609e+00   1.123090e+00   1.123090e+00   1.005609e+00   8.006439e-01   5.476653e-01   2.760822e-01   0.000000e+00
   1.482430e+00   2.194900e+06   8.410000e+02   0.000000e+00  -2.620694e-01  -4.932410e-01  -6.660157e-01  -7.647819e-01  -7.985369e-01  -8.059507e-01  -8.397057e-01  -9.384719e-01  -1.111246e+00  -1.342418e+00  -1.604488e+00   0.000000e+00   2.761135e-01   5.477631e-01   8.008592e-01   1.005969e+00   1.123555e+00   1.123554e+00   1.005969e+00   8.008592e-01   5.477631e-01   2.761135e-01   0.000000e+00
   1.483756e+00   2.196200e+06   8.420000e+02   0.000000e+00  -2.624425e-01  -4.939596e-01  -6.670141e-01  -7.659547e-01  -7.997734e-01  -8.072017e-01  -8.410204e-01  -9.399610e-01  -1.113015e+00  -1.344533e+00  -1.606975e+00   0.000000e+00   2.761443e-01   5.478598e-01   8.010733e-01   1.006328e+00   1.124017e+00   1.124017e+00   1.006327e+00   8.010733e-01   5.478598e-01   2.761443e-01   0.000000e+00
   1.485083e+00   2.197500e+06   8.430000e+02   0.000000e+00  -2.628154e-01  -4.946779e-01  -6.680123e-01  -7.671274e-01  -8.010099e-01  -8.084527e-01  -8.423352e-01  -9.414502e-01  -1.114785e+00  -1.346647e+00  -1.609463e+00   0.000000e+00   2.761745e-01   5.479556e-01   8.012860e-01   1.006684e+00   1.124479e+00   1.124479e+00   1.006684e+00   8.012860e-01   5.479556e-01   2.761745e-01   0.000000e+00
   1.486408e+00   2.198800e+06   8.440000e+02   0.000000e+00  -2.631883e-01  -4.953961e-01  -6.690104e-01  -7.683000e-01  -8.022463e-01  -8.097038e-01  -8.436500e-01  -9.429396e-01  -1.116554e+00  -1.348762e+00  -1.611950e+00   0.000000e+00   2.762043e-01   5.480505e-01   8.014975e-01   1.007040e+00   1.124939e+00   1.124939e+00   1.007040e+00   8.014975e-01   5.480505e-01   2.762043e-01   0.000000e+00
   1.487733e+00   2.200100e+06   8.450000e+02   0.000000e+00  -2.635610e-01  -4.961141e-01  -6.700084e-01  -7.694726e-01  -8.034828e-01  -8.109548e-01  -8.449649e-01  -9.444292e-01  -1.118323e+00  -1.350877e+00  -1.614437e+00   0.000000e+00   2.762336e-01   5.481444e-01   8.017077e-01   1.007394e+00   1.125397e+00   1.125397e+00   1.007394e+00   8.017077e-01   5.481444e-01   2.762336e-01   0.000000e+00
   1.489057e+00   2.201400e+06   8.460000e+02   0.000000e+00  -2.639336e-01  -4.968320e-01  -6.710062e-01  -7.706452e-01  -8.047193e-01  -8.122059e-01  -8.462799e-01  -9.459188e-01  -1.120093e+00  -1.352991e+00  -1.616925e+00   0.000000e+00   2.762624e-01   5.482374e-01   8.019166e-01   1.007747e+00   1.125854e+00   1.125854e+00   1.007747e+00   8.019166e-01   5.482374e-01   2.762624e-01   0.000000e+00
   1.490381e+00   2.202700e+06   8.470000e+02   0.000000e+00  -2.643060e-01  -4.975496e-01  -6.720039e-01  -7.718177e-01  -8.059557e-01  -8.134569e-01  -8.475949e-01  -9.474086e-01  -1.121863e+00  -1.355106e+00  -1.619412e+00   0.000000e+00   2.762906e-01   5.483294e-01   8.021242e-01   1.008098e+00   1.126309e+00   1.126309e+00   1.008098e+00   8.021242e-01   5.483294e-01   2.762906e-01   0.000000e+00
   1.491704e+00   2.204000e+06   8.480000e+02   0.000000e+00  -2.646784e-01  -4.982671e-01  -6.730015e-01  -7.729901e-01  -8.071921e-01  -8.147080e-01  -8.489099e-01  -9.488986e-01  -1.123633e+00  -1.357222e+00  -1.621900e+00   0.000000e+00   2.763184e-01   5.484204e-01   8.023306e-01   1.008447e+00   1.126763e+00   1.126763e+00   1.008447e+00   8.023306e-01   5.484204e-01   2.763184e-01   0.000000e+00
   1.493027e+00   2.205400e+06   8.490000e+02   0.000000e+00  -2.650506e-01  -4.989844e-01  -6.739989e-01  -7.741625e-01  -8.084286e-01  -8.159590e-01  -8.502251e-01  -9.503887e-01  -1.125403e+00  -1.359337e+00  -1.624388e+00   0.000000e+00   2.763457e-01   5.485105e-01   8.025356e-01   1.008796e+00   1.127216e+00   1.127215e+00   1.008796e+00   8.025356e-01   5.485105e-01   2.763457e-01   0.000000e+00
   1.494349e+00   2.206700e+06   8.500000e+02   0.000000e+00  -2.654227e-01  -4.997015e-01  -6.749962e-01  -7.753348e-01  -8.096650e-01  -8.172101e-01  -8.515402e-01  -9.518789e-01  -1.127173e+00  -1.361452e+00  -1.626875e+00   0.000000e+00   2.763725e-01   5.485997e-01   8.027394e-01   1.009142e+00   1.127666e+00   1.127666e+00   1.009142e+00   8.027394e-01   5.485997e-01   2.763725e-01   0.000000e+00
   1.495670e+00   2.208000e+06   8.510000e+02   0.000000e+00  -2.657947e-01  -5.004185e-01  -6.759933e-01  -7.765071e-01  -8.109014e-01  -8.184612e-01  -8.528555e-01  -9.533692e-01  -1.128944e+00  -1.363568e+00  -1.629363e+00   0.000000e+00   2.763987e-01   5.486879e-01   8.029419e-01   1.009488e+00   1.128116e+00   1.128116e+00   1.009488e+00   8.029419e-01   5.486879e-01   2.763987e-01   0.000000e+00
   1.496991e+00   2.209300e+06   8.520000e+02   0.000000e+00  -2.661665e-01  -5.011353e-01  -6.769903e-01  -7.776793e-01  -8.121378e-01  -8.197123e-01  -8.541707e-01  -9.548597e-01  -1.130715e+00  -1.365684e+00  -1.631850e+00   0.000000e+00   2.764245e-01   5.487752e-01   8.031431e-01   1.009831e+00   1.128564e+00   1.128563e+00   1.009831e+00   8.031431e-01   5.487752e-01   2.764245e-01   0.000000e+00
   1.498312e+00   2.210600e+06   8.530000e+02   0.000000e+00  -2.665382e-01  -5.018518e-01  -6.779872e-01  -7.788515e-01  -8.133742e-01  -8.209634e-01  -8.554861e-01  -9.563503e-01  -1.132486e+00  -1.367799e+00  -1.634337e+00   0.000000e+00   2.764498e-01   5.488616e-01   8.033431e-01   1.010174e+00   1.129010e+00   1.129010e+00   1.010174e+00   8.033431e-01   5.488616e-01   2.764498e-01   0.000000e+00
   1.499631e+00   2.212000e+06   8.540000e+02   0.000000e+00  -2.669098e-01  -5.025683e-01  -6.789839e-01  -7.800236e-01  -8.146106e-01  -8.222145e-01  -8.568015e-01  -9.578411e-01  -1.134257e+00  -1.369915e+00  -1.636825e+00   0.000000e+00   2.764746e-01   5.489470e-01   8.035418e-01   1.010515e+00   1.129455e+00   1.129455e+00   1.010515e+00   8.035418e-01   5.489470e-01   2.764746e-01   0.000000e+00
   1.500950e+00   2.213300e+06   8.550000e+02   0.000000e+00  -2.672813e-01  -5.032845e-01  -6.799805e-01  -7.811956e-01  -8.158470e-01  -8.234656e-01  -8.581169e-01  -9.593320e-01  -1.136028e+00  -1.372031e+00  -1.639312e+00   0.000000e+00   2.764989e-01   5.490314e-01   8.037392e-01   1.010854e+00   1.129898e+00   1.129898e+00   1.010854e+00   8.037392e-01   5.490314e-01   2.764989e-01   0.000000e+00
   1.502269e+00   2.214600e+06   8.560000e+02   0.000000e+00  -2.676527e-01  -5.040005e-01  -6.809770e-01  -7.823676e-01  -8.170834e-01  -8.247167e-01  -8.594324e-01  -9.608231e-01  -1.137799e+00  -1.374147e+00  -1.641800e+00   0.000000e+00   2.765227e-01   5.491149e-01   8.039353e-01   1.011192e+00   1.130340e+00   1.130340e+00   1.011192e+00   8.039353e-01   5.491149e-01   2.765227e-01   0.000000e+00
   1.503587e+00   2.216000e+06   8.570000e+02   0.000000e+00  -2.680239e-01  -5.047164e-01  -6.819733e-01  -7.835396e-01  -8.183198e-01  -8.259678e-01  -8.607480e-01  -9.623143e-01  -1.139571e+00  -1.376264e+00  -1.644287e+00   0.000000e+00   2.765460e-01   5.491975e-01   8.041302e-01   1.011529e+00   1.130781e+00   1.130780e+00   1.011529e+00   8.041301e-01   5.491975e-01   2.765460e-01   0.000000e+00
   1.504904e+00   2.217300e+06   8.580000e+02   0.000000e+00  -2.683950e-01  -5.054321e-01  -6.829695e-01  -7.847115e-01  -8.195562e-01  -8.272190e-01  -8.620636e-01  -9.638056e-01  -1.141343e+00  -1.378380e+00  -1.646775e+00   0.000000e+00   2.765689e-01   5.492792e-01   8.043237e-01   1.011864e+00   1.131219e+00   1.131219e+00   1.011864e+00   8.043237e-01   5.492792e-01   2.765689e-01   0.000000e+00
   1.506221e+00   2.218600e+06   8.590000e+02   0.000000e+00  -2.687659e-01  -5.061476e-01  -6.839655e-01  -7.858833e-01  -8.207925e-01  -8.284701e-01  -8.633792e-01  -9.652970e-01  -1.143115e+00  -1.380497e+00  -1.649263e+00   0.000000e+00   2.765912e-01   5.493599e-01   8.045161e-01   1.012198e+00   1.131657e+00   1.131657e+00   1.012198e+00   8.045161e-01   5.493599e-01   2.765912e-01   0.000000e+00
   1.507538e+00   2.220000e+06   8.600000e+02   0.000000e+00  -2.691368e-01  -5.068630e-01  -6.849614e-01  -7.870551e-01  -8.220289e-01  -8.297212e-01  -8.646950e-01  -9.667886e-01  -1.144887e+00  -1.382613e+00  -1.651750e+00   0.000000e+00   2.766130e-01   5.494396e-01   8.047071e-01   1.012530e+00   1.132093e+00   1.132093e+00   1.012530e+00   8.047071e-01   5.494396e-01   2.766130e-01   0.000000e+00
   1.508853e+00   2.221300e+06   8.610000e+02   0.000000e+00  -2.695075e-01  -5.075781e-01  -6.859572e-01  -7.882268e-01  -8.232652e-01  -8.309724e-01  -8.660107e-01  -9.682804e-01  -1.146659e+00  -1.384730e+00  -1.654238e+00   0.000000e+00   2.766344e-01   5.495185e-01   8.048969e-01   1.012861e+00   1.132527e+00   1.132527e+00   1.012861e+00   8.048969e-01   5.495185e-01   2.766344e-01   0.000000e+00
   1.510169e+00   2.222600e+06   8.620000e+02   0.000000e+00  -2.698781e-01  -5.082931e-01  -6.869528e-01  -7.893985e-01  -8.245016e-01  -8.322235e-01  -8.673266e-01  -9.697723e-01  -1.148432e+00  -1.386847e+00  -1.656725e+00   0.000000e+00   2.766552e-01   5.495964e-01   8.050855e-01   1.013191e+00   1.132960e+00   1.132960e+00   1.013191e+00   8.050854e-01   5.495964e-01   2.766552e-01   0.000000e+00
   1.511483e+00   2.224000e+06   8.630000e+02   0.000000e+00  -2.702486e-01  -5.090079e-01  -6.879483e-01  -7.905701e-01  -8.257379e-01  -8.334747e-01  -8.686425e-01  -9.712643e-01  -1.150205e+00  -1.388964e+00  -1.659212e+00   0.000000e+00   2.766756e-01   5.496734e-01   8.052727e-01   1.013519e+00   1.133392e+00   1.133392e+00   1.013519e+00   8.052727e-01   5.496734e-01   2.766756e-01   0.000000e+00
   1.512797e+00   2.225300e+06   8.640000e+02   0.000000e+00  -2.706189e-01  -5.097225e-01  -6.889436e-01  -7.917416e-01  -8.269742e-01  -8.347259e-01  -8.699584e-01  -9.727565e-01  -1.151978e+00  -1.391081e+00  -1.661700e+00   0.000000e+00   2.766955e-01   5.497494e-01   8.054587e-01   1.013845e+00   1.133822e+00   1.133822e+00   1.013845e+00   8.054587e-01   5.497494e-01   2.766955e-01   0.000000e+00
   1.514111e+00   2.226700e+06   8.650000e+02   0.000000e+00  -2.709892e-01  -5.104369e-01  -6.899388e-01  -7.929131e-01  -8.282106e-01  -8.359771e-01  -8.712744e-01  -9.742488e-01  -1.153751e+00  -1.393198e+00  -1.664187e+00   0.000000e+00   2.767149e-01   5.498245e-01   8.056435e-01   1.014170e+00   1.134250e+00   1.134250e+00   1.014170e+00   8.056435e-01   5.498245e-01   2.767149e-01   0.000000e+00
   1.515424e+00   2.228000e+06   8.660000e+02   0.000000e+00  -2.713593e-01  -5.111512e-01  -6.909338e-01  -7.940846e-01  -8.294469e-01  -8.372282e-01  -8.725905e-01  -9.757412e-01  -1.155524e+00  -1.395316e+00  -1.666675e+00   0.000000e+00   2.767338e-01   5.498987e-01   8.058270e-01   1.014494e+00   1.134678e+00   1.134677e+00   1.014494e+00   8.058270e-01   5.498987e-01   2.767338e-01   0.000000e+00
   1.516736e+00   2.229300e+06   8.670000e+02   0.000000e+00  -2.717292e-01  -5.118652e-01  -6.919288e-01  -7.952560e-01  -8.306832e-01  -8.384794e-01  -8.739066e-01  -9.772338e-01  -1.157297e+00  -1.397433e+00  -1.669163e+00   0.000000e+00   2.767522e-01   5.499720e-01   8.060092e-01   1.014816e+00   1.135103e+00   1.135103e+00   1.014816e+00   8.060092e-01   5.499720e-01   2.767522e-01   0.000000e+00
   1.518048e+00   2.230700e+06   8.680000e+02   0.000000e+00  -2.720991e-01  -5.125791e-01  -6.929235e-01  -7.964273e-01  -8.319195e-01  -8.397306e-01  -8.752227e-01  -9.787265e-01  -1.159071e+00  -1.399551e+00  -1.671650e+00   0.000000e+00   2.767701e-01   5.500443e-01   8.061902e-01   1.015137e+00   1.135527e+00   1.135527e+00   1.015137e+00   8.061902e-01   5.500443e-01   2.767701e-01   0.000000e+00
   1.519359e+00   2.232000e+06   8.690000e+02   0.000000e+00  -2.724688e-01  -5.132928e-01  -6.939182e-01  -7.975986e-01  -8.331558e-01  -8.409818e-01  -8.765390e-01  -9.802194e-01  -1.160845e+00  -1.401669e+00  -1.674138e+00   0.000000e+00   2.767876e-01   5.501157e-01   8.063699e-01   1.015457e+00   1.135950e+00   1.135950e+00   1.015457e+00   8.063699e-01   5.501157e-01   2.767876e-01   0.000000e+00
   1.520670e+00   2.233400e+06   8.700000e+02   0.000000e+00  -2.728384e-01  -5.140064e-01  -6.949127e-01  -7.987698e-01  -8.343921e-01  -8.422331e-01  -8.778553e-01  -9.817124e-01  -1.162619e+00  -1.403787e+00  -1.676625e+00   0.000000e+00   2.768045e-01   5.501862e-01   8.065484e-01   1.015775e+00   1.136371e+00   1.136371e+00   1.015775e+00   8.065484e-01   5.501862e-01   2.768045e-01   0.000000e+00
   1.521980e+00   2.234800e+06   8.710000e+02   0.000000e+00  -2.732078e-01  -5.147197e-01  -6.959070e-01  -7.999410e-01  -8.356283e-01  -8.434843e-01  -8.791716e-01  -9.832055e-01  -1.164393e+00  -1.405905e+00  -1.679113e+00   0.000000e+00   2.768210e-01   5.502557e-01   8.067256e-01   1.016091e+00   1.136791e+00   1.136791e+00   1.016091e+00   8.067256e-01   5.502557e-01   2.768210e-01   0.000000e+00
   1.523290e+00   2.236100e+06   8.720000e+02   0.000000e+00  -2.735772e-01  -5.154329e-01  -6.969012e-01  -8.011121e-01  -8.368646e-01  -8.447355e-01  -8.804880e-01  -9.846988e-01  -1.166167e+00  -1.408023e+00  -1.681600e+00   0.000000e+00   2.768370e-01   5.503244e-01   8.069016e-01   1.016406e+00   1.137209e+00   1.137209e+00   1.016406e+00   8.069016e-01   5.503244e-01   2.768370e-01   0.000000e+00
   1.524599e+00   2.237500e+06   8.730000e+02   0.000000e+00  -2.739464e-01  -5.161458e-01  -6.978953e-01  -8.022831e-01  -8.381009e-01  -8.459868e-01  -8.818044e-01  -9.861923e-01  -1.167942e+00  -1.410141e+00  -1.684087e+00   0.000000e+00   2.768525e-01   5.503921e-01   8.070763e-01   1.016720e+00   1.137626e+00   1.137626e+00   1.016720e+00   8.070763e-01   5.503921e-01   2.768525e-01   0.000000e+00
   1.525908e+00   2.238800e+06   8.740000e+02   0.000000e+00  -2.743155e-01  -5.168586e-01  -6.988892e-01  -8.034541e-01  -8.393371e-01  -8.472380e-01  -8.831210e-01  -9.876858e-01  -1.169716e+00  -1.412260e+00  -1.686575e+00   0.000000e+00   2.768675e-01   5.504589e-01   8.072498e-01   1.017033e+00   1.138042e+00   1.138041e+00   1.017033e+00   8.072498e-01   5.504589e-01   2.768675e-01   0.000000e+00
   1.527216e+00   2.240200e+06   8.750000e+02   0.000000e+00  -2.746844e-01  -5.175713e-01  -6.998830e-01  -8.046250e-01  -8.405734e-01  -8.484892e-01  -8.844375e-01  -9.891796e-01  -1.171491e+00  -1.414378e+00  -1.689062e+00   0.000000e+00   2.768821e-01   5.505248e-01   8.074220e-01   1.017343e+00   1.138456e+00   1.138455e+00   1.017343e+00   8.074220e-01   5.505248e-01   2.768821e-01   0.000000e+00
   1.528523e+00   2.241500e+06   8.760000e+02   0.000000e+00  -2.750533e-01  -5.182837e-01  -7.008766e-01  -8.057959e-01  -8.418096e-01  -8.497405e-01  -8.857541e-01  -9.906734e-01  -1.173266e+00  -1.416497e+00  -1.691550e+00   0.000000e+00   2.768961e-01   5.505897e-01   8.075930e-01   1.017653e+00   1.138868e+00   1.138868e+00   1.017653e+00   8.075930e-01   5.505897e-01   2.768961e-01   0.000000e+00
   1.529830e+00   2.242900e+06   8.770000e+02   0.000000e+00  -2.754220e-01  -5.189959e-01  -7.018701e-01  -8.069667e-01  -8.430459e-01  -8.509918e-01  -8.870708e-01  -9.921674e-01  -1.175042e+00  -1.418616e+00  -1.694038e+00   0.000000e+00   2.769097e-01   5.506538e-01   8.077628e-01   1.017961e+00   1.139279e+00   1.139279e+00   1.017961e+00   8.077628e-01   5.506538e-01   2.769097e-01   0.000000e+00
   1.531137e+00   2.244300e+06   8.780000e+02   0.000000e+00  -2.757905e-01  -5.197080e-01  -7.028635e-01  -8.081375e-01  -8.442821e-01  -8.522430e-01  -8.883876e-01  -9.936616e-01  -1.176817e+00  -1.420734e+00  -1.696525e+00   0.000000e+00   2.769228e-01   5.507169e-01   8.079313e-01   1.018268e+00   1.139689e+00   1.139688e+00   1.018268e+00   8.079313e-01   5.507169e-01   2.769228e-01   0.000000e+00
   1.532443e+00   2.245600e+06   8.790000e+02   0.000000e+00  -2.761590e-01  -5.204199e-01  -7.038567e-01  -8.093082e-01  -8.455183e-01  -8.534943e-01  -8.897044e-01  -9.951559e-01  -1.178593e+00  -1.422854e+00  -1.699013e+00   0.000000e+00   2.769354e-01   5.507791e-01   8.080985e-01   1.018573e+00   1.140097e+00   1.140097e+00   1.018573e+00   8.080985e-01   5.507791e-01   2.769354e-01   0.000000e+00
   1.533748e+00   2.247000e+06   8.800000e+02   0.000000e+00  -2.765273e-01  -5.211316e-01  -7.048497e-01  -8.104788e-01  -8.467545e-01  -8.547456e-01  -8.910212e-01  -9.966503e-01  -1.180368e+00  -1.424973e+00  -1.701500e+00   0.000000e+00   2.769476e-01   5.508404e-01   8.082646e-01   1.018877e+00   1.140503e+00   1.140503e+00   1.018877e+00   8.082645e-01   5.508404e-01   2.769476e-01   0.000000e+00
   1.535053e+00   2.248400e+06   8.810000e+02   0.000000e+00  -2.768955e-01  -5.218431e-01  -7.058427e-01  -8.116494e-01  -8.479907e-01  -8.559969e-01  -8.923381e-01  -9.981449e-01  -1.182144e+00  -1.427092e+00  -1.703987e+00   0.000000e+00   2.769592e-01   5.509008e-01   8.084293e-01   1.019179e+00   1.140909e+00   1.140908e+00   1.019179e+00   8.084293e-01   5.509008e-01   2.769592e-01   0.000000e+00
   1.536357e+00   2.249800e+06   8.820000e+02   0.000000e+00  -2.772636e-01  -5.225544e-01  -7.068354e-01  -8.128200e-01  -8.492269e-01  -8.572482e-01  -8.936551e-01  -9.996396e-01  -1.183921e+00  -1.429211e+00  -1.706475e+00   0.000000e+00   2.769704e-01   5.509603e-01   8.085929e-01   1.019481e+00   1.141312e+00   1.141312e+00   1.019481e+00   8.085929e-01   5.509603e-01   2.769704e-01   0.000000e+00
   1.537661e+00   2.251100e+06   8.830000e+02   0.000000e+00  -2.776315e-01  -5.232655e-01  -7.078281e-01  -8.139904e-01  -8.504631e-01  -8.584995e-01  -8.949721e-01  -1.001134e+00  -1.185697e+00  -1.431331e+00  -1.708962e+00   0.000000e+00   2.769811e-01   5.510188e-01   8.087552e-01   1.019780e+00   1.141715e+00   1.141715e+00   1.019780e+00   8.087552e-01   5.510188e-01   2.769811e-01   0.000000e+00
   1.538965e+00   2.252500e+06   8.840000e+02   0.000000e+00  -2.779993e-01  -5.239765e-01  -7.088206e-01  -8.151609e-01  -8.516993e-01  -8.597508e-01  -8.962892e-01  -1.002629e+00  -1.187474e+00  -1.433451e+00  -1.711450e+00   0.000000e+00   2.769913e-01   5.510765e-01   8.089163e-01   1.020079e+00   1.142116e+00   1.142115e+00   1.020079e+00   8.089163e-01   5.510765e-01   2.769913e-01   0.000000e+00
   1.540267e+00   2.253900e+06   8.850000e+02   0.000000e+00  -2.783670e-01  -5.246873e-01  -7.098129e-01  -8.163312e-01  -8.529355e-01  -8.610022e-01  -8.976063e-01  -1.004125e+00  -1.189250e+00  -1.435571e+00  -1.713937e+00   0.000000e+00   2.770011e-01   5.511332e-01   8.090761e-01   1.020375e+00   1.142515e+00   1.142515e+00   1.020375e+00   8.090761e-01   5.511332e-01   2.770011e-01   0.000000e+00
   1.541570e+00   2.255300e+06   8.860000e+02   0.000000e+00  -2.787346e-01  -5.253979e-01  -7.108051e-01  -8.175015e-01  -8.541716e-01  -8.622535e-01  -8.989235e-01  -1.005620e+00  -1.191027e+00  -1.437690e+00  -1.716425e+00   0.000000e+00   2.770103e-01   5.511890e-01   8.092347e-01   1.020671e+00   1.142913e+00   1.142913e+00   1.020671e+00   8.092347e-01   5.511890e-01   2.770103e-01   0.000000e+00
   1.542872e+00   2.256600e+06   8.870000e+02   0.000000e+00  -2.791020e-01  -5.261083e-01  -7.117972e-01  -8.186718e-01  -8.554078e-01  -8.635048e-01  -9.002408e-01  -1.007115e+00  -1.192804e+00  -1.439811e+00  -1.718913e+00   0.000000e+00   2.770191e-01   5.512440e-01   8.093921e-01   1.020965e+00   1.143310e+00   1.143309e+00   1.020965e+00   8.093921e-01   5.512440e-01   2.770191e-01   0.000000e+00
   1.544173e+00   2.258000e+06   8.880000e+02   0.000000e+00  -2.794693e-01  -5.268185e-01  -7.127891e-01  -8.198419e-01  -8.566439e-01  -8.647562e-01  -9.015581e-01  -1.008611e+00  -1.194582e+00  -1.441931e+00  -1.721400e+00   0.000000e+00   2.770274e-01   5.512980e-01   8.095483e-01   1.021258e+00   1.143705e+00   1.143705e+00   1.021258e+00   8.095482e-01   5.512980e-01   2.770274e-01   0.000000e+00
   1.545474e+00   2.259400e+06   8.890000e+02   0.000000e+00  -2.798364e-01  -5.275285e-01  -7.137809e-01  -8.210121e-01  -8.578801e-01  -8.660075e-01  -9.028755e-01  -1.010107e+00  -1.196359e+00  -1.444051e+00  -1.723888e+00   0.000000e+00   2.770353e-01   5.513511e-01   8.097032e-01   1.021549e+00   1.144098e+00   1.144098e+00   1.021549e+00   8.097032e-01   5.513511e-01   2.770353e-01   0.000000e+00
   1.546774e+00   2.260800e+06   8.900000e+02   0.000000e+00  -2.802035e-01  -5.282384e-01  -7.147725e-01  -8.221821e-01  -8.591162e-01  -8.672589e-01  -9.041929e-01  -1.011603e+00  -1.198137e+00  -1.446172e+00  -1.726375e+00   0.000000e+00   2.770427e-01   5.514033e-01   8.098569e-01   1.021839e+00   1.144491e+00   1.144491e+00   1.021839e+00   8.098569e-01   5.514033e-01   2.770427e-01   0.000000e+00
   1.548074e+00   2.262200e+06   8.910000e+02   0.000000e+00  -2.805704e-01  -5.289480e-01  -7.157640e-01  -8.233521e-01  -8.603524e-01  -8.685103e-01  -9.055104e-01  -1.013099e+00  -1.199915e+00  -1.448292e+00  -1.728862e+00   0.000000e+00   2.770496e-01   5.514546e-01   8.100093e-01   1.022127e+00   1.144882e+00   1.144881e+00   1.022127e+00   8.100093e-01   5.514546e-01   2.770496e-01   0.000000e+00
   1.549373e+00   2.263600e+06   8.920000e+02   0.000000e+00  -2.809372e-01  -5.296575e-01  -7.167553e-01  -8.245221e-01  -8.615885e-01  -8.697617e-01  -9.068280e-01  -1.014595e+00  -1.201693e+00  -1.450413e+00  -1.731350e+00   0.000000e+00   2.770560e-01   5.515050e-01   8.101606e-01   1.022414e+00   1.145271e+00   1.145271e+00   1.022414e+00   8.101606e-01   5.515050e-01   2.770560e-01   0.000000e+00
   1.550672e+00   2.265000e+06   8.930000e+02   0.000000e+00  -2.813038e-01  -5.303668e-01  -7.177465e-01  -8.256920e-01  -8.628246e-01  -8.710130e-01  -9.081456e-01  -1.016091e+00  -1.203471e+00  -1.452534e+00  -1.733837e+00   0.000000e+00   2.770619e-01   5.515545e-01   8.103106e-01   1.022700e+00   1.145659e+00   1.145659e+00   1.022700e+00   8.103106e-01   5.515545e-01   2.770619e-01   0.000000e+00
   1.551970e+00   2.266400e+06   8.940000e+02   0.000000e+00  -2.816703e-01  -5.310759e-01  -7.187375e-01  -8.268618e-01  -8.640607e-01  -8.722644e-01  -9.094632e-01  -1.017588e+00  -1.205249e+00  -1.454655e+00  -1.736325e+00   0.000000e+00   2.770674e-01   5.516031e-01   8.104594e-01   1.022985e+00   1.146046e+00   1.146045e+00   1.022985e+00   8.104594e-01   5.516031e-01   2.770674e-01   0.000000e+00
   1.553268e+00   2.267800e+06   8.950000e+02   0.000000e+00  -2.820367e-01  -5.317848e-01  -7.197284e-01  -8.280316e-01  -8.652968e-01  -8.735158e-01  -9.107810e-01  -1.019084e+00  -1.207028e+00  -1.456776e+00  -1.738813e+00   0.000000e+00   2.770724e-01   5.516508e-01   8.106070e-01   1.023268e+00   1.146431e+00   1.146430e+00   1.023267e+00   8.106069e-01   5.516508e-01   2.770724e-01   0.000000e+00
   1.554565e+00   2.269200e+06   8.960000e+02   0.000000e+00  -2.824030e-01  -5.324935e-01  -7.207191e-01  -8.292013e-01  -8.665329e-01  -8.747672e-01  -9.120987e-01  -1.020581e+00  -1.208807e+00  -1.458897e+00  -1.741300e+00   0.000000e+00   2.770769e-01   5.516976e-01   8.107533e-01   1.023549e+00   1.146814e+00   1.146814e+00   1.023549e+00   8.107533e-01   5.516976e-01   2.770769e-01   0.000000e+00
   1.555861e+00   2.270600e+06   8.970000e+02   0.000000e+00  -2.827691e-01  -5.332021e-01  -7.217097e-01  -8.303710e-01  -8.677690e-01  -8.760187e-01  -9.134166e-01  -1.022078e+00  -1.210585e+00  -1.461018e+00  -1.743788e+00   0.000000e+00   2.770810e-01   5.517435e-01   8.108984e-01   1.023829e+00   1.147197e+00   1.147196e+00   1.023829e+00   8.108984e-01   5.517435e-01   2.770810e-01   0.000000e+00
   1.557158e+00   2.272000e+06   8.980000e+02   0.000000e+00  -2.831351e-01  -5.339104e-01  -7.227002e-01  -8.315406e-01  -8.690051e-01  -8.772701e-01  -9.147345e-01  -1.023575e+00  -1.212365e+00  -1.463140e+00  -1.746275e+00   0.000000e+00   2.770846e-01   5.517885e-01   8.110424e-01   1.024108e+00   1.147577e+00   1.147577e+00   1.024108e+00   8.110424e-01   5.517885e-01   2.770846e-01   0.000000e+00
   1.558453e+00   2.273400e+06   8.990000e+02   0.000000e+00  -2.835010e-01  -5.346186e-01  -7.236905e-01  -8.327101e-01  -8.702411e-01  -8.785215e-01  -9.160524e-01  -1.025072e+00  -1.214144e+00  -1.465261e+00  -1.748762e+00   0.000000e+00   2.770877e-01   5.518326e-01   8.111851e-01   1.024385e+00   1.147957e+00   1.147957e+00   1.024385e+00   8.111850e-01   5.518326e-01   2.770877e-01   0.000000e+00
   1.559749e+00   2.274800e+06   9.000000e+02   0.000000e+00  -2.838668e-01  -5.353265e-01  -7.246807e-01  -8.338796e-01  -8.714772e-01  -8.797730e-01  -9.173705e-01  -1.026569e+00  -1.215923e+00  -1.467383e+00  -1.751250e+00   0.000000e+00   2.770904e-01   5.518758e-01   8.113265e-01   1.024662e+00   1.148335e+00   1.148335e+00   1.024662e+00   8.113265e-01   5.518758e-01   2.770904e-01   0.000000e+00
   1.561044e+00   2.276200e+06   9.010000e+02   0.000000e+00  -2.842324e-01  -5.360343e-01  -7.256707e-01  -8.350490e-01  -8.727132e-01  -8.810244e-01  -9.186885e-01  -1.028067e+00  -1.217703e+00  -1.469505e+00  -1.753737e+00   0.000000e+00   2.770926e-01   5.519181e-01   8.114668e-01   1.024936e+00   1.148712e+00   1.148711e+00   1.024936e+00   8.114668e-01   5.519181e-01   2.770926e-01   0.000000e+00
   1.562338e+00   2.277600e+06   9.020000e+02   0.000000e+00  -2.845979e-01  -5.367419e-01  -7.266605e-01  -8.362184e-01  -8.739493e-01  -8.822759e-01  -9.200067e-01  -1.029565e+00  -1.219483e+00  -1.471627e+00  -1.756225e+00   0.000000e+00   2.770943e-01   5.519595e-01   8.116059e-01   1.025210e+00   1.149087e+00   1.149087e+00   1.025209e+00   8.116058e-01   5.519595e-01   2.770943e-01   0.000000e+00
   1.563632e+00   2.279000e+06   9.030000e+02   0.000000e+00  -2.849632e-01  -5.374493e-01  -7.276503e-01  -8.373877e-01  -8.751853e-01  -8.835273e-01  -9.213249e-01  -1.031062e+00  -1.221263e+00  -1.473749e+00  -1.758712e+00   0.000000e+00   2.770955e-01   5.520001e-01   8.117437e-01   1.025481e+00   1.149461e+00   1.149460e+00   1.025481e+00   8.117437e-01   5.520001e-01   2.770955e-01   0.000000e+00
   1.564925e+00   2.280400e+06   9.040000e+02   0.000000e+00  -2.853284e-01  -5.381566e-01  -7.286398e-01  -8.385569e-01  -8.764214e-01  -8.847788e-01  -9.226431e-01  -1.032560e+00  -1.223043e+00  -1.475872e+00  -1.761200e+00   0.000000e+00   2.770963e-01   5.520397e-01   8.118803e-01   1.025752e+00   1.149833e+00   1.149833e+00   1.025752e+00   8.118803e-01   5.520397e-01   2.770963e-01   0.000000e+00
   1.566218e+00   2.281800e+06   9.050000e+02   0.000000e+00  -2.856935e-01  -5.388636e-01  -7.296292e-01  -8.397261e-01  -8.776574e-01  -8.860303e-01  -9.239615e-01  -1.034058e+00  -1.224824e+00  -1.477994e+00  -1.763688e+00   0.000000e+00   2.770966e-01   5.520784e-01   8.120157e-01   1.026021e+00   1.150204e+00   1.150204e+00   1.026021e+00   8.120157e-01   5.520784e-01   2.770966e-01   0.000000e+00
   1.567510e+00   2.283200e+06   9.060000e+02   0.000000e+00  -2.860585e-01  -5.395704e-01  -7.306185e-01  -8.408952e-01  -8.788934e-01  -8.872817e-01  -9.252798e-01  -1.035557e+00  -1.226605e+00  -1.480117e+00  -1.766175e+00   0.000000e+00   2.770965e-01   5.521163e-01   8.121500e-01   1.026289e+00   1.150573e+00   1.150573e+00   1.026289e+00   8.121500e-01   5.521163e-01   2.770965e-01   0.000000e+00
   1.568802e+00   2.284700e+06   9.070000e+02   0.000000e+00  -2.864233e-01  -5.402771e-01  -7.316076e-01  -8.420643e-01  -8.801294e-01  -8.885332e-01  -9.265983e-01  -1.037055e+00  -1.228385e+00  -1.482239e+00  -1.768663e+00   0.000000e+00   2.770959e-01   5.521533e-01   8.122830e-01   1.026555e+00   1.150941e+00   1.150941e+00   1.026555e+00   8.122830e-01   5.521533e-01   2.770959e-01   0.000000e+00
   1.570093e+00   2.286100e+06   9.080000e+02   0.000000e+00  -2.867880e-01  -5.409835e-01  -7.325966e-01  -8.432333e-01  -8.813654e-01  -8.897847e-01  -9.279168e-01  -1.038553e+00  -1.230166e+00  -1.484362e+00  -1.771150e+00   0.000000e+00   2.770948e-01   5.521893e-01   8.124148e-01   1.026820e+00   1.151308e+00   1.151308e+00   1.026820e+00   8.124147e-01   5.521893e-01   2.770948e-01   0.000000e+00
   1.571384e+00   2.287500e+06   9.090000e+02   0.000000e+00  -2.871526e-01  -5.416898e-01  -7.335854e-01  -8.444022e-01  -8.826014e-01  -8.910362e-01  -9.292353e-01  -1.040052e+00  -1.231948e+00  -1.486485e+00  -1.773637e+00   0.000000e+00   2.770932e-01   5.522245e-01   8.125453e-01   1.027084e+00   1.151674e+00   1.151673e+00   1.027084e+00   8.125453e-01   5.522245e-01   2.770932e-01   0.000000e+00
   1.572675e+00   2.288900e+06   9.100000e+02   0.000000e+00  -2.875170e-01  -5.423959e-01  -7.345741e-01  -8.455711e-01  -8.838374e-01  -8.922878e-01  -9.305539e-01  -1.041551e+00  -1.233729e+00  -1.488608e+00  -1.776125e+00   0.000000e+00   2.770912e-01   5.522588e-01   8.126747e-01   1.027346e+00   1.152037e+00   1.152037e+00   1.027346e+00   8.126747e-01   5.522588e-01   2.770912e-01   0.000000e+00
   1.573965e+00   2.290300e+06   9.110000e+02   0.000000e+00  -2.878814e-01  -5.431018e-01  -7.355626e-01  -8.467399e-01  -8.850734e-01  -8.935393e-01  -9.318726e-01  -1.043050e+00  -1.235511e+00  -1.490731e+00  -1.778612e+00   0.000000e+00   2.770887e-01   5.522922e-01   8.128029e-01   1.027607e+00   1.152400e+00   1.152400e+00   1.027607e+00   8.128029e-01   5.522922e-01   2.770887e-01   0.000000e+00
   1.575254e+00   2.291800e+06   9.120000e+02   0.000000e+00  -2.882455e-01  -5.438075e-01  -7.365510e-01  -8.479087e-01  -8.863093e-01  -8.947908e-01  -9.331914e-01  -1.044549e+00  -1.237293e+00  -1.492854e+00  -1.781100e+00   0.000000e+00   2.770858e-01   5.523248e-01   8.129299e-01   1.027867e+00   1.152761e+00   1.152761e+00   1.027867e+00   8.129299e-01   5.523248e-01   2.770858e-01   0.000000e+00
   1.576543e+00   2.293200e+06   9.130000e+02   0.000000e+00  -2.886096e-01  -5.445130e-01  -7.375392e-01  -8.490774e-01  -8.875453e-01  -8.960424e-01  -9.345102e-01  -1.046048e+00  -1.239075e+00  -1.494978e+00  -1.783588e+00   0.000000e+00   2.770824e-01   5.523564e-01   8.130557e-01   1.028125e+00   1.153121e+00   1.153121e+00   1.028125e+00   8.130557e-01   5.523564e-01   2.770824e-01   0.000000e+00
   1.577832e+00   2.294600e+06   9.140000e+02   0.000000e+00  -2.889735e-01  -5.452183e-01  -7.385273e-01  -8.502460e-01  -8.887812e-01  -8.972939e-01  -9.358290e-01  -1.047548e+00  -1.240857e+00  -1.497102e+00  -1.786075e+00   0.000000e+00   2.770786e-01   5.523872e-01   8.131802e-01   1.028382e+00   1.153479e+00   1.153479e+00   1.028382e+00   8.131802e-01   5.523872e-01   2.770786e-01   0.000000e+00
   1.579120e+00   2.296100e+06   9.150000e+02   0.000000e+00  -2.893373e-01  -5.459235e-01  -7.395152e-01  -8.514146e-01  -8.900172e-01  -8.985455e-01  -9.371479e-01  -1.049047e+00  -1.242639e+00  -1.499225e+00  -1.788563e+00   0.000000e+00   2.770742e-01   5.524171e-01   8.133036e-01   1.028638e+00   1.153836e+00   1.153836e+00   1.028638e+00   8.133036e-01   5.524171e-01   2.770742e-01   0.000000e+00
   1.580407e+00   2.297500e+06   9.160000e+02   0.000000e+00  -2.897009e-01  -5.466284e-01  -7.405030e-01  -8.525831e-01  -8.912531e-01  -8.997970e-01  -9.384669e-01  -1.050547e+00  -1.244422e+00  -1.501349e+00  -1.791050e+00   0.000000e+00   2.770694e-01   5.524461e-01   8.134258e-01   1.028892e+00   1.154191e+00   1.154191e+00   1.028892e+00   8.134258e-01   5.524461e-01   2.770694e-01   0.000000e+00
   1.581695e+00   2.298900e+06   9.170000e+02   0.000000e+00  -2.900644e-01  -5.473331e-01  -7.414906e-01  -8.537516e-01  -8.924891e-01  -9.010486e-01  -9.397860e-01  -1.052047e+00  -1.246204e+00  -1.503473e+00  -1.793538e+00   0.000000e+00   2.770642e-01   5.524742e-01   8.135468e-01   1.029145e+00   1.154546e+00   1.154545e+00   1.029144e+00   8.135468e-01   5.524742e-01   2.770642e-01   0.000000e+00
   1.582981e+00   2.300400e+06   9.180000e+02   0.000000e+00  -2.904278e-01  -5.480377e-01  -7.424781e-01  -8.549200e-01  -8.937250e-01  -9.023002e-01  -9.411051e-01  -1.053547e+00  -1.247987e+00  -1.505597e+00  -1.796025e+00   0.000000e+00   2.770585e-01   5.525014e-01   8.136666e-01   1.029396e+00   1.154898e+00   1.154898e+00   1.029396e+00   8.136666e-01   5.525014e-01   2.770585e-01   0.000000e+00
   1.584268e+00   2.301800e+06   9.190000e+02   0.000000e+00  -2.907911e-01  -5.487421e-01  -7.434654e-01  -8.560883e-01  -8.949609e-01  -9.035518e-01  -9.424242e-01  -1.055047e+00  -1.249770e+00  -1.507721e+00  -1.798512e+00   0.000000e+00   2.770523e-01   5.525278e-01   8.137852e-01   1.029646e+00   1.155250e+00   1.155249e+00   1.029646e+00   8.137851e-01   5.525278e-01   2.770523e-01   0.000000e+00
   1.585553e+00   2.303300e+06   9.200000e+02   0.000000e+00  -2.911542e-01  -5.494462e-01  -7.444526e-01  -8.572566e-01  -8.961968e-01  -9.048034e-01  -9.437435e-01  -1.056547e+00  -1.251554e+00  -1.509846e+00  -1.801000e+00   0.000000e+00   2.770457e-01   5.525533e-01   8.139025e-01   1.029895e+00   1.155600e+00   1.155599e+00   1.029895e+00   8.139025e-01   5.525533e-01   2.770457e-01   0.000000e+00
   1.586839e+00   2.304700e+06   9.210000e+02   0.000000e+00  -2.915172e-01  -5.501502e-01  -7.454396e-01  -8.584248e-01  -8.974327e-01  -9.060550e-01  -9.450627e-01  -1.058048e+00  -1.253337e+00  -1.511970e+00  -1.803487e+00   0.000000e+00   2.770386e-01   5.525779e-01   8.140188e-01   1.030142e+00   1.155948e+00   1.155948e+00   1.030142e+00   8.140187e-01   5.525779e-01   2.770386e-01   0.000000e+00
   1.588123e+00   2.306100e+06   9.220000e+02   0.000000e+00  -2.918800e-01  -5.508540e-01  -7.464265e-01  -8.595930e-01  -8.986686e-01  -9.073066e-01  -9.463821e-01  -1.059549e+00  -1.255121e+00  -1.514095e+00  -1.805975e+00   0.000000e+00   2.770311e-01   5.526016e-01   8.141338e-01   1.030388e+00   1.156295e+00   1.156295e+00   1.030388e+00   8.141338e-01   5.526016e-01   2.770311e-01   0.000000e+00
   1.589408e+00   2.307600e+06   9.230000e+02   0.000000e+00  -2.922428e-01  -5.515576e-01  -7.474132e-01  -8.607611e-01  -8.999045e-01  -9.085582e-01  -9.477015e-01  -1.061049e+00  -1.256905e+00  -1.516220e+00  -1.808463e+00   0.000000e+00   2.770231e-01   5.526245e-01   8.142476e-01   1.030633e+00   1.156641e+00   1.156641e+00   1.030633e+00   8.142476e-01   5.526245e-01   2.770231e-01   0.000000e+00
   1.590692e+00   2.309000e+06   9.240000e+02   0.000000e+00  -2.926053e-01  -5.522610e-01  -7.483997e-01  -8.619291e-01  -9.011403e-01  -9.098098e-01  -9.490210e-01  -1.062550e+00  -1.258689e+00  -1.518345e+00  -1.810950e+00   0.000000e+00   2.770146e-01   5.526464e-01   8.143602e-01   1.030876e+00   1.156985e+00   1.156985e+00   1.030876e+00   8.143602e-01   5.526464e-01   2.770146e-01   0.000000e+00
   1.591975e+00   2.310500e+06   9.250000e+02   0.000000e+00  -2.929678e-01  -5.529642e-01  -7.493861e-01  -8.630971e-01  -9.023762e-01  -9.110614e-01  -9.503405e-01  -1.064051e+00  -1.260473e+00  -1.520470e+00  -1.813438e+00   0.000000e+00   2.770057e-01   5.526675e-01   8.144716e-01   1.031118e+00   1.157328e+00   1.157328e+00   1.031118e+00   8.144716e-01   5.526675e-01   2.770057e-01   0.000000e+00
   1.593258e+00   2.311900e+06   9.260000e+02   0.000000e+00  -2.933301e-01  -5.536672e-01  -7.503724e-01  -8.642650e-01  -9.036121e-01  -9.123131e-01  -9.516601e-01  -1.065553e+00  -1.262258e+00  -1.522595e+00  -1.815925e+00   0.000000e+00   2.769964e-01   5.526878e-01   8.145819e-01   1.031359e+00   1.157670e+00   1.157670e+00   1.031359e+00   8.145819e-01   5.526878e-01   2.769964e-01   0.000000e+00
   1.594541e+00   2.313400e+06   9.270000e+02   0.000000e+00  -2.936923e-01  -5.543700e-01  -7.513585e-01  -8.654328e-01  -9.048479e-01  -9.135647e-01  -9.529798e-01  -1.067054e+00  -1.264043e+00  -1.524720e+00  -1.818412e+00   0.000000e+00   2.769865e-01   5.527071e-01   8.146910e-01   1.031598e+00   1.158010e+00   1.158010e+00   1.031598e+00   8.146910e-01   5.527071e-01   2.769865e-01   0.000000e+00
   1.595823e+00   2.314900e+06   9.280000e+02   0.000000e+00  -2.940544e-01  -5.550726e-01  -7.523444e-01  -8.666006e-01  -9.060838e-01  -9.148164e-01  -9.542995e-01  -1.068556e+00  -1.265827e+00  -1.526846e+00  -1.820900e+00   0.000000e+00   2.769763e-01   5.527256e-01   8.147988e-01   1.031836e+00   1.158349e+00   1.158349e+00   1.031836e+00   8.147988e-01   5.527256e-01   2.769763e-01   0.000000e+00
   1.597105e+00   2.316300e+06   9.290000e+02   0.000000e+00  -2.944163e-01  -5.557750e-01  -7.533302e-01  -8.677683e-01  -9.073196e-01  -9.160681e-01  -9.556193e-01  -1.070057e+00  -1.267612e+00  -1.528971e+00  -1.823387e+00   0.000000e+00   2.769655e-01   5.527432e-01   8.149055e-01   1.032073e+00   1.158687e+00   1.158686e+00   1.032072e+00   8.149055e-01   5.527432e-01   2.769655e-01   0.000000e+00
   1.598386e+00   2.317800e+06   9.300000e+02   0.000000e+00  -2.947781e-01  -5.564773e-01  -7.543159e-01  -8.689360e-01  -9.085554e-01  -9.173197e-01  -9.569391e-01  -1.071559e+00  -1.269398e+00  -1.531097e+00  -1.825875e+00   0.000000e+00   2.769543e-01   5.527600e-01   8.150110e-01   1.032308e+00   1.159023e+00   1.159023e+00   1.032308e+00   8.150110e-01   5.527600e-01   2.769543e-01   0.000000e+00
   1.599667e+00   2.319200e+06   9.310000e+02   0.000000e+00  -2.951397e-01  -5.571793e-01  -7.553014e-01  -8.701036e-01  -9.097912e-01  -9.185714e-01  -9.582590e-01  -1.073061e+00  -1.271183e+00  -1.533223e+00  -1.828362e+00   0.000000e+00   2.769427e-01   5.527758e-01   8.151154e-01   1.032542e+00   1.159358e+00   1.159357e+00   1.032542e+00   8.151154e-01   5.527758e-01   2.769427e-01   0.000000e+00
   1.600947e+00   2.320700e+06   9.320000e+02   0.000000e+00  -2.955012e-01  -5.578812e-01  -7.562867e-01  -8.712711e-01  -9.110270e-01  -9.198231e-01  -9.595790e-01  -1.074563e+00  -1.272969e+00  -1.535349e+00  -1.830850e+00   0.000000e+00   2.769306e-01   5.527909e-01   8.152185e-01   1.032774e+00   1.159691e+00   1.159691e+00   1.032774e+00   8.152185e-01   5.527909e-01   2.769306e-01   0.000000e+00
   1.602227e+00   2.322200e+06   9.330000e+02   0.000000e+00  -2.958626e-01  -5.585828e-01  -7.572719e-01  -8.724386e-01  -9.122628e-01  -9.210748e-01  -9.608990e-01  -1.076066e+00  -1.274755e+00  -1.537475e+00  -1.833338e+00   0.000000e+00   2.769180e-01   5.528050e-01   8.153205e-01   1.033005e+00   1.160023e+00   1.160023e+00   1.033005e+00   8.153205e-01   5.528050e-01   2.769180e-01   0.000000e+00
   1.603507e+00   2.323600e+06   9.340000e+02   0.000000e+00  -2.962239e-01  -5.592843e-01  -7.582569e-01  -8.736060e-01  -9.134986e-01  -9.223265e-01  -9.622191e-01  -1.077568e+00  -1.276541e+00  -1.539601e+00  -1.835825e+00   0.000000e+00   2.769050e-01   5.528183e-01   8.154213e-01   1.033235e+00   1.160353e+00   1.160353e+00   1.033235e+00   8.154213e-01   5.528183e-01   2.769050e-01   0.000000e+00
   1.604786e+00   2.325100e+06   9.350000e+02   0.000000e+00  -2.965850e-01  -5.599855e-01  -7.592418e-01  -8.747733e-01  -9.147344e-01  -9.235782e-01  -9.635393e-01  -1.079071e+00  -1.278327e+00  -1.541728e+00  -1.838313e+00   0.000000e+00   2.768916e-01   5.528307e-01   8.155209e-01   1.033464e+00   1.160683e+00   1.160682e+00   1.033464e+00   8.155209e-01   5.528307e-01   2.768916e-01   0.000000e+00
   1.606065e+00   2.326600e+06   9.360000e+02   0.000000e+00  -2.969460e-01  -5.606866e-01  -7.602265e-01  -8.759406e-01  -9.159702e-01  -9.248300e-01  -9.648595e-01  -1.080574e+00  -1.280113e+00  -1.543854e+00  -1.840800e+00   0.000000e+00   2.768777e-01   5.528422e-01   8.156193e-01   1.033691e+00   1.161011e+00   1.161010e+00   1.033691e+00   8.156193e-01   5.528422e-01   2.768777e-01   0.000000e+00
   1.607343e+00   2.328100e+06   9.370000e+02   0.000000e+00  -2.973068e-01  -5.613874e-01  -7.612111e-01  -8.771078e-01  -9.172060e-01  -9.260817e-01  -9.661798e-01  -1.082076e+00  -1.281900e+00  -1.545981e+00  -1.843287e+00   0.000000e+00   2.768633e-01   5.528529e-01   8.157165e-01   1.033917e+00   1.161337e+00   1.161337e+00   1.033917e+00   8.157165e-01   5.528529e-01   2.768633e-01   0.000000e+00
   1.608621e+00   2.329500e+06   9.380000e+02   0.000000e+00  -2.976675e-01  -5.620881e-01  -7.621955e-01  -8.782750e-01  -9.184417e-01  -9.273334e-01  -9.675001e-01  -1.083580e+00  -1.283687e+00  -1.548107e+00  -1.845775e+00   0.000000e+00   2.768485e-01   5.528627e-01   8.158126e-01   1.034141e+00   1.161662e+00   1.161662e+00   1.034141e+00   8.158126e-01   5.528627e-01   2.768485e-01   0.000000e+00
   1.609898e+00   2.331000e+06   9.390000e+02   0.000000e+00  -2.980281e-01  -5.627886e-01  -7.631797e-01  -8.794421e-01  -9.196775e-01  -9.285852e-01  -9.688205e-01  -1.085083e+00  -1.285474e+00  -1.550234e+00  -1.848262e+00   0.000000e+00   2.768332e-01   5.528717e-01   8.159075e-01   1.034365e+00   1.161986e+00   1.161986e+00   1.034365e+00   8.159075e-01   5.528717e-01   2.768333e-01   0.000000e+00
   1.611175e+00   2.332500e+06   9.400000e+02   0.000000e+00  -2.983886e-01  -5.634889e-01  -7.641638e-01  -8.806091e-01  -9.209132e-01  -9.298369e-01  -9.701410e-01  -1.086586e+00  -1.287261e+00  -1.552361e+00  -1.850750e+00   0.000000e+00   2.768175e-01   5.528797e-01   8.160012e-01   1.034587e+00   1.162308e+00   1.162308e+00   1.034587e+00   8.160012e-01   5.528797e-01   2.768175e-01   0.000000e+00
   1.612451e+00   2.334000e+06   9.410000e+02   0.000000e+00  -2.987489e-01  -5.641889e-01  -7.651478e-01  -8.817761e-01  -9.221490e-01  -9.310887e-01  -9.714615e-01  -1.088090e+00  -1.289049e+00  -1.554489e+00  -1.853238e+00   0.000000e+00   2.768014e-01   5.528870e-01   8.160938e-01   1.034807e+00   1.162629e+00   1.162629e+00   1.034807e+00   8.160938e-01   5.528870e-01   2.768014e-01   0.000000e+00
   1.613727e+00   2.335500e+06   9.420000e+02   0.000000e+00  -2.991090e-01  -5.648888e-01  -7.661315e-01  -8.829430e-01  -9.233847e-01  -9.323405e-01  -9.727821e-01  -1.089594e+00  -1.290836e+00  -1.556616e+00  -1.855725e+00   0.000000e+00   2.767848e-01   5.528933e-01   8.161852e-01   1.035026e+00   1.162949e+00   1.162949e+00   1.035026e+00   8.161852e-01   5.528933e-01   2.767848e-01   0.000000e+00
   1.615003e+00   2.336900e+06   9.430000e+02   0.000000e+00  -2.994691e-01  -5.655885e-01  -7.671152e-01  -8.841098e-01  -9.246204e-01  -9.335922e-01  -9.741028e-01  -1.091097e+00  -1.292624e+00  -1.558743e+00  -1.858213e+00   0.000000e+00   2.767677e-01   5.528988e-01   8.162754e-01   1.035244e+00   1.163267e+00   1.163267e+00   1.035244e+00   8.162754e-01   5.528988e-01   2.767677e-01   0.000000e+00
   1.616278e+00   2.338400e+06   9.440000e+02   0.000000e+00  -2.998290e-01  -5.662880e-01  -7.680986e-01  -8.852766e-01  -9.258561e-01  -9.348440e-01  -9.754235e-01  -1.092601e+00  -1.294412e+00  -1.560871e+00  -1.860700e+00   0.000000e+00   2.767502e-01   5.529035e-01   8.163644e-01   1.035461e+00   1.163584e+00   1.163584e+00   1.035461e+00   8.163644e-01   5.529035e-01   2.767502e-01   0.000000e+00
   1.617553e+00   2.339900e+06   9.450000e+02   0.000000e+00  -3.001888e-01  -5.669873e-01  -7.690820e-01  -8.864433e-01  -9.270918e-01  -9.360958e-01  -9.767443e-01  -1.094106e+00  -1.296200e+00  -1.562999e+00  -1.863187e+00   0.000000e+00   2.767323e-01   5.529073e-01   8.164523e-01   1.035676e+00   1.163900e+00   1.163900e+00   1.035676e+00   8.164523e-01   5.529073e-01   2.767323e-01   0.000000e+00
   1.618828e+00   2.341400e+06   9.460000e+02   0.000000e+00  -3.005484e-01  -5.676864e-01  -7.700651e-01  -8.876099e-01  -9.283275e-01  -9.373476e-01  -9.780651e-01  -1.095610e+00  -1.297989e+00  -1.565127e+00  -1.865675e+00   0.000000e+00   2.767139e-01   5.529102e-01   8.165390e-01   1.035890e+00   1.164214e+00   1.164214e+00   1.035890e+00   8.165390e-01   5.529102e-01   2.767139e-01   0.000000e+00
   1.620102e+00   2.342900e+06   9.470000e+02   0.000000e+00  -3.009079e-01  -5.683853e-01  -7.710481e-01  -8.887765e-01  -9.295632e-01  -9.385994e-01  -9.793861e-01  -1.097114e+00  -1.299777e+00  -1.567255e+00  -1.868162e+00   0.000000e+00   2.766950e-01   5.529123e-01   8.166245e-01   1.036102e+00   1.164527e+00   1.164527e+00   1.036102e+00   8.166245e-01   5.529123e-01   2.766950e-01   0.000000e+00
   1.621375e+00   2.344400e+06   9.480000e+02   0.000000e+00  -3.012672e-01  -5.690839e-01  -7.720309e-01  -8.899430e-01  -9.307989e-01  -9.398513e-01  -9.807070e-01  -1.098619e+00  -1.301566e+00  -1.569383e+00  -1.870650e+00   0.000000e+00   2.766757e-01   5.529135e-01   8.167089e-01   1.036314e+00   1.164838e+00   1.164838e+00   1.036314e+00   8.167088e-01   5.529135e-01   2.766757e-01   0.000000e+00
   1.622648e+00   2.345900e+06   9.490000e+02   0.000000e+00  -3.016265e-01  -5.697824e-01  -7.730136e-01  -8.911095e-01  -9.320346e-01  -9.411031e-01  -9.820281e-01  -1.100124e+00  -1.303355e+00  -1.571511e+00  -1.873137e+00   0.000000e+00   2.766560e-01   5.529139e-01   8.167920e-01   1.036524e+00   1.165149e+00   1.165148e+00   1.036524e+00   8.167920e-01   5.529139e-01   2.766560e-01   0.000000e+00
   1.623921e+00   2.347400e+06   9.500000e+02   0.000000e+00  -3.019855e-01  -5.704807e-01  -7.739962e-01  -8.922759e-01  -9.332702e-01  -9.423549e-01  -9.833492e-01  -1.101629e+00  -1.305144e+00  -1.573639e+00  -1.875625e+00   0.000000e+00   2.766358e-01   5.529134e-01   8.168741e-01   1.036732e+00   1.165457e+00   1.165457e+00   1.036732e+00   8.168741e-01   5.529134e-01   2.766358e-01   0.000000e+00
   1.625193e+00   2.348900e+06   9.510000e+02   0.000000e+00  -3.023445e-01  -5.711788e-01  -7.749785e-01  -8.934422e-01  -9.345059e-01  -9.436068e-01  -9.846704e-01  -1.103134e+00  -1.306934e+00  -1.575768e+00  -1.878113e+00   0.000000e+00   2.766152e-01   5.529120e-01   8.169549e-01   1.036940e+00   1.165765e+00   1.165765e+00   1.036940e+00   8.169549e-01   5.529120e-01   2.766152e-01   0.000000e+00
   1.626465e+00   2.350400e+06   9.520000e+02   0.000000e+00  -3.027033e-01  -5.718767e-01  -7.759607e-01  -8.946085e-01  -9.357415e-01  -9.448586e-01  -9.859916e-01  -1.104639e+00  -1.308723e+00  -1.577897e+00  -1.880600e+00   0.000000e+00   2.765941e-01   5.529098e-01   8.170346e-01   1.037146e+00   1.166071e+00   1.166071e+00   1.037146e+00   8.170346e-01   5.529098e-01   2.765941e-01   0.000000e+00
   1.627737e+00   2.351900e+06   9.530000e+02   0.000000e+00  -3.030620e-01  -5.725744e-01  -7.769428e-01  -8.957747e-01  -9.369771e-01  -9.461105e-01  -9.873129e-01  -1.106145e+00  -1.310513e+00  -1.580026e+00  -1.883088e+00   0.000000e+00   2.765726e-01   5.529068e-01   8.171132e-01   1.037350e+00   1.166376e+00   1.166375e+00   1.037350e+00   8.171132e-01   5.529068e-01   2.765726e-01   0.000000e+00
   1.629008e+00   2.353400e+06   9.540000e+02   0.000000e+00  -3.034205e-01  -5.732719e-01  -7.779247e-01  -8.969408e-01  -9.382128e-01  -9.473624e-01  -9.886343e-01  -1.107650e+00  -1.312303e+00  -1.582155e+00  -1.885575e+00   0.000000e+00   2.765506e-01   5.529029e-01   8.171906e-01   1.037554e+00   1.166679e+00   1.166679e+00   1.037554e+00   8.171906e-01   5.529029e-01   2.765506e-01   0.000000e+00
   1.630278e+00   2.354900e+06   9.550000e+02   0.000000e+00  -3.037789e-01  -5.739692e-01  -7.789064e-01  -8.981069e-01  -9.394484e-01  -9.486143e-01  -9.899557e-01  -1.109156e+00  -1.314093e+00  -1.584284e+00  -1.888062e+00   0.000000e+00   2.765282e-01   5.528981e-01   8.172668e-01   1.037756e+00   1.166981e+00   1.166981e+00   1.037756e+00   8.172668e-01   5.528981e-01   2.765282e-01   0.000000e+00
   1.631549e+00   2.356500e+06   9.560000e+02   0.000000e+00  -3.041372e-01  -5.746663e-01  -7.798880e-01  -8.992729e-01  -9.406840e-01  -9.498662e-01  -9.912772e-01  -1.110662e+00  -1.315884e+00  -1.586413e+00  -1.890550e+00   0.000000e+00   2.765054e-01   5.528925e-01   8.173418e-01   1.037956e+00   1.167282e+00   1.167282e+00   1.037956e+00   8.173418e-01   5.528925e-01   2.765054e-01   0.000000e+00
   1.632819e+00   2.358000e+06   9.570000e+02   0.000000e+00  -3.044953e-01  -5.753632e-01  -7.808694e-01  -9.004388e-01  -9.419196e-01  -9.511181e-01  -9.925988e-01  -1.112168e+00  -1.317674e+00  -1.588542e+00  -1.893037e+00   0.000000e+00   2.764821e-01   5.528861e-01   8.174157e-01   1.038156e+00   1.167581e+00   1.167581e+00   1.038156e+00   8.174157e-01   5.528861e-01   2.764821e-01   0.000000e+00
   1.634088e+00   2.359500e+06   9.580000e+02   0.000000e+00  -3.048533e-01  -5.760599e-01  -7.818507e-01  -9.016047e-01  -9.431552e-01  -9.523700e-01  -9.939204e-01  -1.113674e+00  -1.319465e+00  -1.590672e+00  -1.895525e+00   0.000000e+00   2.764583e-01   5.528787e-01   8.174885e-01   1.038354e+00   1.167879e+00   1.167879e+00   1.038354e+00   8.174885e-01   5.528787e-01   2.764583e-01   0.000000e+00
   1.635357e+00   2.361000e+06   9.590000e+02   0.000000e+00  -3.052111e-01  -5.767564e-01  -7.828317e-01  -9.027705e-01  -9.443908e-01  -9.536219e-01  -9.952421e-01  -1.115181e+00  -1.321256e+00  -1.592801e+00  -1.898013e+00   0.000000e+00   2.764342e-01   5.528706e-01   8.175601e-01   1.038551e+00   1.168176e+00   1.168176e+00   1.038550e+00   8.175601e-01   5.528706e-01   2.764342e-01   0.000000e+00
   1.636626e+00   2.362500e+06   9.600000e+02   0.000000e+00  -3.055689e-01  -5.774527e-01  -7.838127e-01  -9.039362e-01  -9.456264e-01  -9.548738e-01  -9.965639e-01  -1.116687e+00  -1.323047e+00  -1.594931e+00  -1.900500e+00   0.000000e+00   2.764095e-01   5.528616e-01   8.176305e-01   1.038746e+00   1.168471e+00   1.168471e+00   1.038746e+00   8.176305e-01   5.528616e-01   2.764095e-01   0.000000e+00
   1.637894e+00   2.364000e+06   9.610000e+02   0.000000e+00  -3.059264e-01  -5.781488e-01  -7.847935e-01  -9.051019e-01  -9.468619e-01  -9.561257e-01  -9.978857e-01  -1.118194e+00  -1.324839e+00  -1.597061e+00  -1.902988e+00   0.000000e+00   2.763845e-01   5.528517e-01   8.176998e-01   1.038940e+00   1.168765e+00   1.168765e+00   1.038940e+00   8.176998e-01   5.528517e-01   2.763845e-01   0.000000e+00
   1.639162e+00   2.365600e+06   9.620000e+02   0.000000e+00  -3.062839e-01  -5.788446e-01  -7.857741e-01  -9.062675e-01  -9.480975e-01  -9.573777e-01  -9.992076e-01  -1.119701e+00  -1.326630e+00  -1.599191e+00  -1.905475e+00   0.000000e+00   2.763590e-01   5.528411e-01   8.177679e-01   1.039133e+00   1.169058e+00   1.169058e+00   1.039133e+00   8.177679e-01   5.528411e-01   2.763590e-01   0.000000e+00
   1.640429e+00   2.367100e+06   9.630000e+02   0.000000e+00  -3.066412e-01  -5.795403e-01  -7.867545e-01  -9.074331e-01  -9.493330e-01  -9.586296e-01  -1.000530e+00  -1.121208e+00  -1.328422e+00  -1.601321e+00  -1.907963e+00   0.000000e+00   2.763330e-01   5.528295e-01   8.178348e-01   1.039324e+00   1.169349e+00   1.169349e+00   1.039324e+00   8.178348e-01   5.528295e-01   2.763330e-01   0.000000e+00
   1.641696e+00   2.368600e+06   9.640000e+02   0.000000e+00  -3.069983e-01  -5.802358e-01  -7.877348e-01  -9.085985e-01  -9.505686e-01  -9.598816e-01  -1.001852e+00  -1.122715e+00  -1.330214e+00  -1.603452e+00  -1.910450e+00   0.000000e+00   2.763067e-01   5.528171e-01   8.179007e-01   1.039515e+00   1.169639e+00   1.169639e+00   1.039515e+00   8.179006e-01   5.528171e-01   2.763067e-01   0.000000e+00
   1.642963e+00   2.370200e+06   9.650000e+02   0.000000e+00  -3.073554e-01  -5.809311e-01  -7.887149e-01  -9.097639e-01  -9.518041e-01  -9.611335e-01  -1.003174e+00  -1.124223e+00  -1.332006e+00  -1.605582e+00  -1.912937e+00   0.000000e+00   2.762798e-01   5.528039e-01   8.179653e-01   1.039704e+00   1.169928e+00   1.169927e+00   1.039704e+00   8.179653e-01   5.528039e-01   2.762798e-01   0.000000e+00
   1.644229e+00   2.371700e+06   9.660000e+02   0.000000e+00  -3.077122e-01  -5.816262e-01  -7.896949e-01  -9.109293e-01  -9.530396e-01  -9.623855e-01  -1.004496e+00  -1.125730e+00  -1.333799e+00  -1.607713e+00  -1.915425e+00   0.000000e+00   2.762526e-01   5.527898e-01   8.180288e-01   1.039891e+00   1.170215e+00   1.170215e+00   1.039891e+00   8.180288e-01   5.527898e-01   2.762526e-01   0.000000e+00
   1.645495e+00   2.373200e+06   9.670000e+02   0.000000e+00  -3.080690e-01  -5.823210e-01  -7.906747e-01  -9.120946e-01  -9.542752e-01  -9.636375e-01  -1.005818e+00  -1.127238e+00  -1.335592e+00  -1.609844e+00  -1.917912e+00   0.000000e+00   2.762249e-01   5.527749e-01   8.180912e-01   1.040078e+00   1.170501e+00   1.170501e+00   1.040077e+00   8.180912e-01   5.527749e-01   2.762249e-01   0.000000e+00
   1.646761e+00   2.374800e+06   9.680000e+02   0.000000e+00  -3.084256e-01  -5.830157e-01  -7.916544e-01  -9.132598e-01  -9.555107e-01  -9.648895e-01  -1.007140e+00  -1.128746e+00  -1.337384e+00  -1.611974e+00  -1.920400e+00   0.000000e+00   2.761968e-01   5.527592e-01   8.181524e-01   1.040263e+00   1.170786e+00   1.170785e+00   1.040262e+00   8.181524e-01   5.527592e-01   2.761968e-01   0.000000e+00
   1.648026e+00   2.376300e+06   9.690000e+02   0.000000e+00  -3.087821e-01  -5.837102e-01  -7.926338e-01  -9.144249e-01  -9.567462e-01  -9.661415e-01  -1.008463e+00  -1.130254e+00  -1.339177e+00  -1.614105e+00  -1.922888e+00   0.000000e+00   2.761682e-01   5.527426e-01   8.182124e-01   1.040446e+00   1.171069e+00   1.171069e+00   1.040446e+00   8.182124e-01   5.527426e-01   2.761682e-01   0.000000e+00
   1.649291e+00   2.377900e+06   9.700000e+02   0.000000e+00  -3.091384e-01  -5.844044e-01  -7.936132e-01  -9.155900e-01  -9.579817e-01  -9.673935e-01  -1.009785e+00  -1.131762e+00  -1.340971e+00  -1.616237e+00  -1.925375e+00   0.000000e+00   2.761392e-01   5.527251e-01   8.182713e-01   1.040629e+00   1.171351e+00   1.171351e+00   1.040629e+00   8.182713e-01   5.527251e-01   2.761392e-01   0.000000e+00
   1.650555e+00   2.379400e+06   9.710000e+02   0.000000e+00  -3.094946e-01  -5.850985e-01  -7.945923e-01  -9.167550e-01  -9.592171e-01  -9.686455e-01  -1.011108e+00  -1.133270e+00  -1.342764e+00  -1.618368e+00  -1.927863e+00   0.000000e+00   2.761097e-01   5.527069e-01   8.183291e-01   1.040810e+00   1.171631e+00   1.171631e+00   1.040810e+00   8.183291e-01   5.527069e-01   2.761097e-01   0.000000e+00
   1.651819e+00   2.380900e+06   9.720000e+02   0.000000e+00  -3.098506e-01  -5.857923e-01  -7.955713e-01  -9.179200e-01  -9.604526e-01  -9.698976e-01  -1.012430e+00  -1.134779e+00  -1.344558e+00  -1.620499e+00  -1.930350e+00   0.000000e+00   2.760799e-01   5.526878e-01   8.183857e-01   1.040989e+00   1.171911e+00   1.171910e+00   1.040989e+00   8.183857e-01   5.526878e-01   2.760799e-01   0.000000e+00
   1.653083e+00   2.382500e+06   9.730000e+02   0.000000e+00  -3.102065e-01  -5.864860e-01  -7.965501e-01  -9.190849e-01  -9.616881e-01  -9.711496e-01  -1.013753e+00  -1.136287e+00  -1.346352e+00  -1.622631e+00  -1.932837e+00   0.000000e+00   2.760495e-01   5.526678e-01   8.184412e-01   1.041168e+00   1.172189e+00   1.172188e+00   1.041168e+00   8.184412e-01   5.526678e-01   2.760495e-01   0.000000e+00
   1.654346e+00   2.384000e+06   9.740000e+02   0.000000e+00  -3.105623e-01  -5.871794e-01  -7.975288e-01  -9.202497e-01  -9.629235e-01  -9.724016e-01  -1.015075e+00  -1.137796e+00  -1.348146e+00  -1.624763e+00  -1.935325e+00   0.000000e+00   2.760188e-01   5.526470e-01   8.184955e-01   1.041345e+00   1.172465e+00   1.172465e+00   1.041345e+00   8.184955e-01   5.526470e-01   2.760188e-01   0.000000e+00
   1.655609e+00   2.385600e+06   9.750000e+02   0.000000e+00  -3.109179e-01  -5.878727e-01  -7.985073e-01  -9.214144e-01  -9.641590e-01  -9.736537e-01  -1.016398e+00  -1.139305e+00  -1.349940e+00  -1.626895e+00  -1.937812e+00   0.000000e+00   2.759876e-01   5.526254e-01   8.185487e-01   1.041521e+00   1.172741e+00   1.172740e+00   1.041521e+00   8.185487e-01   5.526254e-01   2.759876e-01   0.000000e+00
   1.656871e+00   2.387100e+06   9.760000e+02   0.000000e+00  -3.112734e-01  -5.885657e-01  -7.994857e-01  -9.225791e-01  -9.653944e-01  -9.749058e-01  -1.017721e+00  -1.140814e+00  -1.351734e+00  -1.629027e+00  -1.940300e+00   0.000000e+00   2.759560e-01   5.526029e-01   8.186007e-01   1.041696e+00   1.173015e+00   1.173014e+00   1.041696e+00   8.186007e-01   5.526029e-01   2.759560e-01   0.000000e+00
   1.658133e+00   2.388700e+06   9.770000e+02   0.000000e+00  -3.116288e-01  -5.892585e-01  -8.004638e-01  -9.237437e-01  -9.666298e-01  -9.761578e-01  -1.019044e+00  -1.142324e+00  -1.353529e+00  -1.631159e+00  -1.942787e+00   0.000000e+00   2.759239e-01   5.525796e-01   8.186516e-01   1.041869e+00   1.173287e+00   1.173287e+00   1.041869e+00   8.186516e-01   5.525796e-01   2.759239e-01   0.000000e+00
   1.659395e+00   2.390300e+06   9.780000e+02   0.000000e+00  -3.119840e-01  -5.899512e-01  -8.014418e-01  -9.249083e-01  -9.678653e-01  -9.774099e-01  -1.020367e+00  -1.143833e+00  -1.355324e+00  -1.633291e+00  -1.945275e+00   0.000000e+00   2.758914e-01   5.525555e-01   8.187014e-01   1.042041e+00   1.173559e+00   1.173558e+00   1.042041e+00   8.187014e-01   5.525555e-01   2.758914e-01   0.000000e+00
   1.660656e+00   2.391800e+06   9.790000e+02   0.000000e+00  -3.123391e-01  -5.906436e-01  -8.024197e-01  -9.260727e-01  -9.691007e-01  -9.786620e-01  -1.021690e+00  -1.145343e+00  -1.357119e+00  -1.635423e+00  -1.947763e+00   0.000000e+00   2.758585e-01   5.525305e-01   8.187500e-01   1.042212e+00   1.173829e+00   1.173828e+00   1.042212e+00   8.187500e-01   5.525305e-01   2.758585e-01   0.000000e+00
   1.661917e+00   2.393400e+06   9.800000e+02   0.000000e+00  -3.126940e-01  -5.913358e-01  -8.033974e-01  -9.272371e-01  -9.703361e-01  -9.799141e-01  -1.023013e+00  -1.146853e+00  -1.358914e+00  -1.637556e+00  -1.950250e+00   0.000000e+00   2.758251e-01   5.525047e-01   8.187975e-01   1.042381e+00   1.174097e+00   1.174097e+00   1.042381e+00   8.187975e-01   5.525047e-01   2.758251e-01   0.000000e+00
   1.663178e+00   2.395000e+06   9.810000e+02   0.000000e+00  -3.130488e-01  -5.920278e-01  -8.043749e-01  -9.284015e-01  -9.715715e-01  -9.811662e-01  -1.024336e+00  -1.148363e+00  -1.360710e+00  -1.639689e+00  -1.952738e+00   0.000000e+00   2.757913e-01   5.524781e-01   8.188438e-01   1.042549e+00   1.174365e+00   1.174364e+00   1.042549e+00   8.188438e-01   5.524781e-01   2.757913e-01   0.000000e+00
   1.664438e+00   2.396500e+06   9.820000e+02   0.000000e+00  -3.134034e-01  -5.927196e-01  -8.053522e-01  -9.295658e-01  -9.728069e-01  -9.824183e-01  -1.025659e+00  -1.149873e+00  -1.362505e+00  -1.641822e+00  -1.955225e+00   0.000000e+00   2.757571e-01   5.524506e-01   8.188890e-01   1.042716e+00   1.174631e+00   1.174630e+00   1.042716e+00   8.188890e-01   5.524506e-01   2.757571e-01   0.000000e+00
   1.665698e+00   2.398100e+06   9.830000e+02   0.000000e+00  -3.137579e-01  -5.934112e-01  -8.063294e-01  -9.307300e-01  -9.740422e-01  -9.836704e-01  -1.026983e+00  -1.151383e+00  -1.364301e+00  -1.643955e+00  -1.957712e+00   0.000000e+00   2.757225e-01   5.524223e-01   8.189331e-01   1.042882e+00   1.174895e+00   1.174895e+00   1.042882e+00   8.189331e-01   5.524223e-01   2.757225e-01   0.000000e+00
   1.666958e+00   2.399700e+06   9.840000e+02   0.000000e+00  -3.141123e-01  -5.941026e-01  -8.073064e-01  -9.318941e-01  -9.752776e-01  -9.849226e-01  -1.028306e+00  -1.152894e+00  -1.366097e+00  -1.646088e+00  -1.960200e+00   0.000000e+00   2.756874e-01   5.523932e-01   8.189760e-01   1.043046e+00   1.175159e+00   1.175159e+00   1.043046e+00   8.189760e-01   5.523932e-01   2.756874e-01   0.000000e+00
   1.668217e+00   2.401200e+06   9.850000e+02   0.000000e+00  -3.144665e-01  -5.947937e-01  -8.082833e-01  -9.330582e-01  -9.765130e-01  -9.861747e-01  -1.029629e+00  -1.154404e+00  -1.367894e+00  -1.648221e+00  -1.962687e+00   0.000000e+00   2.756518e-01   5.523632e-01   8.190178e-01   1.043209e+00   1.175421e+00   1.175421e+00   1.043209e+00   8.190178e-01   5.523632e-01   2.756518e-01   0.000000e+00
   1.669476e+00   2.402800e+06   9.860000e+02   0.000000e+00  -3.148206e-01  -5.954847e-01  -8.092600e-01  -9.342222e-01  -9.777483e-01  -9.874269e-01  -1.030953e+00  -1.155915e+00  -1.369690e+00  -1.650354e+00  -1.965175e+00   0.000000e+00   2.756159e-01   5.523324e-01   8.190584e-01   1.043371e+00   1.175682e+00   1.175681e+00   1.043371e+00   8.190584e-01   5.523324e-01   2.756159e-01   0.000000e+00
   1.670734e+00   2.404400e+06   9.870000e+02   0.000000e+00  -3.151745e-01  -5.961755e-01  -8.102365e-01  -9.353861e-01  -9.789836e-01  -9.886790e-01  -1.032276e+00  -1.157426e+00  -1.371487e+00  -1.652488e+00  -1.967663e+00   0.000000e+00   2.755795e-01   5.523008e-01   8.190979e-01   1.043531e+00   1.175941e+00   1.175941e+00   1.043531e+00   8.190979e-01   5.523008e-01   2.755795e-01   0.000000e+00
   1.671992e+00   2.406000e+06   9.880000e+02   0.000000e+00  -3.155283e-01  -5.968660e-01  -8.112129e-01  -9.365500e-01  -9.802190e-01  -9.899312e-01  -1.033600e+00  -1.158937e+00  -1.373284e+00  -1.654622e+00  -1.970150e+00   0.000000e+00   2.755427e-01   5.522683e-01   8.191363e-01   1.043690e+00   1.176199e+00   1.176199e+00   1.043690e+00   8.191363e-01   5.522683e-01   2.755427e-01   0.000000e+00
   1.673250e+00   2.407600e+06   9.890000e+02   0.000000e+00  -3.158820e-01  -5.975564e-01  -8.121891e-01  -9.377138e-01  -9.814543e-01  -9.911834e-01  -1.034924e+00  -1.160449e+00  -1.375081e+00  -1.656756e+00  -1.972638e+00   0.000000e+00   2.755055e-01   5.522351e-01   8.191736e-01   1.043848e+00   1.176456e+00   1.176456e+00   1.043848e+00   8.191736e-01   5.522351e-01   2.755055e-01   0.000000e+00
   1.674507e+00   2.409100e+06   9.900000e+02   0.000000e+00  -3.162355e-01  -5.982465e-01  -8.131651e-01  -9.388775e-01  -9.826896e-01  -9.924356e-01  -1.036248e+00  -1.161960e+00  -1.376879e+00  -1.658890e+00  -1.975125e+00   0.000000e+00   2.754678e-01   5.522009e-01   8.192097e-01   1.044004e+00   1.176712e+00   1.176711e+00   1.044004e+00   8.192097e-01   5.522009e-01   2.754678e-01   0.000000e+00
   1.675764e+00   2.410700e+06   9.910000e+02   0.000000e+00  -3.165889e-01  -5.989364e-01  -8.141409e-01  -9.400411e-01  -9.839249e-01  -9.936878e-01  -1.037571e+00  -1.163472e+00  -1.378676e+00  -1.661024e+00  -1.977612e+00   0.000000e+00   2.754297e-01   5.521660e-01   8.192447e-01   1.044160e+00   1.176966e+00   1.176966e+00   1.044160e+00   8.192447e-01   5.521660e-01   2.754297e-01   0.000000e+00
   1.677021e+00   2.412300e+06   9.920000e+02   0.000000e+00  -3.169421e-01  -5.996261e-01  -8.151166e-01  -9.412047e-01  -9.851602e-01  -9.949400e-01  -1.038895e+00  -1.164983e+00  -1.380474e+00  -1.663158e+00  -1.980100e+00   0.000000e+00   2.753912e-01   5.521303e-01   8.192785e-01   1.044314e+00   1.177219e+00   1.177218e+00   1.044314e+00   8.192785e-01   5.521303e-01   2.753912e-01   0.000000e+00
   1.678277e+00   2.413900e+06   9.930000e+02   0.000000e+00  -3.172952e-01  -6.003156e-01  -8.160921e-01  -9.423683e-01  -9.863955e-01  -9.961922e-01  -1.040219e+00  -1.166495e+00  -1.382272e+00  -1.665292e+00  -1.982587e+00   0.000000e+00   2.753522e-01   5.520937e-01   8.193113e-01   1.044466e+00   1.177470e+00   1.177470e+00   1.044466e+00   8.193113e-01   5.520937e-01   2.753522e-01   0.000000e+00
   1.679533e+00   2.415500e+06   9.940000e+02   0.000000e+00  -3.176482e-01  -6.010049e-01  -8.170675e-01  -9.435317e-01  -9.876308e-01  -9.974444e-01  -1.041543e+00  -1.168008e+00  -1.384070e+00  -1.667427e+00  -1.985075e+00   0.000000e+00   2.753128e-01   5.520563e-01   8.193428e-01   1.044618e+00   1.177721e+00   1.177720e+00   1.044618e+00   8.193428e-01   5.520563e-01   2.753128e-01   0.000000e+00
   1.680788e+00   2.417100e+06   9.950000e+02   0.000000e+00  -3.180010e-01  -6.016940e-01  -8.180427e-01  -9.446951e-01  -9.888660e-01  -9.986966e-01  -1.042867e+00  -1.169520e+00  -1.385869e+00  -1.669562e+00  -1.987562e+00   0.000000e+00   2.752730e-01   5.520180e-01   8.193733e-01   1.044768e+00   1.177970e+00   1.177969e+00   1.044768e+00   8.193733e-01   5.520180e-01   2.752730e-01   0.000000e+00
   1.682044e+00   2.418700e+06   9.960000e+02   0.000000e+00  -3.183536e-01  -6.023829e-01  -8.190177e-01  -9.458584e-01  -9.901013e-01  -9.999489e-01  -1.044192e+00  -1.171032e+00  -1.387667e+00  -1.671696e+00  -1.990050e+00   0.000000e+00   2.752328e-01   5.519790e-01   8.194027e-01   1.044917e+00   1.178217e+00   1.178217e+00   1.044917e+00   8.194026e-01   5.519790e-01   2.752328e-01   0.000000e+00
   1.683298e+00   2.420300e+06   9.970000e+02   0.000000e+00  -3.187061e-01  -6.030716e-01  -8.199925e-01  -9.470216e-01  -9.913365e-01  -1.001201e+00  -1.045516e+00  -1.172545e+00  -1.389466e+00  -1.673831e+00  -1.992538e+00   0.000000e+00   2.751921e-01   5.519391e-01   8.194309e-01   1.045064e+00   1.178464e+00   1.178463e+00   1.045064e+00   8.194309e-01   5.519391e-01   2.751921e-01   0.000000e+00
   1.684553e+00   2.421900e+06   9.980000e+02   0.000000e+00  -3.190585e-01  -6.037600e-01  -8.209672e-01  -9.481848e-01  -9.925718e-01  -1.002453e+00  -1.046840e+00  -1.174058e+00  -1.391265e+00  -1.675967e+00  -1.995025e+00   0.000000e+00   2.751510e-01   5.518984e-01   8.194579e-01   1.045211e+00   1.178709e+00   1.178708e+00   1.045211e+00   8.194579e-01   5.518984e-01   2.751510e-01   0.000000e+00
   1.685807e+00   2.423500e+06   9.990000e+02   0.000000e+00  -3.194107e-01  -6.044483e-01  -8.219417e-01  -9.493479e-01  -9.938070e-01  -1.003706e+00  -1.048165e+00  -1.175571e+00  -1.393064e+00  -1.678102e+00  -1.997513e+00   0.000000e+00   2.751095e-01   5.518569e-01   8.194839e-01   1.045356e+00   1.178952e+00   1.178952e+00   1.045356e+00   8.194839e-01   5.518569e-01   2.751095e-01   0.000000e+00
