oofem.out
Slab under triangular-pulse distributed load
NlDEIDynamic nsteps 20000 deltat 1.e-6 dumpcoef 0. profileopt 1 contextOutputStep 100000 nmodules 1
vtkxmllattice primvars 1 1 cellvars 4 46 60 90 111 tstep_step 100 domain_all cross 1
domain 3d
OutputManager tstep_step 100 dofman_output { 5 }
ndofman 137 nelem 368 ncrosssect 1 nmat 1 nbc 145 nic 0 nltf 2 nset 145 
node 1 coords 3 0.000000e+00 0.000000e+00 0.000000e+00
node 2 coords 3 1.000000e+00 0.000000e+00 0.000000e+00
node 3 coords 3 1.000000e+00 1.000000e+00 0.000000e+00
node 4 coords 3 0.000000e+00 1.000000e+00 0.000000e+00
node 5 coords 3 5.000000e-01 5.000000e-01 0.000000e+00
node 6 coords 3 1.000000e-01 0.000000e+00 0.000000e+00
node 7 coords 3 2.000000e-01 0.000000e+00 0.000000e+00
node 8 coords 3 3.000000e-01 0.000000e+00 0.000000e+00
node 9 coords 3 4.000000e-01 0.000000e+00 0.000000e+00
node 10 coords 3 5.000000e-01 0.000000e+00 0.000000e+00
node 11 coords 3 6.000000e-01 0.000000e+00 0.000000e+00
node 12 coords 3 7.000000e-01 0.000000e+00 0.000000e+00
node 13 coords 3 8.000000e-01 0.000000e+00 0.000000e+00
node 14 coords 3 9.000000e-01 0.000000e+00 0.000000e+00
node 15 coords 3 1.000000e+00 1.000000e-01 0.000000e+00
node 16 coords 3 1.000000e+00 2.000000e-01 0.000000e+00
node 17 coords 3 1.000000e+00 3.000000e-01 0.000000e+00
node 18 coords 3 1.000000e+00 4.000000e-01 0.000000e+00
node 19 coords 3 1.000000e+00 5.000000e-01 0.000000e+00
node 20 coords 3 1.000000e+00 6.000000e-01 0.000000e+00
node 21 coords 3 1.000000e+00 7.000000e-01 0.000000e+00
node 22 coords 3 1.000000e+00 8.000000e-01 0.000000e+00
node 23 coords 3 1.000000e+00 9.000000e-01 0.000000e+00
node 24 coords 3 9.000000e-01 1.000000e+00 0.000000e+00
node 25 coords 3 8.000000e-01 1.000000e+00 0.000000e+00
node 26 coords 3 7.000000e-01 1.000000e+00 0.000000e+00
node 27 coords 3 6.000000e-01 1.000000e+00 0.000000e+00
node 28 coords 3 5.000000e-01 1.000000e+00 0.000000e+00
node 29 coords 3 4.000000e-01 1.000000e+00 0.000000e+00
node 30 coords 3 3.000000e-01 1.000000e+00 0.000000e+00
node 31 coords 3 2.000000e-01 1.000000e+00 0.000000e+00
node 32 coords 3 1.000000e-01 1.000000e+00 0.000000e+00
node 33 coords 3 0.000000e+00 9.000000e-01 0.000000e+00
node 34 coords 3 0.000000e+00 8.000000e-01 0.000000e+00
node 35 coords 3 0.000000e+00 7.000000e-01 0.000000e+00
node 36 coords 3 0.000000e+00 6.000000e-01 0.000000e+00
node 37 coords 3 0.000000e+00 5.000000e-01 0.000000e+00
node 38 coords 3 0.000000e+00 4.000000e-01 0.000000e+00
node 39 coords 3 0.000000e+00 3.000000e-01 0.000000e+00
node 40 coords 3 0.000000e+00 2.000000e-01 0.000000e+00
node 41 coords 3 0.000000e+00 1.000000e-01 0.000000e+00
node 42 coords 3 6.519862e-02 6.547776e-02 0.000000e+00
node 43 coords 3 1.457000e-01 8.109751e-02 0.000000e+00
node 44 coords 3 2.455874e-01 8.948154e-02 0.000000e+00
node 45 coords 3 3.486537e-01 8.990264e-02 0.000000e+00
node 46 coords 3 4.503377e-01 8.906698e-02 0.000000e+00
node 47 coords 3 5.512211e-01 8.778934e-02 0.000000e+00
node 48 coords 3 6.518596e-01 8.712538e-02 0.000000e+00
node 49 coords 3 7.538511e-01 8.725389e-02 0.000000e+00
node 50 coords 3 8.535925e-01 8.012325e-02 0.000000e+00
node 51 coords 3 9.344711e-01 6.514943e-02 0.000000e+00
node 52 coords 3 9.188319e-01 1.455910e-01 0.000000e+00
node 53 coords 3 9.104907e-01 2.454551e-01 0.000000e+00
node 54 coords 3 9.101324e-01 3.485410e-01 0.000000e+00
node 55 coords 3 9.110188e-01 4.502556e-01 0.000000e+00
node 56 coords 3 9.123158e-01 5.511577e-01 0.000000e+00
node 57 coords 3 9.129813e-01 6.518034e-01 0.000000e+00
node 58 coords 3 9.128422e-01 7.537977e-01 0.000000e+00
node 59 coords 3 9.199399e-01 8.535543e-01 0.000000e+00
node 60 coords 3 9.348745e-01 9.344558e-01 0.000000e+00
node 61 coords 3 8.544985e-01 9.187737e-01 0.000000e+00
node 62 coords 3 7.548053e-01 9.103021e-01 0.000000e+00
node 63 coords 3 6.520134e-01 9.096182e-01 0.000000e+00
node 64 coords 3 5.506163e-01 9.097743e-01 0.000000e+00
node 65 coords 3 4.496284e-01 9.098002e-01 0.000000e+00
node 66 coords 3 3.482050e-01 9.097091e-01 0.000000e+00
node 67 coords 3 2.453805e-01 9.104484e-01 0.000000e+00
node 68 coords 3 1.456345e-01 9.189198e-01 0.000000e+00
node 69 coords 3 6.520313e-02 9.345441e-01 0.000000e+00
node 70 coords 3 8.018550e-02 8.536612e-01 0.000000e+00
node 71 coords 3 8.722040e-02 7.537938e-01 0.000000e+00
node 72 coords 3 8.680565e-02 6.515139e-01 0.000000e+00
node 73 coords 3 8.674509e-02 5.504636e-01 0.000000e+00
node 74 coords 3 8.673994e-02 4.495050e-01 0.000000e+00
node 75 coords 3 8.680849e-02 3.484516e-01 0.000000e+00
node 76 coords 3 8.727566e-02 2.461641e-01 0.000000e+00
node 77 coords 3 8.029312e-02 1.462913e-01 0.000000e+00
node 78 coords 3 1.829566e-01 1.854050e-01 0.000000e+00
node 79 coords 3 2.959800e-01 1.806571e-01 0.000000e+00
node 80 coords 3 3.998578e-01 1.805229e-01 0.000000e+00
node 81 coords 3 5.023165e-01 1.765972e-01 0.000000e+00
node 82 coords 3 6.030002e-01 1.743561e-01 0.000000e+00
node 83 coords 3 7.033415e-01 1.736578e-01 0.000000e+00
node 84 coords 3 8.145317e-01 1.827691e-01 0.000000e+00
node 85 coords 3 8.194743e-01 2.958207e-01 0.000000e+00
node 86 coords 3 8.197367e-01 3.997349e-01 0.000000e+00
node 87 coords 3 8.236783e-01 5.022019e-01 0.000000e+00
node 88 coords 3 8.259250e-01 6.028847e-01 0.000000e+00
node 89 coords 3 8.266037e-01 7.032207e-01 0.000000e+00
node 90 coords 3 8.174629e-01 8.143984e-01 0.000000e+00
node 91 coords 3 7.049075e-01 8.190214e-01 0.000000e+00
node 92 coords 3 6.018391e-01 8.184595e-01 0.000000e+00
node 93 coords 3 5.002885e-01 8.203580e-01 0.000000e+00
node 94 coords 3 3.986634e-01 8.183937e-01 0.000000e+00
node 95 coords 3 2.954669e-01 8.190255e-01 0.000000e+00
node 96 coords 3 1.827931e-01 8.145365e-01 0.000000e+00
node 97 coords 3 1.733813e-01 7.029170e-01 0.000000e+00
node 98 coords 3 1.732933e-01 6.017401e-01 0.000000e+00
node 99 coords 3 1.735622e-01 4.999650e-01 0.000000e+00
node 100 coords 3 1.733383e-01 3.981605e-01 0.000000e+00
node 101 coords 3 1.735129e-01 2.969154e-01 0.000000e+00
node 102 coords 3 2.516258e-01 2.579477e-01 0.000000e+00
node 103 coords 3 3.469625e-01 2.816617e-01 0.000000e+00
node 104 coords 3 4.551969e-01 2.665175e-01 0.000000e+00
node 105 coords 3 5.550604e-01 2.625464e-01 0.000000e+00
node 106 coords 3 6.551069e-01 2.593312e-01 0.000000e+00
node 107 coords 3 7.423713e-01 2.515901e-01 0.000000e+00
node 108 coords 3 7.191795e-01 3.469811e-01 0.000000e+00
node 109 coords 3 7.341740e-01 4.550803e-01 0.000000e+00
node 110 coords 3 7.381318e-01 5.549016e-01 0.000000e+00
node 111 coords 3 7.413485e-01 6.548770e-01 0.000000e+00
node 112 coords 3 7.489413e-01 7.421303e-01 0.000000e+00
node 113 coords 3 6.546110e-01 7.185248e-01 0.000000e+00
node 114 coords 3 5.487533e-01 7.321062e-01 0.000000e+00
node 115 coords 3 4.521246e-01 7.318934e-01 0.000000e+00
node 116 coords 3 3.458904e-01 7.178220e-01 0.000000e+00
node 117 coords 3 2.512892e-01 7.418160e-01 0.000000e+00
node 118 coords 3 2.585194e-01 6.537263e-01 0.000000e+00
node 119 coords 3 2.606152e-01 5.516226e-01 0.000000e+00
node 120 coords 3 2.607263e-01 4.482926e-01 0.000000e+00
node 121 coords 3 2.587310e-01 3.459795e-01 0.000000e+00
node 122 coords 3 4.206526e-01 3.471602e-01 0.000000e+00
node 123 coords 3 5.075775e-01 3.519917e-01 0.000000e+00
node 124 coords 3 6.084787e-01 3.477474e-01 0.000000e+00
node 125 coords 3 6.543357e-01 4.205240e-01 0.000000e+00
node 126 coords 3 6.494924e-01 5.074390e-01 0.000000e+00
node 127 coords 3 6.537672e-01 6.082302e-01 0.000000e+00
node 128 coords 3 5.828228e-01 6.536409e-01 0.000000e+00
node 129 coords 3 5.006254e-01 6.483514e-01 0.000000e+00
node 130 coords 3 4.181682e-01 6.526446e-01 0.000000e+00
node 131 coords 3 3.466051e-01 6.058200e-01 0.000000e+00
node 132 coords 3 3.512383e-01 5.001087e-01 0.000000e+00
node 133 coords 3 3.472684e-01 3.940600e-01 0.000000e+00
node 134 coords 3 4.473044e-01 4.424964e-01 0.000000e+00
node 135 coords 3 5.603692e-01 4.469415e-01 0.000000e+00
node 136 coords 3 5.560996e-01 5.604034e-01 0.000000e+00
node 137 coords 3 4.455921e-01 5.585161e-01 0.000000e+00
lattice3Dnl 1 nodes 2 1 6 crossSect 1 mat 1 thickness 1.000000e-02 polycoords 12 5.000000e-02 2.182592e-02 5.000000e-03 5.000000e-02 0.000000e+00 5.000000e-03 5.000000e-02 0.000000e+00 -5.000000e-03 5.000000e-02 2.182592e-02 -5.000000e-03
lattice3Dnl 2 nodes 2 6 42 crossSect 1 mat 1 thickness 1.000000e-02 polycoords 12 5.660823e-02 1.892465e-02 5.000000e-03 1.056802e-01 4.500637e-02 5.000000e-03 1.056802e-01 4.500637e-02 -5.000000e-03 5.660823e-02 1.892465e-02 -5.000000e-03
lattice3Dnl 3 nodes 2 1 42 crossSect 1 mat 1 thickness 1.000000e-02 polycoords 12 1.593280e-02 4.933435e-02 5.000000e-03 4.933718e-02 1.607237e-02 5.000000e-03 4.933718e-02 1.607237e-02 -5.000000e-03 1.593280e-02 4.933435e-02 -5.000000e-03
lattice3Dnl 4 nodes 2 6 7 crossSect 1 mat 1 thickness 1.000000e-02 polycoords 12 1.500000e-01 2.703250e-02 5.000000e-03 1.500000e-01 0.000000e+00 5.000000e-03 1.500000e-01 0.000000e+00 -5.000000e-03 1.500000e-01 2.703250e-02 -5.000000e-03
lattice3Dnl 5 nodes 2 7 43 crossSect 1 mat 1 thickness 1.000000e-02 polycoords 12 1.498348e-01 2.513858e-02 5.000000e-03 1.971313e-01 5.680666e-02 5.000000e-03 1.971313e-01 5.680666e-02 -5.000000e-03 1.498348e-01 2.513858e-02 -5.000000e-03
lattice3Dnl 6 nodes 2 6 43 crossSect 1 mat 1 thickness 1.000000e-02 polycoords 12 1.047105e-01 5.077072e-02 5.000000e-03 1.481494e-01 2.629205e-02 5.000000e-03 1.481494e-01 2.629205e-02 -5.000000e-03 1.047105e-01 5.077072e-02 -5.000000e-03
lattice3Dnl 7 nodes 2 7 8 crossSect 1 mat 1 thickness 1.000000e-02 polycoords 12 2.500000e-01 2.982718e-02 5.000000e-03 2.500000e-01 0.000000e+00 5.000000e-03 2.500000e-01 0.000000e+00 -5.000000e-03 2.500000e-01 2.982718e-02 -5.000000e-03
lattice3Dnl 8 nodes 2 8 44 crossSect 1 mat 1 thickness 1.000000e-02 polycoords 12 2.484587e-01 2.994298e-02 5.000000e-03 2.979372e-01 6.003019e-02 5.000000e-03 2.979372e-01 6.003019e-02 -5.000000e-03 2.484587e-01 2.994298e-02 -5.000000e-03
lattice3Dnl 9 nodes 2 7 44 crossSect 1 mat 1 thickness 1.000000e-02 polycoords 12 1.974894e-01 5.763233e-02 5.000000e-03 2.492582e-01 3.125814e-02 5.000000e-03 2.492582e-01 3.125814e-02 -5.000000e-03 1.974894e-01 5.763233e-02 -5.000000e-03
lattice3Dnl 10 nodes 2 8 9 crossSect 1 mat 1 thickness 1.000000e-02 polycoords 12 3.500000e-01 2.996755e-02 5.000000e-03 3.500000e-01 0.000000e+00 5.000000e-03 3.500000e-01 0.000000e+00 -5.000000e-03 3.500000e-01 2.996755e-02 -5.000000e-03
lattice3Dnl 11 nodes 2 9 45 crossSect 1 mat 1 thickness 1.000000e-02 polycoords 12 3.491922e-01 3.059612e-02 5.000000e-03 3.997647e-01 5.947975e-02 5.000000e-03 3.997647e-01 5.947975e-02 -5.000000e-03 3.491922e-01 3.059612e-02 -5.000000e-03
lattice3Dnl 12 nodes 2 8 45 crossSect 1 mat 1 thickness 1.000000e-02 polycoords 12 2.978128e-01 5.930025e-02 5.000000e-03 3.501091e-01 3.099842e-02 5.000000e-03 3.501091e-01 3.099842e-02 -5.000000e-03 2.978128e-01 5.930025e-02 -5.000000e-03
lattice3Dnl 13 nodes 2 9 10 crossSect 1 mat 1 thickness 1.000000e-02 polycoords 12 4.500000e-01 2.968899e-02 5.000000e-03 4.500000e-01 0.000000e+00 5.000000e-03 4.500000e-01 0.000000e+00 -5.000000e-03 4.500000e-01 2.968899e-02 -5.000000e-03
lattice3Dnl 14 nodes 2 10 46 crossSect 1 mat 1 thickness 1.000000e-02 polycoords 12 4.497410e-01 3.035534e-02 5.000000e-03 5.006401e-01 5.873589e-02 5.000000e-03 5.006401e-01 5.873589e-02 -5.000000e-03 4.497410e-01 3.035534e-02 -5.000000e-03
lattice3Dnl 15 nodes 2 9 46 crossSect 1 mat 1 thickness 1.000000e-02 polycoords 12 3.993603e-01 5.911960e-02 5.000000e-03 4.504326e-01 3.025526e-02 5.000000e-03 4.504326e-01 3.025526e-02 -5.000000e-03 3.993603e-01 5.911960e-02 -5.000000e-03
lattice3Dnl 16 nodes 2 10 11 crossSect 1 mat 1 thickness 1.000000e-02 polycoords 12 5.500000e-01 2.926311e-02 5.000000e-03 5.500000e-01 0.000000e+00 5.000000e-03 5.500000e-01 0.000000e+00 -5.000000e-03 5.500000e-01 2.926311e-02 -5.000000e-03
lattice3Dnl 17 nodes 2 11 47 crossSect 1 mat 1 thickness 1.000000e-02 polycoords 12 5.501406e-01 2.974264e-02 5.000000e-03 6.011492e-01 5.808485e-02 5.000000e-03 6.011492e-01 5.808485e-02 -5.000000e-03 5.501406e-01 2.974264e-02 -5.000000e-03
lattice3Dnl 18 nodes 2 10 47 crossSect 1 mat 1 thickness 1.000000e-02 polycoords 12 5.003376e-01 5.864026e-02 5.000000e-03 5.504784e-01 2.938541e-02 5.000000e-03 5.504784e-01 2.938541e-02 -5.000000e-03 5.003376e-01 5.864026e-02 -5.000000e-03
lattice3Dnl 19 nodes 2 11 12 crossSect 1 mat 1 thickness 1.000000e-02 polycoords 12 6.500000e-01 2.904179e-02 5.000000e-03 6.500000e-01 0.000000e+00 5.000000e-03 6.500000e-01 0.000000e+00 -5.000000e-03 6.500000e-01 2.904179e-02 -5.000000e-03
lattice3Dnl 20 nodes 2 12 48 crossSect 1 mat 1 thickness 1.000000e-02 polycoords 12 6.503929e-01 2.945251e-02 5.000000e-03 7.019934e-01 5.796389e-02 5.000000e-03 7.019934e-01 5.796389e-02 -5.000000e-03 6.503929e-01 2.945251e-02 -5.000000e-03
lattice3Dnl 21 nodes 2 11 48 crossSect 1 mat 1 thickness 1.000000e-02 polycoords 12 6.010624e-01 5.836452e-02 5.000000e-03 6.505428e-01 2.891231e-02 5.000000e-03 6.505428e-01 2.891231e-02 -5.000000e-03 6.010624e-01 5.836452e-02 -5.000000e-03
lattice3Dnl 22 nodes 2 12 13 crossSect 1 mat 1 thickness 1.000000e-02 polycoords 12 7.500000e-01 2.908463e-02 5.000000e-03 7.500000e-01 0.000000e+00 5.000000e-03 7.500000e-01 0.000000e+00 -5.000000e-03 7.500000e-01 2.908463e-02 -5.000000e-03
lattice3Dnl 23 nodes 2 13 49 crossSect 1 mat 1 thickness 1.000000e-02 polycoords 12 7.508786e-01 2.985061e-02 5.000000e-03 8.019228e-01 5.684810e-02 5.000000e-03 8.019228e-01 5.684810e-02 -5.000000e-03 7.508786e-01 2.985061e-02 -5.000000e-03
lattice3Dnl 24 nodes 2 12 49 crossSect 1 mat 1 thickness 1.000000e-02 polycoords 12 7.023253e-01 5.880968e-02 5.000000e-03 7.510643e-01 2.872909e-02 5.000000e-03 7.510643e-01 2.872909e-02 -5.000000e-03 7.023253e-01 5.880968e-02 -5.000000e-03
lattice3Dnl 25 nodes 2 13 14 crossSect 1 mat 1 thickness 1.000000e-02 polycoords 12 8.500000e-01 2.670775e-02 5.000000e-03 8.500000e-01 0.000000e+00 5.000000e-03 8.500000e-01 0.000000e+00 -5.000000e-03 8.500000e-01 2.670775e-02 -5.000000e-03
lattice3Dnl 26 nodes 2 14 50 crossSect 1 mat 1 thickness 1.000000e-02 polycoords 12 8.518363e-01 2.560481e-02 5.000000e-03 8.948188e-01 5.050027e-02 5.000000e-03 8.948188e-01 5.050027e-02 -5.000000e-03 8.518363e-01 2.560481e-02 -5.000000e-03
lattice3Dnl 27 nodes 2 13 50 crossSect 1 mat 1 thickness 1.000000e-02 polycoords 12 8.027275e-01 5.616064e-02 5.000000e-03 8.498261e-01 2.465749e-02 5.000000e-03 8.498261e-01 2.465749e-02 -5.000000e-03 8.027275e-01 5.616064e-02 -5.000000e-03
lattice3Dnl 28 nodes 2 2 14 crossSect 1 mat 1 thickness 1.000000e-02 polycoords 12 9.500000e-01 0.000000e+00 5.000000e-03 9.500000e-01 2.171648e-02 5.000000e-03 9.500000e-01 2.171648e-02 -5.000000e-03 9.500000e-01 0.000000e+00 -5.000000e-03
lattice3Dnl 29 nodes 2 2 51 crossSect 1 mat 1 thickness 1.000000e-02 polycoords 12 9.506657e-01 1.590833e-02 5.000000e-03 9.839019e-01 4.933817e-02 5.000000e-03 9.839019e-01 4.933817e-02 -5.000000e-03 9.506657e-01 1.590833e-02 -5.000000e-03
lattice3Dnl 30 nodes 2 14 51 crossSect 1 mat 1 thickness 1.000000e-02 polycoords 12 8.941094e-01 4.481095e-02 5.000000e-03 9.432781e-01 1.879537e-02 5.000000e-03 9.432781e-01 1.879537e-02 -5.000000e-03 8.941094e-01 4.481095e-02 -5.000000e-03
lattice3Dnl 31 nodes 2 2 15 crossSect 1 mat 1 thickness 1.000000e-02 polycoords 12 9.781570e-01 5.000000e-02 5.000000e-03 1.000000e+00 5.000000e-02 5.000000e-03 1.000000e+00 5.000000e-02 -5.000000e-03 9.781570e-01 5.000000e-02 -5.000000e-03
lattice3Dnl 32 nodes 2 15 51 crossSect 1 mat 1 thickness 1.000000e-02 polycoords 12 9.810547e-01 5.659088e-02 5.000000e-03 9.549698e-01 1.056377e-01 5.000000e-03 9.549698e-01 1.056377e-01 -5.000000e-03 9.810547e-01 5.659088e-02 -5.000000e-03
lattice3Dnl 33 nodes 2 15 16 crossSect 1 mat 1 thickness 1.000000e-02 polycoords 12 9.729440e-01 1.500000e-01 5.000000e-03 1.000000e+00 1.500000e-01 5.000000e-03 1.000000e+00 1.500000e-01 -5.000000e-03 9.729440e-01 1.500000e-01 -5.000000e-03
lattice3Dnl 34 nodes 2 16 52 crossSect 1 mat 1 thickness 1.000000e-02 polycoords 12 9.748328e-01 1.497965e-01 5.000000e-03 9.431581e-01 1.970492e-01 5.000000e-03 9.431581e-01 1.970492e-01 -5.000000e-03 9.748328e-01 1.497965e-01 -5.000000e-03
lattice3Dnl 35 nodes 2 15 52 crossSect 1 mat 1 thickness 1.000000e-02 polycoords 12 9.492173e-01 1.046382e-01 5.000000e-03 9.736486e-01 1.481346e-01 5.000000e-03 9.736486e-01 1.481346e-01 -5.000000e-03 9.492173e-01 1.046382e-01 -5.000000e-03
lattice3Dnl 36 nodes 2 16 17 crossSect 1 mat 1 thickness 1.000000e-02 polycoords 12 9.701636e-01 2.500000e-01 5.000000e-03 1.000000e+00 2.500000e-01 5.000000e-03 1.000000e+00 2.500000e-01 -5.000000e-03 9.701636e-01 2.500000e-01 -5.000000e-03
lattice3Dnl 37 nodes 2 17 53 crossSect 1 mat 1 thickness 1.000000e-02 polycoords 12 9.700576e-01 2.484204e-01 5.000000e-03 9.399437e-01 2.978378e-01 5.000000e-03 9.399437e-01 2.978378e-01 -5.000000e-03 9.700576e-01 2.484204e-01 -5.000000e-03
lattice3Dnl 38 nodes 2 16 53 crossSect 1 mat 1 thickness 1.000000e-02 polycoords 12 9.423766e-01 1.973866e-01 5.000000e-03 9.687025e-01 2.492270e-01 5.000000e-03 9.687025e-01 2.492270e-01 -5.000000e-03 9.423766e-01 1.973866e-01 -5.000000e-03
lattice3Dnl 39 nodes 2 17 18 crossSect 1 mat 1 thickness 1.000000e-02 polycoords 12 9.700441e-01 3.500000e-01 5.000000e-03 1.000000e+00 3.500000e-01 5.000000e-03 1.000000e+00 3.500000e-01 -5.000000e-03 9.700441e-01 3.500000e-01 -5.000000e-03
lattice3Dnl 40 nodes 2 18 54 crossSect 1 mat 1 thickness 1.000000e-02 polycoords 12 9.694402e-01 3.491679e-01 5.000000e-03 9.405187e-01 3.996762e-01 5.000000e-03 9.405187e-01 3.996762e-01 -5.000000e-03 9.694402e-01 3.491679e-01 -5.000000e-03
lattice3Dnl 41 nodes 2 17 54 crossSect 1 mat 1 thickness 1.000000e-02 polycoords 12 9.407249e-01 2.977194e-01 5.000000e-03 9.690044e-01 3.500753e-01 5.000000e-03 9.690044e-01 3.500753e-01 -5.000000e-03 9.407249e-01 2.977194e-01 -5.000000e-03
lattice3Dnl 42 nodes 2 18 19 crossSect 1 mat 1 thickness 1.000000e-02 polycoords 12 9.703396e-01 4.500000e-01 5.000000e-03 1.000000e+00 4.500000e-01 5.000000e-03 1.000000e+00 4.500000e-01 -5.000000e-03 9.703396e-01 4.500000e-01 -5.000000e-03
lattice3Dnl 43 nodes 2 19 55 crossSect 1 mat 1 thickness 1.000000e-02 polycoords 12 9.697070e-01 4.497316e-01 5.000000e-03 9.412867e-01 5.005690e-01 5.000000e-03 9.412867e-01 5.005690e-01 -5.000000e-03 9.697070e-01 4.497316e-01 -5.000000e-03
lattice3Dnl 44 nodes 2 18 55 crossSect 1 mat 1 thickness 1.000000e-02 polycoords 12 9.409199e-01 3.992960e-01 5.000000e-03 9.697827e-01 4.503997e-01 5.000000e-03 9.697827e-01 4.503997e-01 -5.000000e-03 9.409199e-01 3.992960e-01 -5.000000e-03
lattice3Dnl 45 nodes 2 19 20 crossSect 1 mat 1 thickness 1.000000e-02 polycoords 12 9.707719e-01 5.500000e-01 5.000000e-03 1.000000e+00 5.500000e-01 5.000000e-03 1.000000e+00 5.500000e-01 -5.000000e-03 9.707719e-01 5.500000e-01 -5.000000e-03
lattice3Dnl 46 nodes 2 20 56 crossSect 1 mat 1 thickness 1.000000e-02 polycoords 12 9.703286e-01 5.501389e-01 5.000000e-03 9.419483e-01 6.010887e-01 5.000000e-03 9.419483e-01 6.010887e-01 -5.000000e-03 9.703286e-01 5.501389e-01 -5.000000e-03
lattice3Dnl 47 nodes 2 19 56 crossSect 1 mat 1 thickness 1.000000e-02 polycoords 12 9.414083e-01 5.002980e-01 5.000000e-03 9.706669e-01 5.504472e-01 5.000000e-03 9.706669e-01 5.504472e-01 -5.000000e-03 9.414083e-01 5.002980e-01 -5.000000e-03
lattice3Dnl 48 nodes 2 20 21 crossSect 1 mat 1 thickness 1.000000e-02 polycoords 12 9.709938e-01 6.500000e-01 5.000000e-03 1.000000e+00 6.500000e-01 5.000000e-03 1.000000e+00 6.500000e-01 -5.000000e-03 9.709938e-01 6.500000e-01 -5.000000e-03
lattice3Dnl 49 nodes 2 21 57 crossSect 1 mat 1 thickness 1.000000e-02 polycoords 12 9.706188e-01 6.503934e-01 5.000000e-03 9.420699e-01 7.019383e-01 5.000000e-03 9.420699e-01 7.019383e-01 -5.000000e-03 9.706188e-01 6.503934e-01 -5.000000e-03
lattice3Dnl 50 nodes 2 20 57 crossSect 1 mat 1 thickness 1.000000e-02 polycoords 12 9.416866e-01 6.010341e-01 5.000000e-03 9.711420e-01 6.505129e-01 5.000000e-03 9.711420e-01 6.505129e-01 -5.000000e-03 9.416866e-01 6.010341e-01 -5.000000e-03
lattice3Dnl 51 nodes 2 21 22 crossSect 1 mat 1 thickness 1.000000e-02 polycoords 12 9.709474e-01 7.500000e-01 5.000000e-03 1.000000e+00 7.500000e-01 5.000000e-03 1.000000e+00 7.500000e-01 -5.000000e-03 9.709474e-01 7.500000e-01 -5.000000e-03
lattice3Dnl 52 nodes 2 22 58 crossSect 1 mat 1 thickness 1.000000e-02 polycoords 12 9.702149e-01 7.508776e-01 5.000000e-03 9.431798e-01 8.018777e-01 5.000000e-03 9.431798e-01 8.018777e-01 -5.000000e-03 9.702149e-01 7.508776e-01 -5.000000e-03
lattice3Dnl 53 nodes 2 21 58 crossSect 1 mat 1 thickness 1.000000e-02 polycoords 12 9.412382e-01 7.023010e-01 5.000000e-03 9.713197e-01 7.510361e-01 5.000000e-03 9.713197e-01 7.510361e-01 -5.000000e-03 9.412382e-01 7.023010e-01 -5.000000e-03
lattice3Dnl 54 nodes 2 22 23 crossSect 1 mat 1 thickness 1.000000e-02 polycoords 12 9.733133e-01 8.500000e-01 5.000000e-03 1.000000e+00 8.500000e-01 5.000000e-03 1.000000e+00 8.500000e-01 -5.000000e-03 9.733133e-01 8.500000e-01 -5.000000e-03
lattice3Dnl 55 nodes 2 23 59 crossSect 1 mat 1 thickness 1.000000e-02 polycoords 12 9.744384e-01 8.518374e-01 5.000000e-03 9.495183e-01 8.947929e-01 5.000000e-03 9.495183e-01 8.947929e-01 -5.000000e-03 9.744384e-01 8.518374e-01 -5.000000e-03
lattice3Dnl 56 nodes 2 22 59 crossSect 1 mat 1 thickness 1.000000e-02 polycoords 12 9.438715e-01 8.027110e-01 5.000000e-03 9.753745e-01 8.498060e-01 5.000000e-03 9.753745e-01 8.498060e-01 -5.000000e-03 9.438715e-01 8.027110e-01 -5.000000e-03
lattice3Dnl 57 nodes 2 3 23 crossSect 1 mat 1 thickness 1.000000e-02 polycoords 12 1.000000e+00 9.500000e-01 5.000000e-03 9.782915e-01 9.500000e-01 5.000000e-03 9.782915e-01 9.500000e-01 -5.000000e-03 1.000000e+00 9.500000e-01 -5.000000e-03
lattice3Dnl 58 nodes 2 3 60 crossSect 1 mat 1 thickness 1.000000e-02 polycoords 12 9.841036e-01 9.506680e-01 5.000000e-03 9.506638e-01 9.838942e-01 5.000000e-03 9.506638e-01 9.838942e-01 -5.000000e-03 9.841036e-01 9.506680e-01 -5.000000e-03
lattice3Dnl 59 nodes 2 23 60 crossSect 1 mat 1 thickness 1.000000e-02 polycoords 12 9.552013e-01 8.941006e-01 5.000000e-03 9.812160e-01 9.432714e-01 5.000000e-03 9.812160e-01 9.432714e-01 -5.000000e-03 9.552013e-01 8.941006e-01 -5.000000e-03
lattice3Dnl 60 nodes 2 3 24 crossSect 1 mat 1 thickness 1.000000e-02 polycoords 12 9.500000e-01 9.781519e-01 5.000000e-03 9.500000e-01 1.000000e+00 5.000000e-03 9.500000e-01 1.000000e+00 -5.000000e-03 9.500000e-01 9.781519e-01 -5.000000e-03
lattice3Dnl 61 nodes 2 24 60 crossSect 1 mat 1 thickness 1.000000e-02 polycoords 12 9.434159e-01 9.810505e-01 5.000000e-03 8.943890e-01 9.549645e-01 5.000000e-03 8.943890e-01 9.549645e-01 -5.000000e-03 9.434159e-01 9.810505e-01 -5.000000e-03
lattice3Dnl 62 nodes 2 24 25 crossSect 1 mat 1 thickness 1.000000e-02 polycoords 12 8.500000e-01 9.729246e-01 5.000000e-03 8.500000e-01 1.000000e+00 5.000000e-03 8.500000e-01 1.000000e+00 -5.000000e-03 8.500000e-01 9.729246e-01 -5.000000e-03
lattice3Dnl 63 nodes 2 25 61 crossSect 1 mat 1 thickness 1.000000e-02 polycoords 12 8.502351e-01 9.748091e-01 5.000000e-03 8.030274e-01 9.431353e-01 5.000000e-03 8.030274e-01 9.431353e-01 -5.000000e-03 8.502351e-01 9.748091e-01 -5.000000e-03
lattice3Dnl 64 nodes 2 24 61 crossSect 1 mat 1 thickness 1.000000e-02 polycoords 12 8.954131e-01 9.492118e-01 5.000000e-03 8.518776e-01 9.735996e-01 5.000000e-03 8.518776e-01 9.735996e-01 -5.000000e-03 8.954131e-01 9.492118e-01 -5.000000e-03
lattice3Dnl 65 nodes 2 25 26 crossSect 1 mat 1 thickness 1.000000e-02 polycoords 12 7.500000e-01 9.701007e-01 5.000000e-03 7.500000e-01 1.000000e+00 5.000000e-03 7.500000e-01 1.000000e+00 -5.000000e-03 7.500000e-01 9.701007e-01 -5.000000e-03
lattice3Dnl 66 nodes 2 26 62 crossSect 1 mat 1 thickness 1.000000e-02 polycoords 12 7.516747e-01 9.699813e-01 5.000000e-03 7.023515e-01 9.398448e-01 5.000000e-03 7.023515e-01 9.398448e-01 -5.000000e-03 7.516747e-01 9.699813e-01 -5.000000e-03
lattice3Dnl 67 nodes 2 25 62 crossSect 1 mat 1 thickness 1.000000e-02 polycoords 12 8.027707e-01 9.423692e-01 5.000000e-03 7.508183e-01 9.685457e-01 5.000000e-03 7.508183e-01 9.685457e-01 -5.000000e-03 8.027707e-01 9.423692e-01 -5.000000e-03
lattice3Dnl 68 nodes 2 26 27 crossSect 1 mat 1 thickness 1.000000e-02 polycoords 12 6.500000e-01 9.698727e-01 5.000000e-03 6.500000e-01 1.000000e+00 5.000000e-03 6.500000e-01 1.000000e+00 -5.000000e-03 6.500000e-01 9.698727e-01 -5.000000e-03
lattice3Dnl 69 nodes 2 27 63 crossSect 1 mat 1 thickness 1.000000e-02 polycoords 12 6.510471e-01 9.692195e-01 5.000000e-03 6.006390e-01 9.402103e-01 5.000000e-03 6.006390e-01 9.402103e-01 -5.000000e-03 6.510471e-01 9.692195e-01 -5.000000e-03
lattice3Dnl 70 nodes 2 26 63 crossSect 1 mat 1 thickness 1.000000e-02 polycoords 12 7.026416e-01 9.406678e-01 5.000000e-03 6.500034e-01 9.686151e-01 5.000000e-03 6.500034e-01 9.686151e-01 -5.000000e-03 7.026416e-01 9.406678e-01 -5.000000e-03
lattice3Dnl 71 nodes 2 27 28 crossSect 1 mat 1 thickness 1.000000e-02 polycoords 12 5.500000e-01 9.699248e-01 5.000000e-03 5.500000e-01 1.000000e+00 5.000000e-03 5.500000e-01 1.000000e+00 -5.000000e-03 5.500000e-01 9.699248e-01 -5.000000e-03
lattice3Dnl 72 nodes 2 28 64 crossSect 1 mat 1 thickness 1.000000e-02 polycoords 12 5.506621e-01 9.691107e-01 5.000000e-03 4.997074e-01 9.405252e-01 5.000000e-03 4.997074e-01 9.405252e-01 -5.000000e-03 5.506621e-01 9.691107e-01 -5.000000e-03
lattice3Dnl 73 nodes 2 27 64 crossSect 1 mat 1 thickness 1.000000e-02 polycoords 12 6.013378e-01 9.406402e-01 5.000000e-03 5.496588e-01 9.689260e-01 5.000000e-03 5.496588e-01 9.689260e-01 -5.000000e-03 6.013378e-01 9.406402e-01 -5.000000e-03
lattice3Dnl 74 nodes 2 28 29 crossSect 1 mat 1 thickness 1.000000e-02 polycoords 12 4.500000e-01 9.699334e-01 5.000000e-03 4.500000e-01 1.000000e+00 5.000000e-03 4.500000e-01 1.000000e+00 -5.000000e-03 4.500000e-01 9.699334e-01 -5.000000e-03
lattice3Dnl 75 nodes 2 29 65 crossSect 1 mat 1 thickness 1.000000e-02 polycoords 12 4.504016e-01 9.689784e-01 5.000000e-03 3.988498e-01 9.406144e-01 5.000000e-03 3.988498e-01 9.406144e-01 -5.000000e-03 4.504016e-01 9.689784e-01 -5.000000e-03
lattice3Dnl 76 nodes 2 28 65 crossSect 1 mat 1 thickness 1.000000e-02 polycoords 12 5.004781e-01 9.405682e-01 5.000000e-03 4.494050e-01 9.690897e-01 5.000000e-03 4.494050e-01 9.690897e-01 -5.000000e-03 5.004781e-01 9.405682e-01 -5.000000e-03
lattice3Dnl 77 nodes 2 29 30 crossSect 1 mat 1 thickness 1.000000e-02 polycoords 12 3.500000e-01 9.699030e-01 5.000000e-03 3.500000e-01 1.000000e+00 5.000000e-03 3.500000e-01 1.000000e+00 -5.000000e-03 3.500000e-01 9.699030e-01 -5.000000e-03
lattice3Dnl 78 nodes 2 30 66 crossSect 1 mat 1 thickness 1.000000e-02 polycoords 12 3.500422e-01 9.687034e-01 5.000000e-03 2.975326e-01 9.406692e-01 5.000000e-03 2.975326e-01 9.406692e-01 -5.000000e-03 3.500422e-01 9.687034e-01 -5.000000e-03
lattice3Dnl 79 nodes 2 29 66 crossSect 1 mat 1 thickness 1.000000e-02 polycoords 12 3.995266e-01 9.402701e-01 5.000000e-03 3.490223e-01 9.692417e-01 5.000000e-03 3.490223e-01 9.692417e-01 -5.000000e-03 3.995266e-01 9.402701e-01 -5.000000e-03
lattice3Dnl 80 nodes 2 30 31 crossSect 1 mat 1 thickness 1.000000e-02 polycoords 12 2.500000e-01 9.701495e-01 5.000000e-03 2.500000e-01 1.000000e+00 5.000000e-03 2.500000e-01 1.000000e+00 -5.000000e-03 2.500000e-01 9.701495e-01 -5.000000e-03
lattice3Dnl 81 nodes 2 31 67 crossSect 1 mat 1 thickness 1.000000e-02 polycoords 12 2.492127e-01 9.686645e-01 5.000000e-03 1.973738e-01 9.423950e-01 5.000000e-03 1.973738e-01 9.423950e-01 -5.000000e-03 2.492127e-01 9.686645e-01 -5.000000e-03
lattice3Dnl 82 nodes 2 30 67 crossSect 1 mat 1 thickness 1.000000e-02 polycoords 12 2.977814e-01 9.399206e-01 5.000000e-03 2.483949e-01 9.700425e-01 5.000000e-03 2.483949e-01 9.700425e-01 -5.000000e-03 2.977814e-01 9.399206e-01 -5.000000e-03
lattice3Dnl 83 nodes 2 31 32 crossSect 1 mat 1 thickness 1.000000e-02 polycoords 12 1.500000e-01 9.729733e-01 5.000000e-03 1.500000e-01 1.000000e+00 5.000000e-03 1.500000e-01 1.000000e+00 -5.000000e-03 1.500000e-01 9.729733e-01 -5.000000e-03
lattice3Dnl 84 nodes 2 32 68 crossSect 1 mat 1 thickness 1.000000e-02 polycoords 12 1.481315e-01 9.737076e-01 5.000000e-03 1.046827e-01 9.492532e-01 5.000000e-03 1.046827e-01 9.492532e-01 -5.000000e-03 1.481315e-01 9.737076e-01 -5.000000e-03
lattice3Dnl 85 nodes 2 31 68 crossSect 1 mat 1 thickness 1.000000e-02 polycoords 12 1.970600e-01 9.432048e-01 5.000000e-03 1.498222e-01 9.748784e-01 5.000000e-03 1.498222e-01 9.748784e-01 -5.000000e-03 1.970600e-01 9.432048e-01 -5.000000e-03
lattice3Dnl 86 nodes 2 4 32 crossSect 1 mat 1 thickness 1.000000e-02 polycoords 12 5.000000e-02 1.000000e+00 5.000000e-03 5.000000e-02 9.781814e-01 5.000000e-03 5.000000e-02 9.781814e-01 -5.000000e-03 5.000000e-02 1.000000e+00 -5.000000e-03
lattice3Dnl 87 nodes 2 4 69 crossSect 1 mat 1 thickness 1.000000e-02 polycoords 12 4.933272e-02 9.839386e-01 5.000000e-03 1.593502e-02 9.506699e-01 5.000000e-03 1.593502e-02 9.506699e-01 -5.000000e-03 4.933272e-02 9.839386e-01 -5.000000e-03
lattice3Dnl 88 nodes 2 32 69 crossSect 1 mat 1 thickness 1.000000e-02 polycoords 12 1.056633e-01 9.550123e-01 5.000000e-03 5.661283e-02 9.810879e-01 5.000000e-03 5.661283e-02 9.810879e-01 -5.000000e-03 1.056633e-01 9.550123e-01 -5.000000e-03
lattice3Dnl 89 nodes 2 4 33 crossSect 1 mat 1 thickness 1.000000e-02 polycoords 12 2.173438e-02 9.500000e-01 5.000000e-03 0.000000e+00 9.500000e-01 5.000000e-03 0.000000e+00 9.500000e-01 -5.000000e-03 2.173438e-02 9.500000e-01 -5.000000e-03
lattice3Dnl 90 nodes 2 33 69 crossSect 1 mat 1 thickness 1.000000e-02 polycoords 12 1.881222e-02 9.432999e-01 5.000000e-03 4.484932e-02 8.941540e-01 5.000000e-03 4.484932e-02 8.941540e-01 -5.000000e-03 1.881222e-02 9.432999e-01 -5.000000e-03
lattice3Dnl 91 nodes 2 33 34 crossSect 1 mat 1 thickness 1.000000e-02 polycoords 12 2.672850e-02 8.500000e-01 5.000000e-03 0.000000e+00 8.500000e-01 5.000000e-03 0.000000e+00 8.500000e-01 -5.000000e-03 2.672850e-02 8.500000e-01 -5.000000e-03
lattice3Dnl 92 nodes 2 34 70 crossSect 1 mat 1 thickness 1.000000e-02 polycoords 12 2.468565e-02 8.498533e-01 5.000000e-03 5.620476e-02 8.027546e-01 5.000000e-03 5.620476e-02 8.027546e-01 -5.000000e-03 2.468565e-02 8.498533e-01 -5.000000e-03
lattice3Dnl 93 nodes 2 33 70 crossSect 1 mat 1 thickness 1.000000e-02 polycoords 12 5.052239e-02 8.948783e-01 5.000000e-03 2.565219e-02 8.518424e-01 5.000000e-03 2.565219e-02 8.518424e-01 -5.000000e-03 5.052239e-02 8.948783e-01 -5.000000e-03
lattice3Dnl 94 nodes 2 34 35 crossSect 1 mat 1 thickness 1.000000e-02 polycoords 12 2.907347e-02 7.500000e-01 5.000000e-03 0.000000e+00 7.500000e-01 5.000000e-03 0.000000e+00 7.500000e-01 -5.000000e-03 2.907347e-02 7.500000e-01 -5.000000e-03
lattice3Dnl 95 nodes 2 35 71 crossSect 1 mat 1 thickness 1.000000e-02 polycoords 12 2.871688e-02 7.510447e-01 5.000000e-03 5.880499e-02 7.022604e-01 5.000000e-03 5.880499e-02 7.022604e-01 -5.000000e-03 2.871688e-02 7.510447e-01 -5.000000e-03
lattice3Dnl 96 nodes 2 34 71 crossSect 1 mat 1 thickness 1.000000e-02 polycoords 12 5.686695e-02 8.019208e-01 5.000000e-03 2.982128e-02 7.508685e-01 5.000000e-03 2.982128e-02 7.508685e-01 -5.000000e-03 5.686695e-02 8.019208e-01 -5.000000e-03
lattice3Dnl 97 nodes 2 35 36 crossSect 1 mat 1 thickness 1.000000e-02 polycoords 12 2.893522e-02 6.500000e-01 5.000000e-03 0.000000e+00 6.500000e-01 5.000000e-03 0.000000e+00 6.500000e-01 -5.000000e-03 2.893522e-02 6.500000e-01 -5.000000e-03
lattice3Dnl 98 nodes 2 36 72 crossSect 1 mat 1 thickness 1.000000e-02 polycoords 12 2.877352e-02 6.504087e-01 5.000000e-03 5.818051e-02 6.008552e-01 5.000000e-03 5.818051e-02 6.008552e-01 -5.000000e-03 2.877352e-02 6.504087e-01 -5.000000e-03
lattice3Dnl 99 nodes 2 35 72 crossSect 1 mat 1 thickness 1.000000e-02 polycoords 12 5.795043e-02 7.018018e-01 5.000000e-03 2.921166e-02 6.503502e-01 5.000000e-03 2.921166e-02 6.503502e-01 -5.000000e-03 5.795043e-02 7.018018e-01 -5.000000e-03
lattice3Dnl 100 nodes 2 36 37 crossSect 1 mat 1 thickness 1.000000e-02 polycoords 12 2.891503e-02 5.500000e-01 5.000000e-03 0.000000e+00 5.500000e-01 5.000000e-03 0.000000e+00 5.500000e-01 -5.000000e-03 2.891503e-02 5.500000e-01 -5.000000e-03
lattice3Dnl 101 nodes 2 37 73 crossSect 1 mat 1 thickness 1.000000e-02 polycoords 12 2.888426e-02 5.501366e-01 5.000000e-03 5.799928e-02 5.000890e-01 5.000000e-03 5.799928e-02 5.000890e-01 -5.000000e-03 2.888426e-02 5.501366e-01 -5.000000e-03
lattice3Dnl 102 nodes 2 36 73 crossSect 1 mat 1 thickness 1.000000e-02 polycoords 12 5.788249e-02 6.006407e-01 5.000000e-03 2.901831e-02 5.500956e-01 5.000000e-03 2.901831e-02 5.500956e-01 -5.000000e-03 5.788249e-02 6.006407e-01 -5.000000e-03
lattice3Dnl 103 nodes 2 37 38 crossSect 1 mat 1 thickness 1.000000e-02 polycoords 12 2.891331e-02 4.500000e-01 5.000000e-03 0.000000e+00 4.500000e-01 5.000000e-03 0.000000e+00 4.500000e-01 -5.000000e-03 2.891331e-02 4.500000e-01 -5.000000e-03
lattice3Dnl 104 nodes 2 38 74 crossSect 1 mat 1 thickness 1.000000e-02 polycoords 12 2.901993e-02 4.498959e-01 5.000000e-03 5.787680e-02 3.993345e-01 5.000000e-03 5.787680e-02 3.993345e-01 -5.000000e-03 2.901993e-02 4.498959e-01 -5.000000e-03
lattice3Dnl 105 nodes 2 37 74 crossSect 1 mat 1 thickness 1.000000e-02 polycoords 12 5.800249e-02 4.998882e-01 5.000000e-03 2.887681e-02 4.498563e-01 5.000000e-03 2.887681e-02 4.498563e-01 -5.000000e-03 5.800249e-02 4.998882e-01 -5.000000e-03
lattice3Dnl 106 nodes 2 38 39 crossSect 1 mat 1 thickness 1.000000e-02 polycoords 12 2.893616e-02 3.500000e-01 5.000000e-03 0.000000e+00 3.500000e-01 5.000000e-03 0.000000e+00 3.500000e-01 -5.000000e-03 2.893616e-02 3.500000e-01 -5.000000e-03
lattice3Dnl 107 nodes 2 39 75 crossSect 1 mat 1 thickness 1.000000e-02 polycoords 12 2.921863e-02 3.496415e-01 5.000000e-03 5.795134e-02 2.981624e-01 5.000000e-03 5.795134e-02 2.981624e-01 -5.000000e-03 2.921863e-02 3.496415e-01 -5.000000e-03
lattice3Dnl 108 nodes 2 38 75 crossSect 1 mat 1 thickness 1.000000e-02 polycoords 12 5.818622e-02 3.991189e-01 5.000000e-03 2.877047e-02 3.495822e-01 5.000000e-03 2.877047e-02 3.495822e-01 -5.000000e-03 5.818622e-02 3.991189e-01 -5.000000e-03
lattice3Dnl 109 nodes 2 39 40 crossSect 1 mat 1 thickness 1.000000e-02 polycoords 12 2.909189e-02 2.500000e-01 5.000000e-03 0.000000e+00 2.500000e-01 5.000000e-03 0.000000e+00 2.500000e-01 -5.000000e-03 2.909189e-02 2.500000e-01 -5.000000e-03
lattice3Dnl 110 nodes 2 40 76 crossSect 1 mat 1 thickness 1.000000e-02 polycoords 12 2.986087e-02 2.491281e-01 5.000000e-03 5.688842e-02 1.980311e-01 5.000000e-03 5.688842e-02 1.980311e-01 -5.000000e-03 2.986087e-02 2.491281e-01 -5.000000e-03
lattice3Dnl 111 nodes 2 39 76 crossSect 1 mat 1 thickness 1.000000e-02 polycoords 12 5.882992e-02 2.977106e-01 5.000000e-03 2.874352e-02 2.489363e-01 5.000000e-03 2.874352e-02 2.489363e-01 -5.000000e-03 5.882992e-02 2.977106e-01 -5.000000e-03
lattice3Dnl 112 nodes 2 40 41 crossSect 1 mat 1 thickness 1.000000e-02 polycoords 12 2.676437e-02 1.500000e-01 5.000000e-03 0.000000e+00 1.500000e-01 5.000000e-03 0.000000e+00 1.500000e-01 -5.000000e-03 2.676437e-02 1.500000e-01 -5.000000e-03
lattice3Dnl 113 nodes 2 41 77 crossSect 1 mat 1 thickness 1.000000e-02 polycoords 12 2.572308e-02 1.481634e-01 5.000000e-03 5.054749e-02 1.051050e-01 5.000000e-03 5.054749e-02 1.051050e-01 -5.000000e-03 2.572308e-02 1.481634e-01 -5.000000e-03
lattice3Dnl 114 nodes 2 40 77 crossSect 1 mat 1 thickness 1.000000e-02 polycoords 12 5.625086e-02 1.972212e-01 5.000000e-03 2.474215e-02 1.501165e-01 5.000000e-03 2.474215e-02 1.501165e-01 -5.000000e-03 5.625086e-02 1.972212e-01 -5.000000e-03
lattice3Dnl 115 nodes 2 1 41 crossSect 1 mat 1 thickness 1.000000e-02 polycoords 12 0.000000e+00 5.000000e-02 5.000000e-03 2.173287e-02 5.000000e-02 5.000000e-03 2.173287e-02 5.000000e-02 -5.000000e-03 0.000000e+00 5.000000e-02 -5.000000e-03
lattice3Dnl 116 nodes 2 41 42 crossSect 1 mat 1 thickness 1.000000e-02 polycoords 12 4.484120e-02 1.058589e-01 5.000000e-03 1.881433e-02 5.670460e-02 5.000000e-03 1.881433e-02 5.670460e-02 -5.000000e-03 4.484120e-02 1.058589e-01 -5.000000e-03
lattice3Dnl 117 nodes 2 42 43 crossSect 1 mat 1 thickness 1.000000e-02 polycoords 12 1.005947e-01 9.830728e-02 5.000000e-03 1.099515e-01 5.008442e-02 5.000000e-03 1.099515e-01 5.008442e-02 -5.000000e-03 1.005947e-01 9.830728e-02 -5.000000e-03
lattice3Dnl 118 nodes 2 43 44 crossSect 1 mat 1 thickness 1.000000e-02 polycoords 12 1.928327e-01 1.187804e-01 5.000000e-03 1.980234e-01 5.693754e-02 5.000000e-03 1.980234e-01 5.693754e-02 -5.000000e-03 1.928327e-01 1.187804e-01 -5.000000e-03
lattice3Dnl 119 nodes 2 44 45 crossSect 1 mat 1 thickness 1.000000e-02 polycoords 12 2.969967e-01 1.200148e-01 5.000000e-03 2.972427e-01 5.979130e-02 5.000000e-03 2.972427e-01 5.979130e-02 -5.000000e-03 2.969967e-01 1.200148e-01 -5.000000e-03
lattice3Dnl 120 nodes 2 45 46 crossSect 1 mat 1 thickness 1.000000e-02 polycoords 12 3.997450e-01 1.198298e-01 5.000000e-03 3.992506e-01 5.965994e-02 5.000000e-03 3.992506e-01 5.965994e-02 -5.000000e-03 3.997450e-01 1.198298e-01 -5.000000e-03
lattice3Dnl 121 nodes 2 46 47 crossSect 1 mat 1 thickness 1.000000e-02 polycoords 12 5.011516e-01 1.178196e-01 5.000000e-03 5.004061e-01 5.895354e-02 5.000000e-03 5.004061e-01 5.895354e-02 -5.000000e-03 5.011516e-01 1.178196e-01 -5.000000e-03
lattice3Dnl 122 nodes 2 47 48 crossSect 1 mat 1 thickness 1.000000e-02 polycoords 12 6.017315e-01 1.164256e-01 5.000000e-03 6.013480e-01 5.830279e-02 5.000000e-03 6.013480e-01 5.830279e-02 -5.000000e-03 6.017315e-01 1.164256e-01 -5.000000e-03
lattice3Dnl 123 nodes 2 48 49 crossSect 1 mat 1 thickness 1.000000e-02 polycoords 12 7.028190e-01 1.160121e-01 5.000000e-03 7.028920e-01 5.812767e-02 5.000000e-03 7.028920e-01 5.812767e-02 -5.000000e-03 7.028190e-01 1.160121e-01 -5.000000e-03
lattice3Dnl 124 nodes 2 49 50 crossSect 1 mat 1 thickness 1.000000e-02 polycoords 12 8.060893e-01 1.168038e-01 5.000000e-03 8.017313e-01 5.584599e-02 5.000000e-03 8.017313e-01 5.584599e-02 -5.000000e-03 8.060893e-01 1.168038e-01 -5.000000e-03
lattice3Dnl 125 nodes 2 50 51 crossSect 1 mat 1 thickness 1.000000e-02 polycoords 12 8.986588e-01 9.762840e-02 5.000000e-03 8.897637e-01 4.958274e-02 5.000000e-03 8.897637e-01 4.958274e-02 -5.000000e-03 8.986588e-01 9.762840e-02 -5.000000e-03
lattice3Dnl 126 nodes 2 51 52 crossSect 1 mat 1 thickness 1.000000e-02 polycoords 12 9.016089e-01 1.005015e-01 5.000000e-03 9.498752e-01 1.098853e-01 5.000000e-03 9.498752e-01 1.098853e-01 -5.000000e-03 9.016089e-01 1.005015e-01 -5.000000e-03
lattice3Dnl 127 nodes 2 52 53 crossSect 1 mat 1 thickness 1.000000e-02 polycoords 12 8.811634e-01 1.927251e-01 5.000000e-03 9.430343e-01 1.978929e-01 5.000000e-03 9.430343e-01 1.978929e-01 -5.000000e-03 8.811634e-01 1.927251e-01 -5.000000e-03
lattice3Dnl 128 nodes 2 53 54 crossSect 1 mat 1 thickness 1.000000e-02 polycoords 12 8.800315e-01 2.968928e-01 5.000000e-03 9.402108e-01 2.971020e-01 5.000000e-03 9.402108e-01 2.971020e-01 -5.000000e-03 8.800315e-01 2.968928e-01 -5.000000e-03
lattice3Dnl 129 nodes 2 54 55 crossSect 1 mat 1 thickness 1.000000e-02 polycoords 12 8.802973e-01 3.996622e-01 5.000000e-03 9.403797e-01 3.991386e-01 5.000000e-03 9.403797e-01 3.991386e-01 -5.000000e-03 8.802973e-01 3.996622e-01 -5.000000e-03
lattice3Dnl 130 nodes 2 55 56 crossSect 1 mat 1 thickness 1.000000e-02 polycoords 12 8.823361e-01 5.010837e-01 5.000000e-03 9.411097e-01 5.003282e-01 5.000000e-03 9.411097e-01 5.003282e-01 -5.000000e-03 8.823361e-01 5.010837e-01 -5.000000e-03
lattice3Dnl 131 nodes 2 56 57 crossSect 1 mat 1 thickness 1.000000e-02 polycoords 12 8.837389e-01 6.016717e-01 5.000000e-03 9.417677e-01 6.012880e-01 5.000000e-03 9.417677e-01 6.012880e-01 -5.000000e-03 8.837389e-01 6.016717e-01 -5.000000e-03
lattice3Dnl 132 nodes 2 57 58 crossSect 1 mat 1 thickness 1.000000e-02 polycoords 12 8.841426e-01 7.027613e-01 5.000000e-03 9.419398e-01 7.028401e-01 5.000000e-03 9.419398e-01 7.028401e-01 -5.000000e-03 8.841426e-01 7.027613e-01 -5.000000e-03
lattice3Dnl 133 nodes 2 58 59 crossSect 1 mat 1 thickness 1.000000e-02 polycoords 12 8.833281e-01 8.060284e-01 5.000000e-03 9.442071e-01 8.016969e-01 5.000000e-03 9.442071e-01 8.016969e-01 -5.000000e-03 8.833281e-01 8.060284e-01 -5.000000e-03
lattice3Dnl 134 nodes 2 59 60 crossSect 1 mat 1 thickness 1.000000e-02 polycoords 12 9.024313e-01 8.986156e-01 5.000000e-03 9.504506e-01 8.897512e-01 5.000000e-03 9.504506e-01 8.897512e-01 -5.000000e-03 9.024313e-01 8.986156e-01 -5.000000e-03
lattice3Dnl 135 nodes 2 60 61 crossSect 1 mat 1 thickness 1.000000e-02 polycoords 12 8.995725e-01 9.015722e-01 5.000000e-03 8.901537e-01 9.498466e-01 5.000000e-03 8.901537e-01 9.498466e-01 -5.000000e-03 8.995725e-01 9.015722e-01 -5.000000e-03
lattice3Dnl 136 nodes 2 61 62 crossSect 1 mat 1 thickness 1.000000e-02 polycoords 12 8.074987e-01 8.810371e-01 5.000000e-03 8.022374e-01 9.429519e-01 5.000000e-03 8.022374e-01 9.429519e-01 -5.000000e-03 8.074987e-01 8.810371e-01 -5.000000e-03
lattice3Dnl 137 nodes 2 62 63 crossSect 1 mat 1 thickness 1.000000e-02 polycoords 12 7.036111e-01 8.796453e-01 5.000000e-03 7.032096e-01 9.399797e-01 5.000000e-03 7.032096e-01 9.399797e-01 -5.000000e-03 7.036111e-01 8.796453e-01 -5.000000e-03
lattice3Dnl 138 nodes 2 63 64 crossSect 1 mat 1 thickness 1.000000e-02 polycoords 12 6.012680e-01 8.792843e-01 5.000000e-03 6.013612e-01 9.397967e-01 5.000000e-03 6.013612e-01 9.397967e-01 -5.000000e-03 6.012680e-01 8.792843e-01 -5.000000e-03
lattice3Dnl 139 nodes 2 64 65 crossSect 1 mat 1 thickness 1.000000e-02 polycoords 12 5.001147e-01 8.799775e-01 5.000000e-03 5.001301e-01 9.398582e-01 5.000000e-03 5.001301e-01 9.398582e-01 -5.000000e-03 5.001147e-01 8.799775e-01 -5.000000e-03
lattice3Dnl 140 nodes 2 65 66 crossSect 1 mat 1 thickness 1.000000e-02 polycoords 12 3.989441e-01 8.793011e-01 5.000000e-03 3.988897e-01 9.398361e-01 5.000000e-03 3.988897e-01 9.398361e-01 -5.000000e-03 3.989441e-01 8.793011e-01 -5.000000e-03
lattice3Dnl 141 nodes 2 66 67 crossSect 1 mat 1 thickness 1.000000e-02 polycoords 12 2.965745e-01 8.797261e-01 5.000000e-03 2.970083e-01 9.400586e-01 5.000000e-03 2.970083e-01 9.400586e-01 -5.000000e-03 2.965745e-01 8.797261e-01 -5.000000e-03
lattice3Dnl 142 nodes 2 67 68 crossSect 1 mat 1 thickness 1.000000e-02 polycoords 12 1.926623e-01 8.811833e-01 5.000000e-03 1.979162e-01 9.430453e-01 5.000000e-03 1.979162e-01 9.430453e-01 -5.000000e-03 1.926623e-01 8.811833e-01 -5.000000e-03
lattice3Dnl 143 nodes 2 68 69 crossSect 1 mat 1 thickness 1.000000e-02 polycoords 12 1.005535e-01 9.016862e-01 5.000000e-03 1.099249e-01 9.499284e-01 5.000000e-03 1.099249e-01 9.499284e-01 -5.000000e-03 1.005535e-01 9.016862e-01 -5.000000e-03
lattice3Dnl 144 nodes 2 69 70 crossSect 1 mat 1 thickness 1.000000e-02 polycoords 12 9.768264e-02 8.987314e-01 5.000000e-03 4.961878e-02 8.898283e-01 5.000000e-03 4.961878e-02 8.898283e-01 -5.000000e-03 9.768264e-02 8.987314e-01 -5.000000e-03
lattice3Dnl 145 nodes 2 70 71 crossSect 1 mat 1 thickness 1.000000e-02 polycoords 12 1.168224e-01 8.060606e-01 5.000000e-03 5.585264e-02 8.017657e-01 5.000000e-03 5.585264e-02 8.017657e-01 -5.000000e-03 1.168224e-01 8.060606e-01 -5.000000e-03
lattice3Dnl 146 nodes 2 71 72 crossSect 1 mat 1 thickness 1.000000e-02 polycoords 12 1.158016e-01 7.025371e-01 5.000000e-03 5.801275e-02 7.027715e-01 5.000000e-03 5.801275e-02 7.027715e-01 -5.000000e-03 1.158016e-01 7.025371e-01 -5.000000e-03
lattice3Dnl 147 nodes 2 72 73 crossSect 1 mat 1 thickness 1.000000e-02 polycoords 12 1.156145e-01 6.009715e-01 5.000000e-03 5.785045e-02 6.010061e-01 5.000000e-03 5.785045e-02 6.010061e-01 -5.000000e-03 1.156145e-01 6.009715e-01 -5.000000e-03
lattice3Dnl 148 nodes 2 73 74 crossSect 1 mat 1 thickness 1.000000e-02 polycoords 12 1.156824e-01 4.999829e-01 5.000000e-03 5.782834e-02 4.999858e-01 5.000000e-03 5.782834e-02 4.999858e-01 -5.000000e-03 1.156824e-01 4.999829e-01 -5.000000e-03
lattice3Dnl 149 nodes 2 74 75 crossSect 1 mat 1 thickness 1.000000e-02 polycoords 12 1.156287e-01 3.989979e-01 5.000000e-03 5.784972e-02 3.989587e-01 5.000000e-03 5.784972e-02 3.989587e-01 -5.000000e-03 1.156287e-01 3.989979e-01 -5.000000e-03
lattice3Dnl 150 nodes 2 75 76 crossSect 1 mat 1 thickness 1.000000e-02 polycoords 12 1.158645e-01 2.974395e-01 5.000000e-03 5.803275e-02 2.971753e-01 5.000000e-03 5.803275e-02 2.971753e-01 -5.000000e-03 1.158645e-01 2.974395e-01 -5.000000e-03
lattice3Dnl 151 nodes 2 76 77 crossSect 1 mat 1 thickness 1.000000e-02 polycoords 12 1.169320e-01 1.939102e-01 5.000000e-03 5.590462e-02 1.981769e-01 5.000000e-03 5.590462e-02 1.981769e-01 -5.000000e-03 1.169320e-01 1.939102e-01 -5.000000e-03
lattice3Dnl 152 nodes 2 42 77 crossSect 1 mat 1 thickness 1.000000e-02 polycoords 12 4.966872e-02 1.101949e-01 5.000000e-03 9.773535e-02 1.012170e-01 5.000000e-03 9.773535e-02 1.012170e-01 -5.000000e-03 4.966872e-02 1.101949e-01 -5.000000e-03
lattice3Dnl 153 nodes 2 43 77 crossSect 1 mat 1 thickness 1.000000e-02 polycoords 12 9.702017e-02 9.766580e-02 5.000000e-03 1.365702e-01 1.373451e-01 5.000000e-03 1.365702e-01 1.373451e-01 -5.000000e-03 9.702017e-02 9.766580e-02 -5.000000e-03
lattice3Dnl 154 nodes 2 44 78 crossSect 1 mat 1 thickness 1.000000e-02 polycoords 12 1.896487e-01 1.213661e-01 5.000000e-03 2.399614e-01 1.542165e-01 5.000000e-03 2.399614e-01 1.542165e-01 -5.000000e-03 1.896487e-01 1.213661e-01 -5.000000e-03
lattice3Dnl 155 nodes 2 43 78 crossSect 1 mat 1 thickness 1.000000e-02 polycoords 12 1.381090e-01 1.426162e-01 5.000000e-03 1.929716e-01 1.230204e-01 5.000000e-03 1.929716e-01 1.230204e-01 -5.000000e-03 1.381090e-01 1.426162e-01 -5.000000e-03
lattice3Dnl 156 nodes 2 45 79 crossSect 1 mat 1 thickness 1.000000e-02 polycoords 12 2.965573e-01 1.203291e-01 5.000000e-03 3.481983e-01 1.503014e-01 5.000000e-03 3.481983e-01 1.503014e-01 -5.000000e-03 2.965573e-01 1.203291e-01 -5.000000e-03
lattice3Dnl 157 nodes 2 44 79 crossSect 1 mat 1 thickness 1.000000e-02 polycoords 12 2.412549e-01 1.513899e-01 5.000000e-03 2.970407e-01 1.205572e-01 5.000000e-03 2.970407e-01 1.205572e-01 -5.000000e-03 2.412549e-01 1.513899e-01 -5.000000e-03
lattice3Dnl 158 nodes 2 46 80 crossSect 1 mat 1 thickness 1.000000e-02 polycoords 12 3.992358e-01 1.205203e-01 5.000000e-03 4.507218e-01 1.489384e-01 5.000000e-03 4.507218e-01 1.489384e-01 -5.000000e-03 3.992358e-01 1.205203e-01 -5.000000e-03
lattice3Dnl 159 nodes 2 45 80 crossSect 1 mat 1 thickness 1.000000e-02 polycoords 12 3.479903e-01 1.500538e-01 5.000000e-03 4.000670e-01 1.206284e-01 5.000000e-03 4.000670e-01 1.206284e-01 -5.000000e-03 3.479903e-01 1.500538e-01 -5.000000e-03
lattice3Dnl 160 nodes 2 47 81 crossSect 1 mat 1 thickness 1.000000e-02 polycoords 12 5.011456e-01 1.180831e-01 5.000000e-03 5.522051e-01 1.462005e-01 5.000000e-03 5.522051e-01 1.462005e-01 -5.000000e-03 5.011456e-01 1.180831e-01 -5.000000e-03
lattice3Dnl 161 nodes 2 46 81 crossSect 1 mat 1 thickness 1.000000e-02 polycoords 12 4.505036e-01 1.481671e-01 5.000000e-03 5.013748e-01 1.179577e-01 5.000000e-03 5.013748e-01 1.179577e-01 -5.000000e-03 4.505036e-01 1.481671e-01 -5.000000e-03
lattice3Dnl 162 nodes 2 48 82 crossSect 1 mat 1 thickness 1.000000e-02 polycoords 12 6.019892e-01 1.164910e-01 5.000000e-03 6.527903e-01 1.449455e-01 5.000000e-03 6.527903e-01 1.449455e-01 -5.000000e-03 6.019892e-01 1.164910e-01 -5.000000e-03
lattice3Dnl 163 nodes 2 47 82 crossSect 1 mat 1 thickness 1.000000e-02 polycoords 12 5.520637e-01 1.460543e-01 5.000000e-03 6.019149e-01 1.162363e-01 5.000000e-03 6.019149e-01 1.162363e-01 -5.000000e-03 5.520637e-01 1.460543e-01 -5.000000e-03
lattice3Dnl 164 nodes 2 49 83 crossSect 1 mat 1 thickness 1.000000e-02 polycoords 12 7.032393e-01 1.156328e-01 5.000000e-03 7.575432e-01 1.473775e-01 5.000000e-03 7.575432e-01 1.473775e-01 -5.000000e-03 7.032393e-01 1.156328e-01 -5.000000e-03
lattice3Dnl 165 nodes 2 48 83 crossSect 1 mat 1 thickness 1.000000e-02 polycoords 12 6.527951e-01 1.451495e-01 5.000000e-03 7.026912e-01 1.154641e-01 5.000000e-03 7.026912e-01 1.154641e-01 -5.000000e-03 6.527951e-01 1.451495e-01 -5.000000e-03
lattice3Dnl 166 nodes 2 50 84 crossSect 1 mat 1 thickness 1.000000e-02 polycoords 12 8.058106e-01 1.206954e-01 5.000000e-03 8.603117e-01 1.414352e-01 5.000000e-03 8.603117e-01 1.414352e-01 -5.000000e-03 8.058106e-01 1.206954e-01 -5.000000e-03
lattice3Dnl 167 nodes 2 49 84 crossSect 1 mat 1 thickness 1.000000e-02 polycoords 12 7.591602e-01 1.509138e-01 5.000000e-03 8.089542e-01 1.192798e-01 5.000000e-03 8.089542e-01 1.192798e-01 -5.000000e-03 7.591602e-01 1.509138e-01 -5.000000e-03
lattice3Dnl 168 nodes 2 50 52 crossSect 1 mat 1 thickness 1.000000e-02 polycoords 12 8.625718e-01 1.364151e-01 5.000000e-03 9.022347e-01 9.689051e-02 5.000000e-03 9.022347e-01 9.689051e-02 -5.000000e-03 8.625718e-01 1.364151e-01 -5.000000e-03
lattice3Dnl 169 nodes 2 53 84 crossSect 1 mat 1 thickness 1.000000e-02 polycoords 12 8.785843e-01 1.895076e-01 5.000000e-03 8.457499e-01 2.397702e-01 5.000000e-03 8.457499e-01 2.397702e-01 -5.000000e-03 8.785843e-01 1.895076e-01 -5.000000e-03
lattice3Dnl 170 nodes 2 52 84 crossSect 1 mat 1 thickness 1.000000e-02 polycoords 12 8.573284e-01 1.379399e-01 5.000000e-03 8.768964e-01 1.928360e-01 5.000000e-03 8.768964e-01 1.928360e-01 -5.000000e-03 8.573284e-01 1.379399e-01 -5.000000e-03
lattice3Dnl 171 nodes 2 54 85 crossSect 1 mat 1 thickness 1.000000e-02 polycoords 12 8.797662e-01 2.964507e-01 5.000000e-03 8.497728e-01 3.480274e-01 5.000000e-03 8.497728e-01 3.480274e-01 -5.000000e-03 8.797662e-01 2.964507e-01 -5.000000e-03
lattice3Dnl 172 nodes 2 53 85 crossSect 1 mat 1 thickness 1.000000e-02 polycoords 12 8.486318e-01 2.410903e-01 5.000000e-03 8.795117e-01 2.968938e-01 5.000000e-03 8.795117e-01 2.968938e-01 -5.000000e-03 8.486318e-01 2.410903e-01 -5.000000e-03
lattice3Dnl 173 nodes 2 55 86 crossSect 1 mat 1 thickness 1.000000e-02 polycoords 12 8.796732e-01 3.991658e-01 5.000000e-03 8.512148e-01 4.505852e-01 5.000000e-03 8.512148e-01 4.505852e-01 -5.000000e-03 8.796732e-01 3.991658e-01 -5.000000e-03
lattice3Dnl 174 nodes 2 54 86 crossSect 1 mat 1 thickness 1.000000e-02 polycoords 12 8.500605e-01 3.478740e-01 5.000000e-03 8.795447e-01 3.999360e-01 5.000000e-03 8.795447e-01 3.999360e-01 -5.000000e-03 8.500605e-01 3.478740e-01 -5.000000e-03
lattice3Dnl 175 nodes 2 56 87 crossSect 1 mat 1 thickness 1.000000e-02 polycoords 12 8.821304e-01 5.010906e-01 5.000000e-03 8.539687e-01 5.520790e-01 5.000000e-03 8.539687e-01 5.520790e-01 -5.000000e-03 8.821304e-01 5.010906e-01 -5.000000e-03
lattice3Dnl 176 nodes 2 55 87 crossSect 1 mat 1 thickness 1.000000e-02 polycoords 12 8.519991e-01 4.504208e-01 5.000000e-03 8.822385e-01 5.012641e-01 5.000000e-03 8.822385e-01 5.012641e-01 -5.000000e-03 8.519991e-01 4.504208e-01 -5.000000e-03
lattice3Dnl 177 nodes 2 57 88 crossSect 1 mat 1 thickness 1.000000e-02 polycoords 12 8.837275e-01 6.019412e-01 5.000000e-03 8.552239e-01 6.526666e-01 5.000000e-03 8.552239e-01 6.526666e-01 -5.000000e-03 8.837275e-01 6.019412e-01 -5.000000e-03
lattice3Dnl 178 nodes 2 56 88 crossSect 1 mat 1 thickness 1.000000e-02 polycoords 12 8.541310e-01 5.519869e-01 5.000000e-03 8.839653e-01 6.018141e-01 5.000000e-03 8.839653e-01 6.018141e-01 -5.000000e-03 8.541310e-01 5.519869e-01 -5.000000e-03
lattice3Dnl 179 nodes 2 58 89 crossSect 1 mat 1 thickness 1.000000e-02 polycoords 12 8.845709e-01 7.031920e-01 5.000000e-03 8.527712e-01 7.574136e-01 5.000000e-03 8.527712e-01 7.574136e-01 -5.000000e-03 8.845709e-01 7.031920e-01 -5.000000e-03
lattice3Dnl 180 nodes 2 57 89 crossSect 1 mat 1 thickness 1.000000e-02 polycoords 12 8.550333e-01 6.527176e-01 5.000000e-03 8.847233e-01 7.025948e-01 5.000000e-03 8.847233e-01 7.025948e-01 -5.000000e-03 8.550333e-01 6.527176e-01 -5.000000e-03
lattice3Dnl 181 nodes 2 59 90 crossSect 1 mat 1 thickness 1.000000e-02 polycoords 12 8.794868e-01 8.057492e-01 5.000000e-03 8.586740e-01 8.602197e-01 5.000000e-03 8.586740e-01 8.602197e-01 -5.000000e-03 8.794868e-01 8.057492e-01 -5.000000e-03
lattice3Dnl 182 nodes 2 58 90 crossSect 1 mat 1 thickness 1.000000e-02 polycoords 12 8.492543e-01 7.590759e-01 5.000000e-03 8.808842e-01 8.088581e-01 5.000000e-03 8.808842e-01 8.088581e-01 -5.000000e-03 8.492543e-01 7.590759e-01 -5.000000e-03
lattice3Dnl 183 nodes 2 59 61 crossSect 1 mat 1 thickness 1.000000e-02 polycoords 12 8.636718e-01 8.625364e-01 5.000000e-03 9.031834e-01 9.021825e-01 5.000000e-03 9.031834e-01 9.021825e-01 -5.000000e-03 8.636718e-01 8.625364e-01 -5.000000e-03
lattice3Dnl 184 nodes 2 62 90 crossSect 1 mat 1 thickness 1.000000e-02 polycoords 12 8.107169e-01 8.784112e-01 5.000000e-03 7.605451e-01 8.456320e-01 5.000000e-03 7.605451e-01 8.456320e-01 -5.000000e-03 8.107169e-01 8.784112e-01 -5.000000e-03
lattice3Dnl 185 nodes 2 61 90 crossSect 1 mat 1 thickness 1.000000e-02 polycoords 12 8.622065e-01 8.572803e-01 5.000000e-03 8.073557e-01 8.767431e-01 5.000000e-03 8.073557e-01 8.767431e-01 -5.000000e-03 8.622065e-01 8.572803e-01 -5.000000e-03
lattice3Dnl 186 nodes 2 63 91 crossSect 1 mat 1 thickness 1.000000e-02 polycoords 12 7.041132e-01 8.792969e-01 5.000000e-03 6.527566e-01 8.493129e-01 5.000000e-03 6.527566e-01 8.493129e-01 -5.000000e-03 7.041132e-01 8.792969e-01 -5.000000e-03
lattice3Dnl 187 nodes 2 62 91 crossSect 1 mat 1 thickness 1.000000e-02 polycoords 12 7.593916e-01 8.485166e-01 5.000000e-03 7.035714e-01 8.790302e-01 5.000000e-03 7.035714e-01 8.790302e-01 -5.000000e-03 7.593916e-01 8.485166e-01 -5.000000e-03
lattice3Dnl 188 nodes 2 64 92 crossSect 1 mat 1 thickness 1.000000e-02 polycoords 12 6.019148e-01 8.785260e-01 5.000000e-03 5.507495e-01 8.498249e-01 5.000000e-03 5.507495e-01 8.498249e-01 -5.000000e-03 6.019148e-01 8.785260e-01 -5.000000e-03
lattice3Dnl 189 nodes 2 63 92 crossSect 1 mat 1 thickness 1.000000e-02 polycoords 12 6.532152e-01 8.495693e-01 5.000000e-03 6.009638e-01 8.783287e-01 5.000000e-03 6.009638e-01 8.783287e-01 -5.000000e-03 6.532152e-01 8.495693e-01 -5.000000e-03
lattice3Dnl 190 nodes 2 65 93 crossSect 1 mat 1 thickness 1.000000e-02 polycoords 12 5.004411e-01 8.795125e-01 5.000000e-03 4.490305e-01 8.503935e-01 5.000000e-03 4.490305e-01 8.503935e-01 -5.000000e-03 5.004411e-01 8.795125e-01 -5.000000e-03
lattice3Dnl 191 nodes 2 64 93 crossSect 1 mat 1 thickness 1.000000e-02 polycoords 12 5.514293e-01 8.504451e-01 5.000000e-03 4.998847e-01 8.794569e-01 5.000000e-03 4.998847e-01 8.794569e-01 -5.000000e-03 5.514293e-01 8.504451e-01 -5.000000e-03
lattice3Dnl 192 nodes 2 66 94 crossSect 1 mat 1 thickness 1.000000e-02 polycoords 12 3.993468e-01 8.783700e-01 5.000000e-03 3.471709e-01 8.495390e-01 5.000000e-03 3.471709e-01 8.495390e-01 -5.000000e-03 3.993468e-01 8.783700e-01 -5.000000e-03
lattice3Dnl 193 nodes 2 65 94 crossSect 1 mat 1 thickness 1.000000e-02 polycoords 12 4.497089e-01 8.498440e-01 5.000000e-03 3.983686e-01 8.784694e-01 5.000000e-03 3.983686e-01 8.784694e-01 -5.000000e-03 4.497089e-01 8.498440e-01 -5.000000e-03
lattice3Dnl 194 nodes 2 67 95 crossSect 1 mat 1 thickness 1.000000e-02 polycoords 12 2.966822e-01 8.791228e-01 5.000000e-03 2.409056e-01 8.485654e-01 5.000000e-03 2.409056e-01 8.485654e-01 -5.000000e-03 2.966822e-01 8.791228e-01 -5.000000e-03
lattice3Dnl 195 nodes 2 66 95 crossSect 1 mat 1 thickness 1.000000e-02 polycoords 12 3.476325e-01 8.493650e-01 5.000000e-03 2.961165e-01 8.793248e-01 5.000000e-03 2.961165e-01 8.793248e-01 -5.000000e-03 3.476325e-01 8.493650e-01 -5.000000e-03
lattice3Dnl 196 nodes 2 68 96 crossSect 1 mat 1 thickness 1.000000e-02 polycoords 12 1.928308e-01 8.769153e-01 5.000000e-03 1.379784e-01 8.573888e-01 5.000000e-03 1.379784e-01 8.573888e-01 -5.000000e-03 1.928308e-01 8.769153e-01 -5.000000e-03
lattice3Dnl 197 nodes 2 67 96 crossSect 1 mat 1 thickness 1.000000e-02 polycoords 12 2.397432e-01 8.457503e-01 5.000000e-03 1.894755e-01 8.785526e-01 5.000000e-03 1.894755e-01 8.785526e-01 -5.000000e-03 2.397432e-01 8.457503e-01 -5.000000e-03
lattice3Dnl 198 nodes 2 68 70 crossSect 1 mat 1 thickness 1.000000e-02 polycoords 12 1.364822e-01 8.626495e-01 5.000000e-03 9.693979e-02 9.023073e-01 5.000000e-03 9.693979e-02 9.023073e-01 -5.000000e-03 1.364822e-01 8.626495e-01 -5.000000e-03
lattice3Dnl 199 nodes 2 71 96 crossSect 1 mat 1 thickness 1.000000e-02 polycoords 12 1.192620e-01 8.089379e-01 5.000000e-03 1.509475e-01 7.590840e-01 5.000000e-03 1.509475e-01 7.590840e-01 -5.000000e-03 1.192620e-01 8.089379e-01 -5.000000e-03
lattice3Dnl 200 nodes 2 70 96 crossSect 1 mat 1 thickness 1.000000e-02 polycoords 12 1.415002e-01 8.603532e-01 5.000000e-03 1.207049e-01 8.058160e-01 5.000000e-03 1.207049e-01 8.058160e-01 -5.000000e-03 1.415002e-01 8.603532e-01 -5.000000e-03
lattice3Dnl 201 nodes 2 72 97 crossSect 1 mat 1 thickness 1.000000e-02 polycoords 12 1.151631e-01 7.023619e-01 5.000000e-03 1.448909e-01 6.522930e-01 5.000000e-03 1.448909e-01 6.522930e-01 -5.000000e-03 1.151631e-01 7.023619e-01 -5.000000e-03
lattice3Dnl 202 nodes 2 71 97 crossSect 1 mat 1 thickness 1.000000e-02 polycoords 12 1.474020e-01 7.573164e-01 5.000000e-03 1.153381e-01 7.030157e-01 5.000000e-03 1.153381e-01 7.030157e-01 -5.000000e-03 1.474020e-01 7.573164e-01 -5.000000e-03
lattice3Dnl 203 nodes 2 73 98 crossSect 1 mat 1 thickness 1.000000e-02 polycoords 12 1.152532e-01 6.010250e-01 5.000000e-03 1.449197e-01 5.509517e-01 5.000000e-03 1.449197e-01 5.509517e-01 -5.000000e-03 1.152532e-01 6.010250e-01 -5.000000e-03
lattice3Dnl 204 nodes 2 72 98 crossSect 1 mat 1 thickness 1.000000e-02 polycoords 12 1.446369e-01 6.519744e-01 5.000000e-03 1.154825e-01 6.013153e-01 5.000000e-03 1.154825e-01 6.013153e-01 -5.000000e-03 1.446369e-01 6.519744e-01 -5.000000e-03
lattice3Dnl 205 nodes 2 74 99 crossSect 1 mat 1 thickness 1.000000e-02 polycoords 12 1.155313e-01 4.998901e-01 5.000000e-03 1.448749e-01 4.494009e-01 5.000000e-03 1.448749e-01 4.494009e-01 -5.000000e-03 1.155313e-01 4.998901e-01 -5.000000e-03
lattice3Dnl 206 nodes 2 73 99 crossSect 1 mat 1 thickness 1.000000e-02 polycoords 12 1.448755e-01 5.505240e-01 5.000000e-03 1.155270e-01 5.000683e-01 5.000000e-03 1.155270e-01 5.000683e-01 -5.000000e-03 1.448755e-01 5.505240e-01 -5.000000e-03
lattice3Dnl 207 nodes 2 75 100 crossSect 1 mat 1 thickness 1.000000e-02 polycoords 12 1.155185e-01 3.986423e-01 5.000000e-03 1.446647e-01 3.479065e-01 5.000000e-03 1.446647e-01 3.479065e-01 -5.000000e-03 1.155185e-01 3.986423e-01 -5.000000e-03
lattice3Dnl 208 nodes 2 74 100 crossSect 1 mat 1 thickness 1.000000e-02 polycoords 12 1.449454e-01 4.489739e-01 5.000000e-03 1.152681e-01 3.989197e-01 5.000000e-03 1.152681e-01 3.989197e-01 -5.000000e-03 1.449454e-01 4.489739e-01 -5.000000e-03
lattice3Dnl 209 nodes 2 76 101 crossSect 1 mat 1 thickness 1.000000e-02 polycoords 12 1.154504e-01 2.969326e-01 5.000000e-03 1.474518e-01 2.425555e-01 5.000000e-03 1.474518e-01 2.425555e-01 -5.000000e-03 1.154504e-01 2.969326e-01 -5.000000e-03
lattice3Dnl 210 nodes 2 75 101 crossSect 1 mat 1 thickness 1.000000e-02 polycoords 12 1.449683e-01 3.475958e-01 5.000000e-03 1.152260e-01 2.975573e-01 5.000000e-03 1.152260e-01 2.975573e-01 -5.000000e-03 1.449683e-01 3.475958e-01 -5.000000e-03
lattice3Dnl 211 nodes 2 77 78 crossSect 1 mat 1 thickness 1.000000e-02 polycoords 12 1.208441e-01 1.941449e-01 5.000000e-03 1.416183e-01 1.396178e-01 5.000000e-03 1.416183e-01 1.396178e-01 -5.000000e-03 1.208441e-01 1.941449e-01 -5.000000e-03
lattice3Dnl 212 nodes 2 76 78 crossSect 1 mat 1 thickness 1.000000e-02 polycoords 12 1.510323e-01 2.408486e-01 5.000000e-03 1.193820e-01 1.910070e-01 5.000000e-03 1.193820e-01 1.910070e-01 -5.000000e-03 1.510323e-01 2.408486e-01 -5.000000e-03
lattice3Dnl 213 nodes 2 78 79 crossSect 1 mat 1 thickness 1.000000e-02 polycoords 12 2.405226e-01 2.081292e-01 5.000000e-03 2.381643e-01 1.519883e-01 5.000000e-03 2.381643e-01 1.519883e-01 -5.000000e-03 2.405226e-01 2.081292e-01 -5.000000e-03
lattice3Dnl 214 nodes 2 79 80 crossSect 1 mat 1 thickness 1.000000e-02 polycoords 12 3.479624e-01 2.142801e-01 5.000000e-03 3.478798e-01 1.503613e-01 5.000000e-03 3.478798e-01 1.503613e-01 -5.000000e-03 3.479624e-01 2.142801e-01 -5.000000e-03
lattice3Dnl 215 nodes 2 80 81 crossSect 1 mat 1 thickness 1.000000e-02 polycoords 12 4.522109e-01 2.078886e-01 5.000000e-03 4.499454e-01 1.487632e-01 5.000000e-03 4.499454e-01 1.487632e-01 -5.000000e-03 4.522109e-01 2.078886e-01 -5.000000e-03
lattice3Dnl 216 nodes 2 81 82 crossSect 1 mat 1 thickness 1.000000e-02 polycoords 12 5.533044e-01 2.045033e-01 5.000000e-03 5.520078e-01 1.462514e-01 5.000000e-03 5.520078e-01 1.462514e-01 -5.000000e-03 5.533044e-01 2.045033e-01 -5.000000e-03
lattice3Dnl 217 nodes 2 82 83 crossSect 1 mat 1 thickness 1.000000e-02 polycoords 12 6.533688e-01 2.024515e-01 5.000000e-03 6.529693e-01 1.450448e-01 5.000000e-03 6.529693e-01 1.450448e-01 -5.000000e-03 6.533688e-01 2.024515e-01 -5.000000e-03
lattice3Dnl 218 nodes 2 83 84 crossSect 1 mat 1 thickness 1.000000e-02 polycoords 12 7.569089e-01 2.029586e-01 5.000000e-03 7.613933e-01 1.482338e-01 5.000000e-03 7.613933e-01 1.482338e-01 -5.000000e-03 7.569089e-01 2.029586e-01 -5.000000e-03
lattice3Dnl 219 nodes 2 84 85 crossSect 1 mat 1 thickness 1.000000e-02 polycoords 12 7.919944e-01 2.403883e-01 5.000000e-03 8.480165e-01 2.379390e-01 5.000000e-03 8.480165e-01 2.379390e-01 -5.000000e-03 7.919944e-01 2.403883e-01 -5.000000e-03
lattice3Dnl 220 nodes 2 85 86 crossSect 1 mat 1 thickness 1.000000e-02 polycoords 12 7.861311e-01 3.478623e-01 5.000000e-03 8.497803e-01 3.477016e-01 5.000000e-03 8.497803e-01 3.477016e-01 -5.000000e-03 7.861311e-01 3.478623e-01 -5.000000e-03
lattice3Dnl 221 nodes 2 86 87 crossSect 1 mat 1 thickness 1.000000e-02 polycoords 12 7.925201e-01 4.520911e-01 5.000000e-03 8.514431e-01 4.498246e-01 5.000000e-03 8.514431e-01 4.498246e-01 -5.000000e-03 7.925201e-01 4.520911e-01 -5.000000e-03
lattice3Dnl 222 nodes 2 87 88 crossSect 1 mat 1 thickness 1.000000e-02 polycoords 12 7.959085e-01 5.531880e-01 5.000000e-03 8.539688e-01 5.518924e-01 5.000000e-03 8.539688e-01 5.518924e-01 -5.000000e-03 7.959085e-01 5.531880e-01 -5.000000e-03
lattice3Dnl 223 nodes 2 88 89 crossSect 1 mat 1 thickness 1.000000e-02 polycoords 12 7.979562e-01 6.532442e-01 5.000000e-03 8.551715e-01 6.528572e-01 5.000000e-03 8.551715e-01 6.528572e-01 -5.000000e-03 7.979562e-01 6.532442e-01 -5.000000e-03
lattice3Dnl 224 nodes 2 89 90 crossSect 1 mat 1 thickness 1.000000e-02 polycoords 12 7.973788e-01 7.567825e-01 5.000000e-03 8.519632e-01 7.612703e-01 5.000000e-03 8.519632e-01 7.612703e-01 -5.000000e-03 7.973788e-01 7.567825e-01 -5.000000e-03
lattice3Dnl 225 nodes 2 90 91 crossSect 1 mat 1 thickness 1.000000e-02 polycoords 12 7.601590e-01 7.917246e-01 5.000000e-03 7.624608e-01 8.477676e-01 5.000000e-03 7.624608e-01 8.477676e-01 -5.000000e-03 7.601590e-01 7.917246e-01 -5.000000e-03
lattice3Dnl 226 nodes 2 91 92 crossSect 1 mat 1 thickness 1.000000e-02 polycoords 12 6.535554e-01 7.853340e-01 5.000000e-03 6.532081e-01 8.490346e-01 5.000000e-03 6.532081e-01 8.490346e-01 -5.000000e-03 6.535554e-01 7.853340e-01 -5.000000e-03
lattice3Dnl 227 nodes 2 92 93 crossSect 1 mat 1 thickness 1.000000e-02 polycoords 12 5.505197e-01 7.903037e-01 5.000000e-03 5.516267e-01 8.495173e-01 5.000000e-03 5.516267e-01 8.495173e-01 -5.000000e-03 5.505197e-01 7.903037e-01 -5.000000e-03
lattice3Dnl 228 nodes 2 93 94 crossSect 1 mat 1 thickness 1.000000e-02 polycoords 12 4.500397e-01 7.902089e-01 5.000000e-03 4.488936e-01 8.495051e-01 5.000000e-03 4.488936e-01 8.495051e-01 -5.000000e-03 4.500397e-01 7.902089e-01 -5.000000e-03
lattice3Dnl 229 nodes 2 94 95 crossSect 1 mat 1 thickness 1.000000e-02 polycoords 12 3.468593e-01 7.850793e-01 5.000000e-03 3.472509e-01 8.490440e-01 5.000000e-03 3.472509e-01 8.490440e-01 -5.000000e-03 3.468593e-01 7.850793e-01 -5.000000e-03
lattice3Dnl 230 nodes 2 95 96 crossSect 1 mat 1 thickness 1.000000e-02 polycoords 12 2.401304e-01 7.916710e-01 5.000000e-03 2.378913e-01 8.478711e-01 5.000000e-03 2.378913e-01 8.478711e-01 -5.000000e-03 2.401304e-01 7.916710e-01 -5.000000e-03
lattice3Dnl 231 nodes 2 96 97 crossSect 1 mat 1 thickness 1.000000e-02 polycoords 12 2.027876e-01 7.566440e-01 5.000000e-03 1.481498e-01 7.612511e-01 5.000000e-03 1.481498e-01 7.612511e-01 -5.000000e-03 2.027876e-01 7.566440e-01 -5.000000e-03
lattice3Dnl 232 nodes 2 97 98 crossSect 1 mat 1 thickness 1.000000e-02 polycoords 12 2.017309e-01 6.523038e-01 5.000000e-03 1.444937e-01 6.523537e-01 5.000000e-03 1.444937e-01 6.523537e-01 -5.000000e-03 2.017309e-01 6.523038e-01 -5.000000e-03
lattice3Dnl 233 nodes 2 98 99 crossSect 1 mat 1 thickness 1.000000e-02 polycoords 12 2.024907e-01 5.509294e-01 5.000000e-03 1.445334e-01 5.507762e-01 5.000000e-03 1.445334e-01 5.507762e-01 -5.000000e-03 2.024907e-01 5.509294e-01 -5.000000e-03
lattice3Dnl 234 nodes 2 99 100 crossSect 1 mat 1 thickness 1.000000e-02 polycoords 12 2.025427e-01 4.489988e-01 5.000000e-03 1.445466e-01 4.491263e-01 5.000000e-03 1.445466e-01 4.491263e-01 -5.000000e-03 2.025427e-01 4.489988e-01 -5.000000e-03
lattice3Dnl 235 nodes 2 100 101 crossSect 1 mat 1 thickness 1.000000e-02 polycoords 12 2.018598e-01 3.475870e-01 5.000000e-03 1.445539e-01 3.474882e-01 5.000000e-03 1.445539e-01 3.474882e-01 -5.000000e-03 2.018598e-01 3.475870e-01 -5.000000e-03
lattice3Dnl 236 nodes 2 78 101 crossSect 1 mat 1 thickness 1.000000e-02 polycoords 12 1.482712e-01 2.386226e-01 5.000000e-03 2.029948e-01 2.432571e-01 5.000000e-03 2.029948e-01 2.432571e-01 -5.000000e-03 1.482712e-01 2.386226e-01 -5.000000e-03
lattice3Dnl 237 nodes 2 79 102 crossSect 1 mat 1 thickness 1.000000e-02 polycoords 12 2.461449e-01 2.034305e-01 5.000000e-03 3.011215e-01 2.349795e-01 5.000000e-03 3.011215e-01 2.349795e-01 -5.000000e-03 2.461449e-01 2.034305e-01 -5.000000e-03
lattice3Dnl 238 nodes 2 78 102 crossSect 1 mat 1 thickness 1.000000e-02 polycoords 12 1.970738e-01 2.408141e-01 5.000000e-03 2.379512e-01 2.021195e-01 5.000000e-03 2.379512e-01 2.021195e-01 -5.000000e-03 1.970738e-01 2.408141e-01 -5.000000e-03
lattice3Dnl 239 nodes 2 80 103 crossSect 1 mat 1 thickness 1.000000e-02 polycoords 12 3.462395e-01 2.168822e-01 5.000000e-03 3.996664e-01 2.448243e-01 5.000000e-03 3.996664e-01 2.448243e-01 -5.000000e-03 3.462395e-01 2.168822e-01 -5.000000e-03
lattice3Dnl 240 nodes 2 79 103 crossSect 1 mat 1 thickness 1.000000e-02 polycoords 12 2.993247e-01 2.423380e-01 5.000000e-03 3.490845e-01 2.172215e-01 5.000000e-03 3.490845e-01 2.172215e-01 -5.000000e-03 2.993247e-01 2.423380e-01 -5.000000e-03
lattice3Dnl 241 nodes 2 81 104 crossSect 1 mat 1 thickness 1.000000e-02 polycoords 12 4.524995e-01 2.077982e-01 5.000000e-03 5.043290e-01 2.349575e-01 5.000000e-03 5.043290e-01 2.349575e-01 -5.000000e-03 4.524995e-01 2.077982e-01 -5.000000e-03
lattice3Dnl 242 nodes 2 80 104 crossSect 1 mat 1 thickness 1.000000e-02 polycoords 12 3.997173e-01 2.414165e-01 5.000000e-03 4.522743e-01 2.075951e-01 5.000000e-03 4.522743e-01 2.075951e-01 -5.000000e-03 3.997173e-01 2.414165e-01 -5.000000e-03
lattice3Dnl 243 nodes 2 82 105 crossSect 1 mat 1 thickness 1.000000e-02 polycoords 12 5.534376e-01 2.045392e-01 5.000000e-03 6.043227e-01 2.322001e-01 5.000000e-03 6.043227e-01 2.322001e-01 -5.000000e-03 5.534376e-01 2.045392e-01 -5.000000e-03
lattice3Dnl 244 nodes 2 81 105 crossSect 1 mat 1 thickness 1.000000e-02 polycoords 12 5.039169e-01 2.347732e-01 5.000000e-03 5.534015e-01 2.044062e-01 5.000000e-03 5.534015e-01 2.044062e-01 -5.000000e-03 5.039169e-01 2.347732e-01 -5.000000e-03
lattice3Dnl 245 nodes 2 83 106 crossSect 1 mat 1 thickness 1.000000e-02 polycoords 12 6.539268e-01 2.022519e-01 5.000000e-03 7.002082e-01 2.283086e-01 5.000000e-03 7.002082e-01 2.283086e-01 -5.000000e-03 6.539268e-01 2.022519e-01 -5.000000e-03
lattice3Dnl 246 nodes 2 82 106 crossSect 1 mat 1 thickness 1.000000e-02 polycoords 12 6.043401e-01 2.319979e-01 5.000000e-03 6.534645e-01 2.018749e-01 5.000000e-03 6.534645e-01 2.018749e-01 -5.000000e-03 6.043401e-01 2.319979e-01 -5.000000e-03
lattice3Dnl 247 nodes 2 84 107 crossSect 1 mat 1 thickness 1.000000e-02 polycoords 12 7.592804e-01 1.970782e-01 5.000000e-03 7.980571e-01 2.377365e-01 5.000000e-03 7.980571e-01 2.377365e-01 -5.000000e-03 7.592804e-01 1.970782e-01 -5.000000e-03
lattice3Dnl 248 nodes 2 83 107 crossSect 1 mat 1 thickness 1.000000e-02 polycoords 12 6.985679e-01 2.247880e-01 5.000000e-03 7.512717e-01 1.983931e-01 5.000000e-03 7.512717e-01 1.983931e-01 -5.000000e-03 6.985679e-01 2.247880e-01 -5.000000e-03
lattice3Dnl 249 nodes 2 85 107 crossSect 1 mat 1 thickness 1.000000e-02 polycoords 12 7.967799e-01 2.460632e-01 5.000000e-03 7.652845e-01 3.009661e-01 5.000000e-03 7.652845e-01 3.009661e-01 -5.000000e-03 7.967799e-01 2.460632e-01 -5.000000e-03
lattice3Dnl 250 nodes 2 86 108 crossSect 1 mat 1 thickness 1.000000e-02 polycoords 12 7.836890e-01 3.462316e-01 5.000000e-03 7.557131e-01 3.995581e-01 5.000000e-03 7.557131e-01 3.995581e-01 -5.000000e-03 7.836890e-01 3.462316e-01 -5.000000e-03
lattice3Dnl 251 nodes 2 85 108 crossSect 1 mat 1 thickness 1.000000e-02 polycoords 12 7.580524e-01 2.992984e-01 5.000000e-03 7.833657e-01 3.489224e-01 5.000000e-03 7.833657e-01 3.489224e-01 -5.000000e-03 7.580524e-01 2.992984e-01 -5.000000e-03
lattice3Dnl 252 nodes 2 87 109 crossSect 1 mat 1 thickness 1.000000e-02 polycoords 12 7.927205e-01 4.524395e-01 5.000000e-03 7.654964e-01 5.041499e-01 5.000000e-03 7.654964e-01 5.041499e-01 -5.000000e-03 7.927205e-01 4.524395e-01 -5.000000e-03
lattice3Dnl 253 nodes 2 86 109 crossSect 1 mat 1 thickness 1.000000e-02 polycoords 12 7.590487e-01 3.997243e-01 5.000000e-03 7.929190e-01 4.520871e-01 5.000000e-03 7.929190e-01 4.520871e-01 -5.000000e-03 7.590487e-01 3.997243e-01 -5.000000e-03
lattice3Dnl 254 nodes 2 88 110 crossSect 1 mat 1 thickness 1.000000e-02 polycoords 12 7.959798e-01 5.533666e-01 5.000000e-03 7.682506e-01 6.041020e-01 5.000000e-03 7.682506e-01 6.041020e-01 -5.000000e-03 7.959798e-01 5.533666e-01 -5.000000e-03
lattice3Dnl 255 nodes 2 87 110 crossSect 1 mat 1 thickness 1.000000e-02 polycoords 12 7.656832e-01 5.038424e-01 5.000000e-03 7.960982e-01 5.532145e-01 5.000000e-03 7.960982e-01 5.532145e-01 -5.000000e-03 7.656832e-01 5.038424e-01 -5.000000e-03
lattice3Dnl 256 nodes 2 89 111 crossSect 1 mat 1 thickness 1.000000e-02 polycoords 12 7.982718e-01 6.538382e-01 5.000000e-03 7.721123e-01 6.999709e-01 5.000000e-03 7.721123e-01 6.999709e-01 -5.000000e-03 7.982718e-01 6.538382e-01 -5.000000e-03
lattice3Dnl 257 nodes 2 88 111 crossSect 1 mat 1 thickness 1.000000e-02 polycoords 12 7.684750e-01 6.042171e-01 5.000000e-03 7.986201e-01 6.532544e-01 5.000000e-03 7.986201e-01 6.532544e-01 -5.000000e-03 7.684750e-01 6.042171e-01 -5.000000e-03
lattice3Dnl 258 nodes 2 90 112 crossSect 1 mat 1 thickness 1.000000e-02 polycoords 12 8.033100e-01 7.591989e-01 5.000000e-03 7.626758e-01 7.977266e-01 5.000000e-03 7.626758e-01 7.977266e-01 -5.000000e-03 8.033100e-01 7.591989e-01 -5.000000e-03
lattice3Dnl 259 nodes 2 89 112 crossSect 1 mat 1 thickness 1.000000e-02 polycoords 12 7.756168e-01 6.984132e-01 5.000000e-03 8.020028e-01 7.510787e-01 5.000000e-03 8.020028e-01 7.510787e-01 -5.000000e-03 7.756168e-01 6.984132e-01 -5.000000e-03
lattice3Dnl 260 nodes 2 91 112 crossSect 1 mat 1 thickness 1.000000e-02 polycoords 12 7.545126e-01 7.963750e-01 5.000000e-03 6.998531e-01 7.650727e-01 5.000000e-03 6.998531e-01 7.650727e-01 -5.000000e-03 7.545126e-01 7.963750e-01 -5.000000e-03
lattice3Dnl 261 nodes 2 92 113 crossSect 1 mat 1 thickness 1.000000e-02 polycoords 12 6.551673e-01 7.827193e-01 5.000000e-03 6.025026e-01 7.549090e-01 5.000000e-03 6.025026e-01 7.549090e-01 -5.000000e-03 6.551673e-01 7.827193e-01 -5.000000e-03
lattice3Dnl 262 nodes 2 91 113 crossSect 1 mat 1 thickness 1.000000e-02 polycoords 12 7.017552e-01 7.577646e-01 5.000000e-03 6.523599e-01 7.824859e-01 5.000000e-03 6.523599e-01 7.824859e-01 -5.000000e-03 7.017552e-01 7.577646e-01 -5.000000e-03
lattice3Dnl 263 nodes 2 93 114 crossSect 1 mat 1 thickness 1.000000e-02 polycoords 12 5.502608e-01 7.903676e-01 5.000000e-03 4.997445e-01 7.626258e-01 5.000000e-03 4.997445e-01 7.626258e-01 -5.000000e-03 5.502608e-01 7.903676e-01 -5.000000e-03
lattice3Dnl 264 nodes 2 92 114 crossSect 1 mat 1 thickness 1.000000e-02 polycoords 12 6.029241e-01 7.582986e-01 5.000000e-03 5.504477e-01 7.905585e-01 5.000000e-03 5.504477e-01 7.905585e-01 -5.000000e-03 6.029241e-01 7.582986e-01 -5.000000e-03
lattice3Dnl 265 nodes 2 94 115 crossSect 1 mat 1 thickness 1.000000e-02 polycoords 12 4.501988e-01 7.904740e-01 5.000000e-03 3.976727e-01 7.580105e-01 5.000000e-03 3.976727e-01 7.580105e-01 -5.000000e-03 4.501988e-01 7.904740e-01 -5.000000e-03
lattice3Dnl 266 nodes 2 93 115 crossSect 1 mat 1 thickness 1.000000e-02 polycoords 12 5.010218e-01 7.626153e-01 5.000000e-03 4.503518e-01 7.902021e-01 5.000000e-03 4.503518e-01 7.902021e-01 -5.000000e-03 5.010218e-01 7.626153e-01 -5.000000e-03
lattice3Dnl 267 nodes 2 95 116 crossSect 1 mat 1 thickness 1.000000e-02 polycoords 12 3.481524e-01 7.821123e-01 5.000000e-03 2.986085e-01 7.574276e-01 5.000000e-03 2.986085e-01 7.574276e-01 -5.000000e-03 3.481524e-01 7.821123e-01 -5.000000e-03
lattice3Dnl 268 nodes 2 94 116 crossSect 1 mat 1 thickness 1.000000e-02 polycoords 12 3.981132e-01 7.545507e-01 5.000000e-03 3.452180e-01 7.823065e-01 5.000000e-03 3.452180e-01 7.823065e-01 -5.000000e-03 3.981132e-01 7.545507e-01 -5.000000e-03
lattice3Dnl 269 nodes 2 96 117 crossSect 1 mat 1 thickness 1.000000e-02 polycoords 12 2.376894e-01 7.976251e-01 5.000000e-03 1.968088e-01 7.591192e-01 5.000000e-03 1.968088e-01 7.591192e-01 -5.000000e-03 2.376894e-01 7.976251e-01 -5.000000e-03
lattice3Dnl 270 nodes 2 95 117 crossSect 1 mat 1 thickness 1.000000e-02 polycoords 12 3.005818e-01 7.648553e-01 5.000000e-03 2.457284e-01 7.962412e-01 5.000000e-03 2.457284e-01 7.962412e-01 -5.000000e-03 3.005818e-01 7.648553e-01 -5.000000e-03
lattice3Dnl 271 nodes 2 97 117 crossSect 1 mat 1 thickness 1.000000e-02 polycoords 12 1.980913e-01 7.508946e-01 5.000000e-03 2.245515e-01 6.978994e-01 5.000000e-03 2.245515e-01 6.978994e-01 -5.000000e-03 1.980913e-01 7.508946e-01 -5.000000e-03
lattice3Dnl 272 nodes 2 98 118 crossSect 1 mat 1 thickness 1.000000e-02 polycoords 12 2.009210e-01 6.523002e-01 5.000000e-03 2.312264e-01 6.026174e-01 5.000000e-03 2.312264e-01 6.026174e-01 -5.000000e-03 2.009210e-01 6.523002e-01 -5.000000e-03
lattice3Dnl 273 nodes 2 97 118 crossSect 1 mat 1 thickness 1.000000e-02 polycoords 12 2.280665e-01 6.992920e-01 5.000000e-03 2.013340e-01 6.530240e-01 5.000000e-03 2.013340e-01 6.530240e-01 -5.000000e-03 2.280665e-01 6.992920e-01 -5.000000e-03
lattice3Dnl 274 nodes 2 99 119 crossSect 1 mat 1 thickness 1.000000e-02 polycoords 12 2.021768e-01 5.509233e-01 5.000000e-03 2.322144e-01 5.003042e-01 5.000000e-03 2.322144e-01 5.003042e-01 -5.000000e-03 2.021768e-01 5.509233e-01 -5.000000e-03
lattice3Dnl 275 nodes 2 98 119 crossSect 1 mat 1 thickness 1.000000e-02 polycoords 12 2.314747e-01 6.019811e-01 5.000000e-03 2.023301e-01 5.512011e-01 5.000000e-03 2.023301e-01 5.512011e-01 -5.000000e-03 2.314747e-01 6.019811e-01 -5.000000e-03
lattice3Dnl 276 nodes 2 100 120 crossSect 1 mat 1 thickness 1.000000e-02 polycoords 12 2.024037e-01 4.487265e-01 5.000000e-03 2.315879e-01 3.978539e-01 5.000000e-03 2.315879e-01 3.978539e-01 -5.000000e-03 2.024037e-01 4.487265e-01 -5.000000e-03
lattice3Dnl 277 nodes 2 99 120 crossSect 1 mat 1 thickness 1.000000e-02 polycoords 12 2.322435e-01 4.995991e-01 5.000000e-03 2.022390e-01 4.489858e-01 5.000000e-03 2.022390e-01 4.489858e-01 -5.000000e-03 2.322435e-01 4.995991e-01 -5.000000e-03
lattice3Dnl 278 nodes 2 101 121 crossSect 1 mat 1 thickness 1.000000e-02 polycoords 12 2.015143e-01 3.468190e-01 5.000000e-03 2.282209e-01 3.004331e-01 5.000000e-03 2.282209e-01 3.004331e-01 -5.000000e-03 2.015143e-01 3.468190e-01 -5.000000e-03
lattice3Dnl 279 nodes 2 100 121 crossSect 1 mat 1 thickness 1.000000e-02 polycoords 12 2.313896e-01 3.971979e-01 5.000000e-03 2.010348e-01 3.475232e-01 5.000000e-03 2.010348e-01 3.475232e-01 -5.000000e-03 2.313896e-01 3.971979e-01 -5.000000e-03
lattice3Dnl 280 nodes 2 101 102 crossSect 1 mat 1 thickness 1.000000e-02 polycoords 12 2.247629e-01 3.018741e-01 5.000000e-03 1.983489e-01 2.489258e-01 5.000000e-03 1.983489e-01 2.489258e-01 -5.000000e-03 2.247629e-01 3.018741e-01 -5.000000e-03
lattice3Dnl 281 nodes 2 102 103 crossSect 1 mat 1 thickness 1.000000e-02 polycoords 12 2.925584e-01 2.968841e-01 5.000000e-03 3.061906e-01 2.420791e-01 5.000000e-03 3.061906e-01 2.420791e-01 -5.000000e-03 2.925584e-01 2.968841e-01 -5.000000e-03
lattice3Dnl 282 nodes 2 103 104 crossSect 1 mat 1 thickness 1.000000e-02 polycoords 12 4.045476e-01 2.988741e-01 5.000000e-03 3.967917e-01 2.434437e-01 5.000000e-03 3.967917e-01 2.434437e-01 -5.000000e-03 4.045476e-01 2.988741e-01 -5.000000e-03
lattice3Dnl 283 nodes 2 104 105 crossSect 1 mat 1 thickness 1.000000e-02 polycoords 12 5.062874e-01 2.936716e-01 5.000000e-03 5.039634e-01 2.352294e-01 5.000000e-03 5.039634e-01 2.352294e-01 -5.000000e-03 5.062874e-01 2.936716e-01 -5.000000e-03
lattice3Dnl 284 nodes 2 105 106 crossSect 1 mat 1 thickness 1.000000e-02 polycoords 12 6.060138e-01 2.898815e-01 5.000000e-03 6.041564e-01 2.320854e-01 5.000000e-03 6.041564e-01 2.320854e-01 -5.000000e-03 6.060138e-01 2.898815e-01 -5.000000e-03
lattice3Dnl 285 nodes 2 106 107 crossSect 1 mat 1 thickness 1.000000e-02 polycoords 12 7.014774e-01 2.863290e-01 5.000000e-03 6.963511e-01 2.285410e-01 5.000000e-03 6.963511e-01 2.285410e-01 -5.000000e-03 7.014774e-01 2.863290e-01 -5.000000e-03
lattice3Dnl 286 nodes 2 107 108 crossSect 1 mat 1 thickness 1.000000e-02 polycoords 12 7.039030e-01 2.927523e-01 5.000000e-03 7.584265e-01 3.060082e-01 5.000000e-03 7.584265e-01 3.060082e-01 -5.000000e-03 7.039030e-01 2.927523e-01 -5.000000e-03
lattice3Dnl 287 nodes 2 108 109 crossSect 1 mat 1 thickness 1.000000e-02 polycoords 12 7.021340e-01 4.044350e-01 5.000000e-03 7.571699e-01 3.968010e-01 5.000000e-03 7.571699e-01 3.968010e-01 -5.000000e-03 7.021340e-01 4.044350e-01 -5.000000e-03
lattice3Dnl 288 nodes 2 109 110 crossSect 1 mat 1 thickness 1.000000e-02 polycoords 12 7.072791e-01 5.061357e-01 5.000000e-03 7.653190e-01 5.038345e-01 5.000000e-03 7.653190e-01 5.038345e-01 -5.000000e-03 7.072791e-01 5.061357e-01 -5.000000e-03
lattice3Dnl 289 nodes 2 110 111 crossSect 1 mat 1 thickness 1.000000e-02 polycoords 12 7.110764e-01 6.058116e-01 5.000000e-03 7.684602e-01 6.039652e-01 5.000000e-03 7.684602e-01 6.039652e-01 -5.000000e-03 7.110764e-01 6.058116e-01 -5.000000e-03
lattice3Dnl 290 nodes 2 111 112 crossSect 1 mat 1 thickness 1.000000e-02 polycoords 12 7.146174e-01 7.011602e-01 5.000000e-03 7.719580e-01 6.961704e-01 5.000000e-03 7.719580e-01 6.961704e-01 -5.000000e-03 7.146174e-01 7.011602e-01 -5.000000e-03
lattice3Dnl 291 nodes 2 112 113 crossSect 1 mat 1 thickness 1.000000e-02 polycoords 12 7.084763e-01 7.035531e-01 5.000000e-03 6.948753e-01 7.579041e-01 5.000000e-03 6.948753e-01 7.579041e-01 -5.000000e-03 7.084763e-01 7.035531e-01 -5.000000e-03
lattice3Dnl 292 nodes 2 113 114 crossSect 1 mat 1 thickness 1.000000e-02 polycoords 12 5.985647e-01 7.010174e-01 5.000000e-03 6.056019e-01 7.558673e-01 5.000000e-03 6.056019e-01 7.558673e-01 -5.000000e-03 5.985647e-01 7.010174e-01 -5.000000e-03
lattice3Dnl 293 nodes 2 114 115 crossSect 1 mat 1 thickness 1.000000e-02 polycoords 12 5.005003e-01 7.041170e-01 5.000000e-03 5.003741e-01 7.614525e-01 5.000000e-03 5.003741e-01 7.614525e-01 -5.000000e-03 5.005003e-01 7.041170e-01 -5.000000e-03
lattice3Dnl 294 nodes 2 115 116 crossSect 1 mat 1 thickness 1.000000e-02 polycoords 12 4.022510e-01 7.003703e-01 5.000000e-03 3.949469e-01 7.555137e-01 5.000000e-03 3.949469e-01 7.555137e-01 -5.000000e-03 4.022510e-01 7.003703e-01 -5.000000e-03
lattice3Dnl 295 nodes 2 116 117 crossSect 1 mat 1 thickness 1.000000e-02 polycoords 12 2.917381e-01 7.028048e-01 5.000000e-03 3.056129e-01 7.575092e-01 5.000000e-03 3.056129e-01 7.575092e-01 -5.000000e-03 2.917381e-01 7.028048e-01 -5.000000e-03
lattice3Dnl 296 nodes 2 117 118 crossSect 1 mat 1 thickness 1.000000e-02 polycoords 12 2.855749e-01 7.002885e-01 5.000000e-03 2.280516e-01 6.955671e-01 5.000000e-03 2.280516e-01 6.955671e-01 -5.000000e-03 2.855749e-01 7.002885e-01 -5.000000e-03
lattice3Dnl 297 nodes 2 118 119 crossSect 1 mat 1 thickness 1.000000e-02 polycoords 12 2.885892e-01 6.032702e-01 5.000000e-03 2.308150e-01 6.020843e-01 5.000000e-03 2.308150e-01 6.020843e-01 -5.000000e-03 2.885892e-01 6.032702e-01 -5.000000e-03
lattice3Dnl 298 nodes 2 119 120 crossSect 1 mat 1 thickness 1.000000e-02 polycoords 12 2.908599e-01 4.999901e-01 5.000000e-03 2.316346e-01 4.999264e-01 5.000000e-03 2.316346e-01 4.999264e-01 -5.000000e-03 2.908599e-01 4.999901e-01 -5.000000e-03
lattice3Dnl 299 nodes 2 120 121 crossSect 1 mat 1 thickness 1.000000e-02 polycoords 12 2.889174e-01 3.965668e-01 5.000000e-03 2.309361e-01 3.976975e-01 5.000000e-03 2.309361e-01 3.976975e-01 -5.000000e-03 2.889174e-01 3.965668e-01 -5.000000e-03
lattice3Dnl 300 nodes 2 102 121 crossSect 1 mat 1 thickness 1.000000e-02 polycoords 12 2.282677e-01 3.041356e-01 5.000000e-03 2.861177e-01 2.994664e-01 5.000000e-03 2.861177e-01 2.994664e-01 -5.000000e-03 2.282677e-01 3.041356e-01 -5.000000e-03
lattice3Dnl 301 nodes 2 103 121 crossSect 1 mat 1 thickness 1.000000e-02 polycoords 12 2.880567e-01 2.935316e-01 5.000000e-03 3.207166e-01 3.383346e-01 5.000000e-03 3.207166e-01 3.383346e-01 -5.000000e-03 2.880567e-01 2.935316e-01 -5.000000e-03
lattice3Dnl 302 nodes 2 104 122 crossSect 1 mat 1 thickness 1.000000e-02 polycoords 12 4.092675e-01 2.945631e-01 5.000000e-03 4.629902e-01 3.175760e-01 5.000000e-03 4.629902e-01 3.175760e-01 -5.000000e-03 4.092675e-01 2.945631e-01 -5.000000e-03
lattice3Dnl 303 nodes 2 103 122 crossSect 1 mat 1 thickness 1.000000e-02 polycoords 12 3.652488e-01 3.352908e-01 5.000000e-03 4.022373e-01 2.936763e-01 5.000000e-03 4.022373e-01 2.936763e-01 -5.000000e-03 3.652488e-01 3.352908e-01 -5.000000e-03
lattice3Dnl 304 nodes 2 105 123 crossSect 1 mat 1 thickness 1.000000e-02 polycoords 12 5.058978e-01 2.937740e-01 5.000000e-03 5.569722e-01 3.208873e-01 5.000000e-03 5.569722e-01 3.208873e-01 -5.000000e-03 5.058978e-01 2.937740e-01 -5.000000e-03
lattice3Dnl 305 nodes 2 104 123 crossSect 1 mat 1 thickness 1.000000e-02 polycoords 12 4.610405e-01 3.217235e-01 5.000000e-03 5.061766e-01 2.940631e-01 5.000000e-03 5.061766e-01 2.940631e-01 -5.000000e-03 4.610405e-01 3.217235e-01 -5.000000e-03
lattice3Dnl 306 nodes 2 106 124 crossSect 1 mat 1 thickness 1.000000e-02 polycoords 12 6.061429e-01 2.900123e-01 5.000000e-03 6.605581e-01 3.187094e-01 5.000000e-03 6.605581e-01 3.187094e-01 -5.000000e-03 6.061429e-01 2.900123e-01 -5.000000e-03
lattice3Dnl 307 nodes 2 105 124 crossSect 1 mat 1 thickness 1.000000e-02 polycoords 12 5.569895e-01 3.206832e-01 5.000000e-03 6.061906e-01 2.898356e-01 5.000000e-03 6.061906e-01 2.898356e-01 -5.000000e-03 5.569895e-01 3.206832e-01 -5.000000e-03
lattice3Dnl 308 nodes 2 106 108 crossSect 1 mat 1 thickness 1.000000e-02 polycoords 12 6.629724e-01 3.208252e-01 5.000000e-03 7.073303e-01 2.883993e-01 5.000000e-03 7.073303e-01 2.883993e-01 -5.000000e-03 6.629724e-01 3.208252e-01 -5.000000e-03
lattice3Dnl 309 nodes 2 109 125 crossSect 1 mat 1 thickness 1.000000e-02 polycoords 12 7.066016e-01 4.092764e-01 5.000000e-03 6.834389e-01 4.627911e-01 5.000000e-03 6.834389e-01 4.627911e-01 -5.000000e-03 7.066016e-01 4.092764e-01 -5.000000e-03
lattice3Dnl 310 nodes 2 108 125 crossSect 1 mat 1 thickness 1.000000e-02 polycoords 12 6.661238e-01 3.655594e-01 5.000000e-03 7.074443e-01 4.019923e-01 5.000000e-03 7.074443e-01 4.019923e-01 -5.000000e-03 6.661238e-01 3.655594e-01 -5.000000e-03
lattice3Dnl 311 nodes 2 110 126 crossSect 1 mat 1 thickness 1.000000e-02 polycoords 12 7.073648e-01 5.058598e-01 5.000000e-03 6.801484e-01 5.566880e-01 5.000000e-03 6.801484e-01 5.566880e-01 -5.000000e-03 7.073648e-01 5.058598e-01 -5.000000e-03
lattice3Dnl 312 nodes 2 109 126 crossSect 1 mat 1 thickness 1.000000e-02 polycoords 12 6.793207e-01 4.610227e-01 5.000000e-03 7.070814e-01 5.059211e-01 5.000000e-03 7.070814e-01 5.059211e-01 -5.000000e-03 6.793207e-01 4.610227e-01 -5.000000e-03
lattice3Dnl 313 nodes 2 111 127 crossSect 1 mat 1 thickness 1.000000e-02 polycoords 12 7.111479e-01 6.060378e-01 5.000000e-03 6.823659e-01 6.600772e-01 5.000000e-03 6.823659e-01 6.600772e-01 -5.000000e-03 7.111479e-01 6.060378e-01 -5.000000e-03
lattice3Dnl 314 nodes 2 110 127 crossSect 1 mat 1 thickness 1.000000e-02 polycoords 12 6.803685e-01 5.569171e-01 5.000000e-03 7.113070e-01 6.058610e-01 5.000000e-03 7.113070e-01 6.058610e-01 -5.000000e-03 6.803685e-01 5.569171e-01 -5.000000e-03
lattice3Dnl 315 nodes 2 111 113 crossSect 1 mat 1 thickness 1.000000e-02 polycoords 12 6.803456e-01 6.626695e-01 5.000000e-03 7.127380e-01 7.068130e-01 5.000000e-03 7.127380e-01 7.068130e-01 -5.000000e-03 6.803456e-01 6.626695e-01 -5.000000e-03
lattice3Dnl 316 nodes 2 114 128 crossSect 1 mat 1 thickness 1.000000e-02 polycoords 12 5.938229e-01 7.050463e-01 5.000000e-03 5.420909e-01 6.825843e-01 5.000000e-03 5.420909e-01 6.825843e-01 -5.000000e-03 5.938229e-01 7.050463e-01 -5.000000e-03
lattice3Dnl 317 nodes 2 113 128 crossSect 1 mat 1 thickness 1.000000e-02 polycoords 12 6.368793e-01 6.659878e-01 5.000000e-03 6.005999e-01 7.061277e-01 5.000000e-03 6.005999e-01 7.061277e-01 -5.000000e-03 6.368793e-01 6.659878e-01 -5.000000e-03
lattice3Dnl 318 nodes 2 115 129 crossSect 1 mat 1 thickness 1.000000e-02 polycoords 12 5.004959e-01 7.041260e-01 5.000000e-03 4.564393e-01 6.785487e-01 5.000000e-03 4.564393e-01 6.785487e-01 -5.000000e-03 5.004959e-01 7.041260e-01 -5.000000e-03
lattice3Dnl 319 nodes 2 114 129 crossSect 1 mat 1 thickness 1.000000e-02 polycoords 12 5.445254e-01 6.788304e-01 5.000000e-03 5.005059e-01 7.041253e-01 5.000000e-03 5.005059e-01 7.041253e-01 -5.000000e-03 5.445254e-01 6.788304e-01 -5.000000e-03
lattice3Dnl 320 nodes 2 116 130 crossSect 1 mat 1 thickness 1.000000e-02 polycoords 12 4.002434e-01 7.054317e-01 5.000000e-03 3.635685e-01 6.647614e-01 5.000000e-03 3.635685e-01 6.647614e-01 -5.000000e-03 4.002434e-01 7.054317e-01 -5.000000e-03
lattice3Dnl 321 nodes 2 115 130 crossSect 1 mat 1 thickness 1.000000e-02 polycoords 12 4.588867e-01 6.820968e-01 5.000000e-03 4.069259e-01 7.043609e-01 5.000000e-03 4.069259e-01 7.043609e-01 -5.000000e-03 4.588867e-01 6.820968e-01 -5.000000e-03
lattice3Dnl 322 nodes 2 116 118 crossSect 1 mat 1 thickness 1.000000e-02 polycoords 12 3.200940e-01 6.613889e-01 5.000000e-03 2.873574e-01 7.060132e-01 5.000000e-03 2.873574e-01 7.060132e-01 -5.000000e-03 3.200940e-01 6.613889e-01 -5.000000e-03
lattice3Dnl 323 nodes 2 119 131 crossSect 1 mat 1 thickness 1.000000e-02 polycoords 12 2.880591e-01 6.033947e-01 5.000000e-03 3.199441e-01 5.528057e-01 5.000000e-03 3.199441e-01 5.528057e-01 -5.000000e-03 2.880591e-01 6.033947e-01 -5.000000e-03
lattice3Dnl 324 nodes 2 118 131 crossSect 1 mat 1 thickness 1.000000e-02 polycoords 12 3.181775e-01 6.584850e-01 5.000000e-03 2.884369e-01 6.038007e-01 5.000000e-03 2.884369e-01 6.038007e-01 -5.000000e-03 3.181775e-01 6.584850e-01 -5.000000e-03
lattice3Dnl 325 nodes 2 120 132 crossSect 1 mat 1 thickness 1.000000e-02 polycoords 12 2.911222e-01 5.001581e-01 5.000000e-03 3.208973e-01 4.481472e-01 5.000000e-03 3.208973e-01 4.481472e-01 -5.000000e-03 2.911222e-01 5.001581e-01 -5.000000e-03
lattice3Dnl 326 nodes 2 119 132 crossSect 1 mat 1 thickness 1.000000e-02 polycoords 12 3.206882e-01 5.518338e-01 5.000000e-03 2.911382e-01 4.998498e-01 5.000000e-03 2.911382e-01 4.998498e-01 -5.000000e-03 3.206882e-01 5.518338e-01 -5.000000e-03
lattice3Dnl 327 nodes 2 121 133 crossSect 1 mat 1 thickness 1.000000e-02 polycoords 12 2.888486e-01 3.960782e-01 5.000000e-03 3.186889e-01 3.411291e-01 5.000000e-03 3.186889e-01 3.411291e-01 -5.000000e-03 2.888486e-01 3.960782e-01 -5.000000e-03
lattice3Dnl 328 nodes 2 120 133 crossSect 1 mat 1 thickness 1.000000e-02 polycoords 12 3.202763e-01 4.471537e-01 5.000000e-03 2.884642e-01 3.963892e-01 5.000000e-03 2.884642e-01 3.963892e-01 -5.000000e-03 3.202763e-01 4.471537e-01 -5.000000e-03
lattice3Dnl 329 nodes 2 103 133 crossSect 1 mat 1 thickness 1.000000e-02 polycoords 12 3.176468e-01 3.379411e-01 5.000000e-03 3.716192e-01 3.377942e-01 5.000000e-03 3.716192e-01 3.377942e-01 -5.000000e-03 3.176468e-01 3.379411e-01 -5.000000e-03
lattice3Dnl 330 nodes 2 122 133 crossSect 1 mat 1 thickness 1.000000e-02 polycoords 12 3.669303e-01 3.439629e-01 5.000000e-03 4.009568e-01 3.972042e-01 5.000000e-03 4.009568e-01 3.972042e-01 -5.000000e-03 3.669303e-01 3.439629e-01 -5.000000e-03
lattice3Dnl 331 nodes 2 122 123 crossSect 1 mat 1 thickness 1.000000e-02 polycoords 12 4.623815e-01 3.807645e-01 5.000000e-03 4.656400e-01 3.221398e-01 5.000000e-03 4.656400e-01 3.221398e-01 -5.000000e-03 4.623815e-01 3.807645e-01 -5.000000e-03
lattice3Dnl 332 nodes 2 123 124 crossSect 1 mat 1 thickness 1.000000e-02 polycoords 12 5.593881e-01 3.822025e-01 5.000000e-03 5.568041e-01 3.207717e-01 5.000000e-03 5.568041e-01 3.207717e-01 -5.000000e-03 5.593881e-01 3.822025e-01 -5.000000e-03
lattice3Dnl 333 nodes 2 108 124 crossSect 1 mat 1 thickness 1.000000e-02 polycoords 12 6.636259e-01 3.180012e-01 5.000000e-03 6.639978e-01 3.717278e-01 5.000000e-03 6.639978e-01 3.717278e-01 -5.000000e-03 6.636259e-01 3.180012e-01 -5.000000e-03
lattice3Dnl 334 nodes 2 124 125 crossSect 1 mat 1 thickness 1.000000e-02 polycoords 12 6.050150e-01 4.007656e-01 5.000000e-03 6.579357e-01 3.674199e-01 5.000000e-03 6.579357e-01 3.674199e-01 -5.000000e-03 6.050150e-01 4.007656e-01 -5.000000e-03
lattice3Dnl 335 nodes 2 125 126 crossSect 1 mat 1 thickness 1.000000e-02 polycoords 12 6.211780e-01 4.622687e-01 5.000000e-03 6.790843e-01 4.654955e-01 5.000000e-03 6.790843e-01 4.654955e-01 -5.000000e-03 6.211780e-01 4.622687e-01 -5.000000e-03
lattice3Dnl 336 nodes 2 126 127 crossSect 1 mat 1 thickness 1.000000e-02 polycoords 12 6.198073e-01 5.591842e-01 5.000000e-03 6.804534e-01 5.566121e-01 5.000000e-03 6.804534e-01 5.566121e-01 -5.000000e-03 6.198073e-01 5.591842e-01 -5.000000e-03
lattice3Dnl 337 nodes 2 113 127 crossSect 1 mat 1 thickness 1.000000e-02 polycoords 12 6.832622e-01 6.631551e-01 5.000000e-03 6.304266e-01 6.635593e-01 5.000000e-03 6.304266e-01 6.635593e-01 -5.000000e-03 6.832622e-01 6.631551e-01 -5.000000e-03
lattice3Dnl 338 nodes 2 127 128 crossSect 1 mat 1 thickness 1.000000e-02 polycoords 12 6.015944e-01 6.048445e-01 5.000000e-03 6.350701e-01 6.571429e-01 5.000000e-03 6.350701e-01 6.571429e-01 -5.000000e-03 6.015944e-01 6.048445e-01 -5.000000e-03
lattice3Dnl 339 nodes 2 128 129 crossSect 1 mat 1 thickness 1.000000e-02 polycoords 12 5.436791e-01 6.206160e-01 5.000000e-03 5.400011e-01 6.777712e-01 5.000000e-03 5.400011e-01 6.777712e-01 -5.000000e-03 5.436791e-01 6.206160e-01 -5.000000e-03
lattice3Dnl 340 nodes 2 129 130 crossSect 1 mat 1 thickness 1.000000e-02 polycoords 12 4.577923e-01 6.196813e-01 5.000000e-03 4.607990e-01 6.774306e-01 5.000000e-03 4.607990e-01 6.774306e-01 -5.000000e-03 4.577923e-01 6.196813e-01 -5.000000e-03
lattice3Dnl 341 nodes 2 116 131 crossSect 1 mat 1 thickness 1.000000e-02 polycoords 12 3.702007e-01 6.619738e-01 5.000000e-03 3.169889e-01 6.616343e-01 5.000000e-03 3.169889e-01 6.616343e-01 -5.000000e-03 3.702007e-01 6.619738e-01 -5.000000e-03
lattice3Dnl 342 nodes 2 130 131 crossSect 1 mat 1 thickness 1.000000e-02 polycoords 12 3.995024e-01 6.030739e-01 5.000000e-03 3.652102e-01 6.554834e-01 5.000000e-03 3.652102e-01 6.554834e-01 -5.000000e-03 3.995024e-01 6.030739e-01 -5.000000e-03
lattice3Dnl 343 nodes 2 131 132 crossSect 1 mat 1 thickness 1.000000e-02 polycoords 12 3.811643e-01 5.543775e-01 5.000000e-03 3.195231e-01 5.516758e-01 5.000000e-03 3.195231e-01 5.516758e-01 -5.000000e-03 3.811643e-01 5.543775e-01 -5.000000e-03
lattice3Dnl 344 nodes 2 132 133 crossSect 1 mat 1 thickness 1.000000e-02 polycoords 12 3.819485e-01 4.458604e-01 5.000000e-03 3.197706e-01 4.481880e-01 5.000000e-03 3.197706e-01 4.481880e-01 -5.000000e-03 3.819485e-01 4.458604e-01 -5.000000e-03
lattice3Dnl 345 nodes 2 122 134 crossSect 1 mat 1 thickness 1.000000e-02 polycoords 12 4.072366e-01 4.023042e-01 5.000000e-03 4.604356e-01 3.874321e-01 5.000000e-03 4.604356e-01 3.874321e-01 -5.000000e-03 4.072366e-01 4.023042e-01 -5.000000e-03
lattice3Dnl 346 nodes 2 133 134 crossSect 1 mat 1 thickness 1.000000e-02 polycoords 12 3.836724e-01 4.463953e-01 5.000000e-03 4.080639e-01 3.960193e-01 5.000000e-03 4.080639e-01 3.960193e-01 -5.000000e-03 3.836724e-01 4.463953e-01 -5.000000e-03
lattice3Dnl 347 nodes 2 123 134 crossSect 1 mat 1 thickness 1.000000e-02 polycoords 12 4.566254e-01 3.833816e-01 5.000000e-03 5.042333e-01 4.150868e-01 5.000000e-03 5.042333e-01 4.150868e-01 -5.000000e-03 4.566254e-01 3.833816e-01 -5.000000e-03
lattice3Dnl 348 nodes 2 124 135 crossSect 1 mat 1 thickness 1.000000e-02 polycoords 12 5.577507e-01 3.844078e-01 5.000000e-03 6.063238e-01 4.079660e-01 5.000000e-03 6.063238e-01 4.079660e-01 -5.000000e-03 5.577507e-01 3.844078e-01 -5.000000e-03
lattice3Dnl 349 nodes 2 123 135 crossSect 1 mat 1 thickness 1.000000e-02 polycoords 12 5.058139e-01 4.151232e-01 5.000000e-03 5.602658e-01 3.848481e-01 5.000000e-03 5.602658e-01 3.848481e-01 -5.000000e-03 5.058139e-01 4.151232e-01 -5.000000e-03
lattice3Dnl 350 nodes 2 125 135 crossSect 1 mat 1 thickness 1.000000e-02 polycoords 12 5.999123e-01 4.072682e-01 5.000000e-03 6.147826e-01 4.601616e-01 5.000000e-03 6.147826e-01 4.601616e-01 -5.000000e-03 5.999123e-01 4.072682e-01 -5.000000e-03
lattice3Dnl 351 nodes 2 126 135 crossSect 1 mat 1 thickness 1.000000e-02 polycoords 12 6.189028e-01 4.566070e-01 5.000000e-03 5.869071e-01 5.037423e-01 5.000000e-03 5.869071e-01 5.037423e-01 -5.000000e-03 6.189028e-01 4.566070e-01 -5.000000e-03
lattice3Dnl 352 nodes 2 127 136 crossSect 1 mat 1 thickness 1.000000e-02 polycoords 12 6.179278e-01 5.577807e-01 5.000000e-03 5.943808e-01 6.058664e-01 5.000000e-03 5.943808e-01 6.058664e-01 -5.000000e-03 6.179278e-01 5.577807e-01 -5.000000e-03
lattice3Dnl 353 nodes 2 126 136 crossSect 1 mat 1 thickness 1.000000e-02 polycoords 12 5.869133e-01 5.059150e-01 5.000000e-03 6.175595e-01 5.599538e-01 5.000000e-03 6.175595e-01 5.599538e-01 -5.000000e-03 5.869133e-01 5.059150e-01 -5.000000e-03
lattice3Dnl 354 nodes 2 128 136 crossSect 1 mat 1 thickness 1.000000e-02 polycoords 12 5.953233e-01 5.996097e-01 5.000000e-03 5.446090e-01 6.141452e-01 5.000000e-03 5.446090e-01 6.141452e-01 -5.000000e-03 5.953233e-01 5.996097e-01 -5.000000e-03
lattice3Dnl 355 nodes 2 129 136 crossSect 1 mat 1 thickness 1.000000e-02 polycoords 12 5.487589e-01 6.172427e-01 5.000000e-03 5.017270e-01 5.875768e-01 5.000000e-03 5.017270e-01 5.875768e-01 -5.000000e-03 5.487589e-01 6.172427e-01 -5.000000e-03
lattice3Dnl 356 nodes 2 130 137 crossSect 1 mat 1 thickness 1.000000e-02 polycoords 12 4.568310e-01 6.128497e-01 5.000000e-03 4.057005e-01 5.979531e-01 5.000000e-03 4.057005e-01 5.979531e-01 -5.000000e-03 4.568310e-01 6.128497e-01 -5.000000e-03
lattice3Dnl 357 nodes 2 129 137 crossSect 1 mat 1 thickness 1.000000e-02 polycoords 12 4.996127e-01 5.871974e-01 5.000000e-03 4.524857e-01 6.160675e-01 5.000000e-03 4.524857e-01 6.160675e-01 -5.000000e-03 4.996127e-01 5.871974e-01 -5.000000e-03
lattice3Dnl 358 nodes 2 131 137 crossSect 1 mat 1 thickness 1.000000e-02 polycoords 12 4.066055e-01 6.041547e-01 5.000000e-03 3.826772e-01 5.540828e-01 5.000000e-03 3.826772e-01 5.540828e-01 -5.000000e-03 4.066055e-01 6.041547e-01 -5.000000e-03
lattice3Dnl 359 nodes 2 132 137 crossSect 1 mat 1 thickness 1.000000e-02 polycoords 12 3.822175e-01 5.554788e-01 5.000000e-03 4.158809e-01 5.010976e-01 5.000000e-03 4.158809e-01 5.010976e-01 -5.000000e-03 3.822175e-01 5.554788e-01 -5.000000e-03
lattice3Dnl 360 nodes 2 132 134 crossSect 1 mat 1 thickness 1.000000e-02 polycoords 12 4.161783e-01 4.994941e-01 5.000000e-03 3.833294e-01 4.447200e-01 5.000000e-03 3.833294e-01 4.447200e-01 -5.000000e-03 4.161783e-01 4.994941e-01 -5.000000e-03
lattice3Dnl 361 nodes 2 134 135 crossSect 1 mat 1 thickness 1.000000e-02 polycoords 12 5.031115e-01 4.631677e-01 5.000000e-03 5.050520e-01 4.138086e-01 5.000000e-03 5.050520e-01 4.138086e-01 -5.000000e-03 5.031115e-01 4.631677e-01 -5.000000e-03
lattice3Dnl 362 nodes 2 135 136 crossSect 1 mat 1 thickness 1.000000e-02 polycoords 12 5.388044e-01 5.029413e-01 5.000000e-03 5.886579e-01 5.048173e-01 5.000000e-03 5.886579e-01 5.048173e-01 -5.000000e-03 5.388044e-01 5.029413e-01 -5.000000e-03
lattice3Dnl 363 nodes 2 136 137 crossSect 1 mat 1 thickness 1.000000e-02 polycoords 12 5.011841e-01 5.396504e-01 5.000000e-03 5.003399e-01 5.890829e-01 5.000000e-03 5.003399e-01 5.890829e-01 -5.000000e-03 5.011841e-01 5.396504e-01 -5.000000e-03
lattice3Dnl 364 nodes 2 134 137 crossSect 1 mat 1 thickness 1.000000e-02 polycoords 12 4.147165e-01 5.000379e-01 5.000000e-03 4.642924e-01 5.007696e-01 5.000000e-03 4.642924e-01 5.007696e-01 -5.000000e-03 4.147165e-01 5.000379e-01 -5.000000e-03
lattice3Dnl 365 nodes 2 5 135 crossSect 1 mat 1 thickness 1.000000e-02 polycoords 12 5.483182e-01 4.941029e-01 5.000000e-03 5.130248e-01 4.539466e-01 5.000000e-03 5.130248e-01 4.539466e-01 -5.000000e-03 5.483182e-01 4.941029e-01 -5.000000e-03
lattice3Dnl 366 nodes 2 5 134 crossSect 1 mat 1 thickness 1.000000e-02 polycoords 12 4.933995e-01 4.531520e-01 5.000000e-03 4.540788e-01 4.891850e-01 5.000000e-03 4.540788e-01 4.891850e-01 -5.000000e-03 4.933995e-01 4.531520e-01 -5.000000e-03
lattice3Dnl 367 nodes 2 5 136 crossSect 1 mat 1 thickness 1.000000e-02 polycoords 12 5.085866e-01 5.482781e-01 5.000000e-03 5.476727e-01 5.119770e-01 5.000000e-03 5.476727e-01 5.119770e-01 -5.000000e-03 5.085866e-01 5.482781e-01 -5.000000e-03
lattice3Dnl 368 nodes 2 5 137 crossSect 1 mat 1 thickness 1.000000e-02 polycoords 12 4.538166e-01 5.116112e-01 5.000000e-03 4.928660e-01 5.479190e-01 5.000000e-03 4.928660e-01 5.479190e-01 -5.000000e-03 4.538166e-01 5.116112e-01 -5.000000e-03
LatticeCS 1 material 1 shape 2
LatticeFrameElastic 1 d 2400. tAlpha 0.0 E 30.e9 n 0.0
NodalLoad 1 loadTimeFunction 2 dofs 3 1 2 3 components 3 0.000000e+00 0.000000e+00 -2.177940e-01 set 9
NodalLoad 2 loadTimeFunction 2 dofs 3 1 2 3 components 3 0.000000e+00 0.000000e+00 -2.177972e-01 set 10
NodalLoad 3 loadTimeFunction 2 dofs 3 1 2 3 components 3 0.000000e+00 0.000000e+00 -2.177828e-01 set 11
NodalLoad 4 loadTimeFunction 2 dofs 3 1 2 3 components 3 0.000000e+00 0.000000e+00 -2.177651e-01 set 12
NodalLoad 5 loadTimeFunction 2 dofs 3 1 2 3 components 3 0.000000e+00 0.000000e+00 -4.278635e-01 set 13
NodalLoad 6 loadTimeFunction 2 dofs 3 1 2 3 components 3 0.000000e+00 0.000000e+00 -3.412028e-01 set 14
NodalLoad 7 loadTimeFunction 2 dofs 3 1 2 3 components 3 0.000000e+00 0.000000e+00 -4.268963e-01 set 15
NodalLoad 8 loadTimeFunction 2 dofs 3 1 2 3 components 3 0.000000e+00 0.000000e+00 -4.530643e-01 set 16
NodalLoad 9 loadTimeFunction 2 dofs 3 1 2 3 components 3 0.000000e+00 0.000000e+00 -4.499286e-01 set 17
NodalLoad 10 loadTimeFunction 2 dofs 3 1 2 3 components 3 0.000000e+00 0.000000e+00 -4.434594e-01 set 18
NodalLoad 11 loadTimeFunction 2 dofs 3 1 2 3 components 3 0.000000e+00 0.000000e+00 -4.382346e-01 set 19
NodalLoad 12 loadTimeFunction 2 dofs 3 1 2 3 components 3 0.000000e+00 0.000000e+00 -4.388360e-01 set 20
NodalLoad 13 loadTimeFunction 2 dofs 3 1 2 3 components 3 0.000000e+00 0.000000e+00 -4.185245e-01 set 21
NodalLoad 14 loadTimeFunction 2 dofs 3 1 2 3 components 3 0.000000e+00 0.000000e+00 -3.385437e-01 set 22
NodalLoad 15 loadTimeFunction 2 dofs 3 1 2 3 components 3 0.000000e+00 0.000000e+00 -3.414329e-01 set 23
NodalLoad 16 loadTimeFunction 2 dofs 3 1 2 3 components 3 0.000000e+00 0.000000e+00 -4.271224e-01 set 24
NodalLoad 17 loadTimeFunction 2 dofs 3 1 2 3 components 3 0.000000e+00 0.000000e+00 -4.530730e-01 set 25
NodalLoad 18 loadTimeFunction 2 dofs 3 1 2 3 components 3 0.000000e+00 0.000000e+00 -4.496685e-01 set 26
NodalLoad 19 loadTimeFunction 2 dofs 3 1 2 3 components 3 0.000000e+00 0.000000e+00 -4.430068e-01 set 27
NodalLoad 20 loadTimeFunction 2 dofs 3 1 2 3 components 3 0.000000e+00 0.000000e+00 -4.377136e-01 set 28
NodalLoad 21 loadTimeFunction 2 dofs 3 1 2 3 components 3 0.000000e+00 0.000000e+00 -4.383295e-01 set 29
NodalLoad 22 loadTimeFunction 2 dofs 3 1 2 3 components 3 0.000000e+00 0.000000e+00 -4.181403e-01 set 30
NodalLoad 23 loadTimeFunction 2 dofs 3 1 2 3 components 3 0.000000e+00 0.000000e+00 -3.383650e-01 set 31
NodalLoad 24 loadTimeFunction 2 dofs 3 1 2 3 components 3 0.000000e+00 0.000000e+00 -3.415355e-01 set 32
NodalLoad 25 loadTimeFunction 2 dofs 3 1 2 3 components 3 0.000000e+00 0.000000e+00 -4.275302e-01 set 33
NodalLoad 26 loadTimeFunction 2 dofs 3 1 2 3 components 3 0.000000e+00 0.000000e+00 -4.544278e-01 set 34
NodalLoad 27 loadTimeFunction 2 dofs 3 1 2 3 components 3 0.000000e+00 0.000000e+00 -4.536181e-01 set 35
NodalLoad 28 loadTimeFunction 2 dofs 3 1 2 3 components 3 0.000000e+00 0.000000e+00 -4.525490e-01 set 36
NodalLoad 29 loadTimeFunction 2 dofs 3 1 2 3 components 3 0.000000e+00 0.000000e+00 -4.533659e-01 set 37
NodalLoad 30 loadTimeFunction 2 dofs 3 1 2 3 components 3 0.000000e+00 0.000000e+00 -4.538788e-01 set 38
NodalLoad 31 loadTimeFunction 2 dofs 3 1 2 3 components 3 0.000000e+00 0.000000e+00 -4.268527e-01 set 39
NodalLoad 32 loadTimeFunction 2 dofs 3 1 2 3 components 3 0.000000e+00 0.000000e+00 -3.410333e-01 set 40
NodalLoad 33 loadTimeFunction 2 dofs 3 1 2 3 components 3 0.000000e+00 0.000000e+00 -3.388372e-01 set 41
NodalLoad 34 loadTimeFunction 2 dofs 3 1 2 3 components 3 0.000000e+00 0.000000e+00 -4.187668e-01 set 42
NodalLoad 35 loadTimeFunction 2 dofs 3 1 2 3 components 3 0.000000e+00 0.000000e+00 -4.383533e-01 set 43
NodalLoad 36 loadTimeFunction 2 dofs 3 1 2 3 components 3 0.000000e+00 0.000000e+00 -4.353948e-01 set 44
NodalLoad 37 loadTimeFunction 2 dofs 3 1 2 3 components 3 0.000000e+00 0.000000e+00 -4.350984e-01 set 45
NodalLoad 38 loadTimeFunction 2 dofs 3 1 2 3 components 3 0.000000e+00 0.000000e+00 -4.353935e-01 set 46
NodalLoad 39 loadTimeFunction 2 dofs 3 1 2 3 components 3 0.000000e+00 0.000000e+00 -4.385079e-01 set 47
NodalLoad 40 loadTimeFunction 2 dofs 3 1 2 3 components 3 0.000000e+00 0.000000e+00 -4.191833e-01 set 48
NodalLoad 41 loadTimeFunction 2 dofs 3 1 2 3 components 3 0.000000e+00 0.000000e+00 -3.389867e-01 set 49
NodalLoad 42 loadTimeFunction 2 dofs 3 1 2 3 components 3 0.000000e+00 0.000000e+00 -5.157022e-01 set 50
NodalLoad 43 loadTimeFunction 2 dofs 3 1 2 3 components 3 0.000000e+00 0.000000e+00 -8.018010e-01 set 51
NodalLoad 44 loadTimeFunction 2 dofs 3 1 2 3 components 3 0.000000e+00 0.000000e+00 -9.462707e-01 set 52
NodalLoad 45 loadTimeFunction 2 dofs 3 1 2 3 components 3 0.000000e+00 0.000000e+00 -9.231348e-01 set 53
NodalLoad 46 loadTimeFunction 2 dofs 3 1 2 3 components 3 0.000000e+00 0.000000e+00 -9.042307e-01 set 54
NodalLoad 47 loadTimeFunction 2 dofs 3 1 2 3 components 3 0.000000e+00 0.000000e+00 -8.829743e-01 set 55
NodalLoad 48 loadTimeFunction 2 dofs 3 1 2 3 components 3 0.000000e+00 0.000000e+00 -8.781898e-01 set 56
NodalLoad 49 loadTimeFunction 2 dofs 3 1 2 3 components 3 0.000000e+00 0.000000e+00 -9.139555e-01 set 57
NodalLoad 50 loadTimeFunction 2 dofs 3 1 2 3 components 3 0.000000e+00 0.000000e+00 -7.942759e-01 set 58
NodalLoad 51 loadTimeFunction 2 dofs 3 1 2 3 components 3 0.000000e+00 0.000000e+00 -5.156881e-01 set 59
NodalLoad 52 loadTimeFunction 2 dofs 3 1 2 3 components 3 0.000000e+00 0.000000e+00 -8.020671e-01 set 60
NodalLoad 53 loadTimeFunction 2 dofs 3 1 2 3 components 3 0.000000e+00 0.000000e+00 -9.460987e-01 set 61
NodalLoad 54 loadTimeFunction 2 dofs 3 1 2 3 components 3 0.000000e+00 0.000000e+00 -9.223321e-01 set 62
NodalLoad 55 loadTimeFunction 2 dofs 3 1 2 3 components 3 0.000000e+00 0.000000e+00 -9.030274e-01 set 63
NodalLoad 56 loadTimeFunction 2 dofs 3 1 2 3 components 3 0.000000e+00 0.000000e+00 -8.816435e-01 set 64
NodalLoad 57 loadTimeFunction 2 dofs 3 1 2 3 components 3 0.000000e+00 0.000000e+00 -8.768395e-01 set 65
NodalLoad 58 loadTimeFunction 2 dofs 3 1 2 3 components 3 0.000000e+00 0.000000e+00 -9.127060e-01 set 66
NodalLoad 59 loadTimeFunction 2 dofs 3 1 2 3 components 3 0.000000e+00 0.000000e+00 -7.935843e-01 set 67
NodalLoad 60 loadTimeFunction 2 dofs 3 1 2 3 components 3 0.000000e+00 0.000000e+00 -5.155621e-01 set 68
NodalLoad 61 loadTimeFunction 2 dofs 3 1 2 3 components 3 0.000000e+00 0.000000e+00 -8.017185e-01 set 69
NodalLoad 62 loadTimeFunction 2 dofs 3 1 2 3 components 3 0.000000e+00 0.000000e+00 -9.455376e-01 set 70
NodalLoad 63 loadTimeFunction 2 dofs 3 1 2 3 components 3 0.000000e+00 0.000000e+00 -9.236576e-01 set 71
NodalLoad 64 loadTimeFunction 2 dofs 3 1 2 3 components 3 0.000000e+00 0.000000e+00 -9.124576e-01 set 72
NodalLoad 65 loadTimeFunction 2 dofs 3 1 2 3 components 3 0.000000e+00 0.000000e+00 -9.128285e-01 set 73
NodalLoad 66 loadTimeFunction 2 dofs 3 1 2 3 components 3 0.000000e+00 0.000000e+00 -9.241937e-01 set 74
NodalLoad 67 loadTimeFunction 2 dofs 3 1 2 3 components 3 0.000000e+00 0.000000e+00 -9.456325e-01 set 75
NodalLoad 68 loadTimeFunction 2 dofs 3 1 2 3 components 3 0.000000e+00 0.000000e+00 -8.014924e-01 set 76
NodalLoad 69 loadTimeFunction 2 dofs 3 1 2 3 components 3 0.000000e+00 0.000000e+00 -5.156181e-01 set 77
NodalLoad 70 loadTimeFunction 2 dofs 3 1 2 3 components 3 0.000000e+00 0.000000e+00 -7.949228e-01 set 78
NodalLoad 71 loadTimeFunction 2 dofs 3 1 2 3 components 3 0.000000e+00 0.000000e+00 -9.151279e-01 set 79
NodalLoad 72 loadTimeFunction 2 dofs 3 1 2 3 components 3 0.000000e+00 0.000000e+00 -8.779824e-01 set 80
NodalLoad 73 loadTimeFunction 2 dofs 3 1 2 3 components 3 0.000000e+00 0.000000e+00 -8.755095e-01 set 81
NodalLoad 74 loadTimeFunction 2 dofs 3 1 2 3 components 3 0.000000e+00 0.000000e+00 -8.756750e-01 set 82
NodalLoad 75 loadTimeFunction 2 dofs 3 1 2 3 components 3 0.000000e+00 0.000000e+00 -8.785555e-01 set 83
NodalLoad 76 loadTimeFunction 2 dofs 3 1 2 3 components 3 0.000000e+00 0.000000e+00 -9.157376e-01 set 84
NodalLoad 77 loadTimeFunction 2 dofs 3 1 2 3 components 3 0.000000e+00 0.000000e+00 -7.952464e-01 set 85
NodalLoad 78 loadTimeFunction 2 dofs 3 1 2 3 components 3 0.000000e+00 0.000000e+00 -1.114091e+00 set 86
NodalLoad 79 loadTimeFunction 2 dofs 3 1 2 3 components 3 0.000000e+00 0.000000e+00 -9.464152e-01 set 87
NodalLoad 80 loadTimeFunction 2 dofs 3 1 2 3 components 3 0.000000e+00 0.000000e+00 -9.587129e-01 set 88
NodalLoad 81 loadTimeFunction 2 dofs 3 1 2 3 components 3 0.000000e+00 0.000000e+00 -8.915601e-01 set 89
NodalLoad 82 loadTimeFunction 2 dofs 3 1 2 3 components 3 0.000000e+00 0.000000e+00 -8.716793e-01 set 90
NodalLoad 83 loadTimeFunction 2 dofs 3 1 2 3 components 3 0.000000e+00 0.000000e+00 -8.596767e-01 set 91
NodalLoad 84 loadTimeFunction 2 dofs 3 1 2 3 components 3 0.000000e+00 0.000000e+00 -1.112211e+00 set 92
NodalLoad 85 loadTimeFunction 2 dofs 3 1 2 3 components 3 0.000000e+00 0.000000e+00 -9.437332e-01 set 93
NodalLoad 86 loadTimeFunction 2 dofs 3 1 2 3 components 3 0.000000e+00 0.000000e+00 -9.550193e-01 set 94
NodalLoad 87 loadTimeFunction 2 dofs 3 1 2 3 components 3 0.000000e+00 0.000000e+00 -8.885613e-01 set 95
NodalLoad 88 loadTimeFunction 2 dofs 3 1 2 3 components 3 0.000000e+00 0.000000e+00 -8.686815e-01 set 96
NodalLoad 89 loadTimeFunction 2 dofs 3 1 2 3 components 3 0.000000e+00 0.000000e+00 -8.571068e-01 set 97
NodalLoad 90 loadTimeFunction 2 dofs 3 1 2 3 components 3 0.000000e+00 0.000000e+00 -1.109450e+00 set 98
NodalLoad 91 loadTimeFunction 2 dofs 3 1 2 3 components 3 0.000000e+00 0.000000e+00 -9.382381e-01 set 99
NodalLoad 92 loadTimeFunction 2 dofs 3 1 2 3 components 3 0.000000e+00 0.000000e+00 -9.476032e-01 set 100
NodalLoad 93 loadTimeFunction 2 dofs 3 1 2 3 components 3 0.000000e+00 0.000000e+00 -8.949961e-01 set 101
NodalLoad 94 loadTimeFunction 2 dofs 3 1 2 3 components 3 0.000000e+00 0.000000e+00 -9.515985e-01 set 102
NodalLoad 95 loadTimeFunction 2 dofs 3 1 2 3 components 3 0.000000e+00 0.000000e+00 -9.426357e-01 set 103
NodalLoad 96 loadTimeFunction 2 dofs 3 1 2 3 components 3 0.000000e+00 0.000000e+00 -1.112977e+00 set 104
NodalLoad 97 loadTimeFunction 2 dofs 3 1 2 3 components 3 0.000000e+00 0.000000e+00 -8.629507e-01 set 105
NodalLoad 98 loadTimeFunction 2 dofs 3 1 2 3 components 3 0.000000e+00 0.000000e+00 -8.770448e-01 set 106
NodalLoad 99 loadTimeFunction 2 dofs 3 1 2 3 components 3 0.000000e+00 0.000000e+00 -8.862491e-01 set 107
NodalLoad 100 loadTimeFunction 2 dofs 3 1 2 3 components 3 0.000000e+00 0.000000e+00 -8.784532e-01 set 108
NodalLoad 101 loadTimeFunction 2 dofs 3 1 2 3 components 3 0.000000e+00 0.000000e+00 -8.640320e-01 set 109
NodalLoad 102 loadTimeFunction 2 dofs 3 1 2 3 components 3 0.000000e+00 0.000000e+00 -6.777560e-01 set 110
NodalLoad 103 loadTimeFunction 2 dofs 3 1 2 3 components 3 0.000000e+00 0.000000e+00 -1.061563e+00 set 111
NodalLoad 104 loadTimeFunction 2 dofs 3 1 2 3 components 3 0.000000e+00 0.000000e+00 -8.682018e-01 set 112
NodalLoad 105 loadTimeFunction 2 dofs 3 1 2 3 components 3 0.000000e+00 0.000000e+00 -8.749451e-01 set 113
NodalLoad 106 loadTimeFunction 2 dofs 3 1 2 3 components 3 0.000000e+00 0.000000e+00 -8.487881e-01 set 114
NodalLoad 107 loadTimeFunction 2 dofs 3 1 2 3 components 3 0.000000e+00 0.000000e+00 -6.739328e-01 set 115
NodalLoad 108 loadTimeFunction 2 dofs 3 1 2 3 components 3 0.000000e+00 0.000000e+00 -1.049932e+00 set 116
NodalLoad 109 loadTimeFunction 2 dofs 3 1 2 3 components 3 0.000000e+00 0.000000e+00 -8.615272e-01 set 117
NodalLoad 110 loadTimeFunction 2 dofs 3 1 2 3 components 3 0.000000e+00 0.000000e+00 -8.683265e-01 set 118
NodalLoad 111 loadTimeFunction 2 dofs 3 1 2 3 components 3 0.000000e+00 0.000000e+00 -8.415601e-01 set 119
NodalLoad 112 loadTimeFunction 2 dofs 3 1 2 3 components 3 0.000000e+00 0.000000e+00 -6.690885e-01 set 120
NodalLoad 113 loadTimeFunction 2 dofs 3 1 2 3 components 3 0.000000e+00 0.000000e+00 -1.031047e+00 set 121
NodalLoad 114 loadTimeFunction 2 dofs 3 1 2 3 components 3 0.000000e+00 0.000000e+00 -8.304384e-01 set 122
NodalLoad 115 loadTimeFunction 2 dofs 3 1 2 3 components 3 0.000000e+00 0.000000e+00 -8.346591e-01 set 123
NodalLoad 116 loadTimeFunction 2 dofs 3 1 2 3 components 3 0.000000e+00 0.000000e+00 -1.044982e+00 set 124
NodalLoad 117 loadTimeFunction 2 dofs 3 1 2 3 components 3 0.000000e+00 0.000000e+00 -6.749877e-01 set 125
NodalLoad 118 loadTimeFunction 2 dofs 3 1 2 3 components 3 0.000000e+00 0.000000e+00 -8.576372e-01 set 126
NodalLoad 119 loadTimeFunction 2 dofs 3 1 2 3 components 3 0.000000e+00 0.000000e+00 -9.046423e-01 set 127
NodalLoad 120 loadTimeFunction 2 dofs 3 1 2 3 components 3 0.000000e+00 0.000000e+00 -9.073505e-01 set 128
NodalLoad 121 loadTimeFunction 2 dofs 3 1 2 3 components 3 0.000000e+00 0.000000e+00 -8.625699e-01 set 129
NodalLoad 122 loadTimeFunction 2 dofs 3 1 2 3 components 3 0.000000e+00 0.000000e+00 -6.674832e-01 set 130
NodalLoad 123 loadTimeFunction 2 dofs 3 1 2 3 components 3 0.000000e+00 0.000000e+00 -8.867979e-01 set 131
NodalLoad 124 loadTimeFunction 2 dofs 3 1 2 3 components 3 0.000000e+00 0.000000e+00 -8.869601e-01 set 132
NodalLoad 125 loadTimeFunction 2 dofs 3 1 2 3 components 3 0.000000e+00 0.000000e+00 -6.566585e-01 set 133
NodalLoad 126 loadTimeFunction 2 dofs 3 1 2 3 components 3 0.000000e+00 0.000000e+00 -8.757846e-01 set 134
NodalLoad 127 loadTimeFunction 2 dofs 3 1 2 3 components 3 0.000000e+00 0.000000e+00 -8.714734e-01 set 135
NodalLoad 128 loadTimeFunction 2 dofs 3 1 2 3 components 3 0.000000e+00 0.000000e+00 -6.281192e-01 set 136
NodalLoad 129 loadTimeFunction 2 dofs 3 1 2 3 components 3 0.000000e+00 0.000000e+00 -7.730522e-01 set 137
NodalLoad 130 loadTimeFunction 2 dofs 3 1 2 3 components 3 0.000000e+00 0.000000e+00 -6.389047e-01 set 138
NodalLoad 131 loadTimeFunction 2 dofs 3 1 2 3 components 3 0.000000e+00 0.000000e+00 -9.063333e-01 set 139
NodalLoad 132 loadTimeFunction 2 dofs 3 1 2 3 components 3 0.000000e+00 0.000000e+00 -9.966788e-01 set 140
NodalLoad 133 loadTimeFunction 2 dofs 3 1 2 3 components 3 0.000000e+00 0.000000e+00 -9.202910e-01 set 141
NodalLoad 134 loadTimeFunction 2 dofs 3 1 2 3 components 3 0.000000e+00 0.000000e+00 -1.014136e+00 set 142
NodalLoad 135 loadTimeFunction 2 dofs 3 1 2 3 components 3 0.000000e+00 0.000000e+00 -9.942569e-01 set 143
NodalLoad 136 loadTimeFunction 2 dofs 3 1 2 3 components 3 0.000000e+00 0.000000e+00 -9.729424e-01 set 144
NodalLoad 137 loadTimeFunction 2 dofs 3 1 2 3 components 3 0.000000e+00 0.000000e+00 -9.926803e-01 set 145
BoundaryCondition 138 loadTimeFunction 1 dofs 1 3 values 1 0.000000e+00 set 1
BoundaryCondition 139 loadTimeFunction 1 dofs 1 3 values 1 0.000000e+00 set 2
BoundaryCondition 140 loadTimeFunction 1 dofs 1 3 values 1 0.000000e+00 set 3
BoundaryCondition 141 loadTimeFunction 1 dofs 1 3 values 1 0.000000e+00 set 4
BoundaryCondition 142 loadTimeFunction 1 dofs 3 1 2 3 values 3 0.000000e+00 0.000000e+00 0.000000e+00 set 5
BoundaryCondition 143 loadTimeFunction 1 dofs 2 2 3 values 2 0.000000e+00 0.000000e+00 set 6
BoundaryCondition 144 loadTimeFunction 1 dofs 1 3 values 1 0.000000e+00 set 7
BoundaryCondition 145 loadTimeFunction 1 dofs 1 3 values 1 0.000000e+00 set 8
ConstantFunction 1 f(t) 1.0
# Triangular pulse: peak at t = 0.5 ms, end at 1 ms, then zero for the
# rest of the analysis (free vibration / dissipation phase).
PiecewiseLinFunction 2 nPoints 4 t 4 0.0 0.0005 0.001 0.02 f(t) 4 0.0 1.0 0.0 0.0
set 1 nodes 9 6 7 8 9 10 11 12 13 14
set 2 nodes 9 15 16 17 18 19 20 21 22 23
set 3 nodes 9 24 25 26 27 28 29 30 31 32
set 4 nodes 9 33 34 35 36 37 38 39 40 41
set 5 nodes 1 1
set 6 nodes 1 2
set 7 nodes 1 3
set 8 nodes 1 4
set 9 nodes 1 1
set 10 nodes 1 2
set 11 nodes 1 3
set 12 nodes 1 4
set 13 nodes 1 5
set 14 nodes 1 6
set 15 nodes 1 7
set 16 nodes 1 8
set 17 nodes 1 9
set 18 nodes 1 10
set 19 nodes 1 11
set 20 nodes 1 12
set 21 nodes 1 13
set 22 nodes 1 14
set 23 nodes 1 15
set 24 nodes 1 16
set 25 nodes 1 17
set 26 nodes 1 18
set 27 nodes 1 19
set 28 nodes 1 20
set 29 nodes 1 21
set 30 nodes 1 22
set 31 nodes 1 23
set 32 nodes 1 24
set 33 nodes 1 25
set 34 nodes 1 26
set 35 nodes 1 27
set 36 nodes 1 28
set 37 nodes 1 29
set 38 nodes 1 30
set 39 nodes 1 31
set 40 nodes 1 32
set 41 nodes 1 33
set 42 nodes 1 34
set 43 nodes 1 35
set 44 nodes 1 36
set 45 nodes 1 37
set 46 nodes 1 38
set 47 nodes 1 39
set 48 nodes 1 40
set 49 nodes 1 41
set 50 nodes 1 42
set 51 nodes 1 43
set 52 nodes 1 44
set 53 nodes 1 45
set 54 nodes 1 46
set 55 nodes 1 47
set 56 nodes 1 48
set 57 nodes 1 49
set 58 nodes 1 50
set 59 nodes 1 51
set 60 nodes 1 52
set 61 nodes 1 53
set 62 nodes 1 54
set 63 nodes 1 55
set 64 nodes 1 56
set 65 nodes 1 57
set 66 nodes 1 58
set 67 nodes 1 59
set 68 nodes 1 60
set 69 nodes 1 61
set 70 nodes 1 62
set 71 nodes 1 63
set 72 nodes 1 64
set 73 nodes 1 65
set 74 nodes 1 66
set 75 nodes 1 67
set 76 nodes 1 68
set 77 nodes 1 69
set 78 nodes 1 70
set 79 nodes 1 71
set 80 nodes 1 72
set 81 nodes 1 73
set 82 nodes 1 74
set 83 nodes 1 75
set 84 nodes 1 76
set 85 nodes 1 77
set 86 nodes 1 78
set 87 nodes 1 79
set 88 nodes 1 80
set 89 nodes 1 81
set 90 nodes 1 82
set 91 nodes 1 83
set 92 nodes 1 84
set 93 nodes 1 85
set 94 nodes 1 86
set 95 nodes 1 87
set 96 nodes 1 88
set 97 nodes 1 89
set 98 nodes 1 90
set 99 nodes 1 91
set 100 nodes 1 92
set 101 nodes 1 93
set 102 nodes 1 94
set 103 nodes 1 95
set 104 nodes 1 96
set 105 nodes 1 97
set 106 nodes 1 98
set 107 nodes 1 99
set 108 nodes 1 100
set 109 nodes 1 101
set 110 nodes 1 102
set 111 nodes 1 103
set 112 nodes 1 104
set 113 nodes 1 105
set 114 nodes 1 106
set 115 nodes 1 107
set 116 nodes 1 108
set 117 nodes 1 109
set 118 nodes 1 110
set 119 nodes 1 111
set 120 nodes 1 112
set 121 nodes 1 113
set 122 nodes 1 114
set 123 nodes 1 115
set 124 nodes 1 116
set 125 nodes 1 117
set 126 nodes 1 118
set 127 nodes 1 119
set 128 nodes 1 120
set 129 nodes 1 121
set 130 nodes 1 122
set 131 nodes 1 123
set 132 nodes 1 124
set 133 nodes 1 125
set 134 nodes 1 126
set 135 nodes 1 127
set 136 nodes 1 128
set 137 nodes 1 129
set 138 nodes 1 130
set 139 nodes 1 131
set 140 nodes 1 132
set 141 nodes 1 133
set 142 nodes 1 134
set 143 nodes 1 135
set 144 nodes 1 136
set 145 nodes 1 137



#%BEGIN_CHECK%
#DOFMAN number 37 dof 3 type d
#REACTION number 33 dof 3
#REACTION number 35 dof 3
#REACTION number 37 dof 3
#TIME
#%END_CHECK%
